job_id,skill,skill_category
5843766527,Databricks,Data Engineering
5680120020,Excel,Spreadsheet
5812614536,Power BI,BI / Visualization
5781956391,Machine Learning,Machine Learning
5781956391,Python,Programming
5781956391,SQL,Database / Query
5727098377,Looker,BI / Visualization
5727098377,Power BI,BI / Visualization
5727098377,Python,Programming
5727098377,SQL,Database / Query
5724515432,Excel,Spreadsheet
5831395731,SQL,Database / Query
5831395731,Tableau,BI / Visualization
5832798180,Excel,Spreadsheet
5832798180,Pandas,Programming
5832798180,Power BI,BI / Visualization
5832798180,Python,Programming
5832798180,SQL,Database / Query
5832798180,Tableau,BI / Visualization
5801030174,Azure,Cloud
5801030174,ELT,Data Engineering
5801030174,ETL,Data Engineering
5801030174,Python,Programming
5801030174,SQL,Database / Query
5801030174,SQL Server,Database / Query
5801030174,SSIS,Data Engineering
5781956424,SQL,Database / Query
5727143467,Python,Programming
5727143467,SQL,Database / Query
5800765376,Excel,Spreadsheet
5800765376,Power BI,BI / Visualization
5800765376,Statistics,Statistics / Analytics
5800765376,Tableau,BI / Visualization
5681009000,BigQuery,Cloud / Warehouse
5681009000,NumPy,Programming
5681009000,Pandas,Programming
5681009000,PostgreSQL,Database / Query
5681009000,Python,Programming
5681009000,SQL,Database / Query
5814494533,Hadoop,Data Engineering
5814494533,Python,Programming
5814494533,SQL,Database / Query
5814494533,Spark,Data Engineering
5777073838,Data Warehousing,Data Engineering
5777073838,ETL,Data Engineering
5777073838,Excel,Spreadsheet
5777073838,Power BI,BI / Visualization
5777073838,Python,Programming
5777073838,SQL,Database / Query
5777073838,Statistics,Statistics / Analytics
5777073838,Tableau,BI / Visualization
5768623778,ELT,Data Engineering
5768623778,ETL,Data Engineering
5768623778,SQL,Database / Query
5823107180,Power BI,BI / Visualization
5823107180,Tableau,BI / Visualization
5796414147,Statistics,Statistics / Analytics
5762286343,Excel,Spreadsheet
5762286343,Power BI,BI / Visualization
5762286343,Python,Programming
5762286343,SQL,Database / Query
5842590109,Machine Learning,Machine Learning
5796410882,Excel,Spreadsheet
5727163751,Alteryx,Analytics Tool
5727163751,Power BI,BI / Visualization
5727163751,SQL,Database / Query
5727163751,Snowflake,Cloud / Warehouse
5727163751,Spark,Data Engineering
5727163751,Tableau,BI / Visualization
5574398026,ELT,Data Engineering
5574398026,ETL,Data Engineering
5819856885,Machine Learning,Machine Learning
5728267279,Excel,Spreadsheet
5825770736,SQL,Database / Query
5825770736,Tableau,BI / Visualization
5832090086,Forecasting,Statistics / Analytics
5823802837,Excel,Spreadsheet
5823802837,Power BI,BI / Visualization
5823802837,Python,Programming
5823802837,Tableau,BI / Visualization
5782687819,NumPy,Programming
5782687819,Pandas,Programming
5782687819,Power BI,BI / Visualization
5782687819,Python,Programming
5782687819,SQL,Database / Query
5782687819,Statistics,Statistics / Analytics
5782687819,Tableau,BI / Visualization
5823363283,Excel,Spreadsheet
5823363283,Power BI,BI / Visualization
5823363283,Python,Programming
5823363283,Tableau,BI / Visualization
5831602194,Forecasting,Statistics / Analytics
5770986895,Databricks,Data Engineering
5770986895,SQL,Database / Query
5770986895,Spark,Data Engineering
5732584180,ETL,Data Engineering
5607196899,Data Modeling,Data Engineering
5607196899,ELT,Data Engineering
5607196899,ETL,Data Engineering
5607196899,Power BI,BI / Visualization
5607196899,SQL,Database / Query
5607196899,Spark,Data Engineering
5604419908,Excel,Spreadsheet
5604419908,SQL,Database / Query
5732600161,SQL,Database / Query
5774237847,Excel,Spreadsheet
5774237847,Power BI,BI / Visualization
5774237847,SAP,Enterprise Tool
5774237847,Tableau,BI / Visualization
5774237848,AWS,Cloud
5774237848,Power BI,BI / Visualization
5778451352,A/B Testing,Statistics / Analytics
5778451352,Airflow,Data Engineering
5778451352,BigQuery,Cloud / Warehouse
5778451352,Data Modeling,Data Engineering
5778451352,Excel,Spreadsheet
5778451352,Forecasting,Statistics / Analytics
5778451352,Git,Developer Tool
5778451352,Looker,BI / Visualization
5778451352,Power BI,BI / Visualization
5778451352,Python,Programming
5778451352,Regression,Statistics / Analytics
5778451352,SQL,Database / Query
5778451352,Spark,Data Engineering
5778451352,Statistics,Statistics / Analytics
5778451352,Tableau,BI / Visualization
5784728868,SQL,Database / Query
5796417289,Looker,BI / Visualization
5796417289,SQL,Database / Query
5796417289,Statistics,Statistics / Analytics
5806516041,Power BI,BI / Visualization
5782538634,Power BI,BI / Visualization
5782538634,SAP,Enterprise Tool
5782538634,SQL,Database / Query
5754756171,Excel,Spreadsheet
5754756171,Power BI,BI / Visualization
5816828419,Forecasting,Statistics / Analytics
5816828419,Power BI,BI / Visualization
5819192327,PostgreSQL,Database / Query
5819192327,Power BI,BI / Visualization
5819884300,GCP,Cloud
5819884300,Python,Programming
5819884300,SQL,Database / Query
5821857069,SQL,Database / Query
5821857069,Snowflake,Cloud / Warehouse
5822435697,Statistics,Statistics / Analytics
5771065078,Excel,Spreadsheet
5727816928,Statistics,Statistics / Analytics
5785025954,Excel,Spreadsheet
5841481304,Alteryx,Analytics Tool
5841481304,Power BI,BI / Visualization
5841481304,SQL,Database / Query
5812614548,ETL,Data Engineering
5812614548,Power BI,BI / Visualization
5820582124,SQL,Database / Query
5820582124,Tableau,BI / Visualization
5820582141,SQL,Database / Query
5820582141,Tableau,BI / Visualization
5794938975,Azure,Cloud
5794938975,Python,Programming
5794938975,Spark,Data Engineering
5761791107,Azure,Cloud
5761791107,Data Warehousing,Data Engineering
5802074702,Excel,Spreadsheet
5831401587,Oracle,Database / Query
5831401587,SQL,Database / Query
5759043518,Power BI,BI / Visualization
5759043518,SQL,Database / Query
5759043518,Tableau,BI / Visualization
5775399105,Power BI,BI / Visualization
5775399105,SQL,Database / Query
5775399105,Tableau,BI / Visualization
5830641274,Excel,Spreadsheet
5830641274,Power BI,BI / Visualization
5830611867,Excel,Spreadsheet
5753483623,Data Warehousing,Data Engineering
5769822950,AWS,Cloud
5769822950,Databricks,Data Engineering
5594451979,SQL,Database / Query
5594451979,Snowflake,Cloud / Warehouse
5796209691,SQL,Database / Query
5796209691,Snowflake,Cloud / Warehouse
5817917698,Snowflake,Cloud / Warehouse
5817917698,Tableau,BI / Visualization
5634174711,SQL,Database / Query
5841422148,Power BI,BI / Visualization
5814395841,Hadoop,Data Engineering
5814395841,Python,Programming
5814395841,SQL,Database / Query
5814395841,Spark,Data Engineering
5843166501,Databricks,Data Engineering
5843994204,Databricks,Data Engineering
5840373656,SQL,Database / Query
5794717290,Databricks,Data Engineering
5794717290,SQL,Database / Query
5794717290,Spark,Data Engineering
5836839248,Power BI,BI / Visualization
5806701766,Data Modeling,Data Engineering
5806701766,Data Warehousing,Data Engineering
5806701766,SQL,Database / Query
5806701766,Snowflake,Cloud / Warehouse
5814393049,Machine Learning,Machine Learning
5796196225,SQL,Database / Query
5823802788,Excel,Spreadsheet
5823802788,Power BI,BI / Visualization
5823802788,SQL,Database / Query
5829885758,Forecasting,Statistics / Analytics
5832798136,Excel,Spreadsheet
5832798136,MySQL,Database / Query
5832798136,Python,Programming
5832798136,SAS,Statistics / Analytics
5832798136,SQL,Database / Query
5832798136,Statistics,Statistics / Analytics
5832798136,Tableau,BI / Visualization
5835481813,Excel,Spreadsheet
5835481813,Power BI,BI / Visualization
5835481813,SQL,Database / Query
5835481813,Statistics,Statistics / Analytics
5835481813,Tableau,BI / Visualization
5822059503,Power BI,BI / Visualization
5822059503,SQL,Database / Query
5841415760,SAS,Statistics / Analytics
5841129918,A/B Testing,Statistics / Analytics
5824131818,Python,Programming
5824131818,Spark,Data Engineering
5820582116,SQL,Database / Query
5820582116,Tableau,BI / Visualization
5834187823,Machine Learning,Machine Learning
5834187823,Python,Programming
5834187823,SQL,Database / Query
5834187823,Statistics,Statistics / Analytics
5835895781,Excel,Spreadsheet
5835895781,Looker,BI / Visualization
5835895781,Power BI,BI / Visualization
5835895781,Tableau,BI / Visualization
5836764355,Alteryx,Analytics Tool
5836764355,Power BI,BI / Visualization
5836764355,SQL,Database / Query
5814246246,Forecasting,Statistics / Analytics
5707433221,ETL,Data Engineering
5707433221,Machine Learning,Machine Learning
5654565604,Power BI,BI / Visualization
5654565604,SQL,Database / Query
5817921753,A/B Testing,Statistics / Analytics
5817921753,Azure,Cloud
5817921753,Databricks,Data Engineering
5817921753,Power BI,BI / Visualization
5817921753,Python,Programming
5817921753,SQL,Database / Query
5838425609,Power BI,BI / Visualization
5780671604,Excel,Spreadsheet
5780671604,Looker,BI / Visualization
5780671604,Power BI,BI / Visualization
5780671604,Tableau,BI / Visualization
5841929681,Databricks,Data Engineering
5832078489,Data Warehousing,Data Engineering
5843994203,Databricks,Data Engineering
5796404116,Python,Programming
5796404116,SQL,Database / Query
5825757766,Forecasting,Statistics / Analytics
5727250087,Machine Learning,Machine Learning
5787269652,SAP,Enterprise Tool
5826713374,Forecasting,Statistics / Analytics
5767397657,Excel,Spreadsheet
5767397657,Power BI,BI / Visualization
5767397657,SQL,Database / Query
5767397657,Tableau,BI / Visualization
5775536373,Power BI,BI / Visualization
5805535278,Machine Learning,Machine Learning
5820582123,SQL,Database / Query
5820582123,Tableau,BI / Visualization
5832798139,ETL,Data Engineering
5832798139,SQL,Database / Query
5832798139,Tableau,BI / Visualization
5576565826,Excel,Spreadsheet
5576565826,Power BI,BI / Visualization
5576565826,SAP,Enterprise Tool
5754024250,Python,Programming
5754024250,SAS,Statistics / Analytics
5727281189,Forecasting,Statistics / Analytics
5727281189,Python,Programming
5796497750,Excel,Spreadsheet
5697317732,NumPy,Programming
5697317732,Pandas,Programming
5697317732,Python,Programming
5697317732,SQL,Database / Query
5841922604,Power BI,BI / Visualization
5841922604,Tableau,BI / Visualization
5821854249,Python,Programming
5821854249,SQL,Database / Query
5821854249,Statistics,Statistics / Analytics
5727276943,Excel,Spreadsheet
5768784939,Power BI,BI / Visualization
5827199773,SAS,Statistics / Analytics
5796078089,Power BI,BI / Visualization
5787271240,AWS,Cloud
5654565326,Data Modeling,Data Engineering
5654565326,Power BI,BI / Visualization
5736795063,Excel,Spreadsheet
5736795063,Python,Programming
5736795063,SQL,Database / Query
5639296608,A/B Testing,Statistics / Analytics
5803868918,SAP,Enterprise Tool
5788446380,Data Modeling,Data Engineering
5833591389,Power BI,BI / Visualization
5833591389,SQL,Database / Query
5703837587,Forecasting,Statistics / Analytics
5713101400,Excel,Spreadsheet
5780539590,Power BI,BI / Visualization
5841415500,Python,Programming
5841415500,Tableau,BI / Visualization
5840370800,A/B Testing,Statistics / Analytics
5835865615,SAP,Enterprise Tool
5771289907,Excel,Spreadsheet
5727129151,Machine Learning,Machine Learning
5727129151,Power BI,BI / Visualization
5727129151,Python,Programming
5727129151,SQL,Database / Query
5727081359,Python,Programming
5727081359,SAS,Statistics / Analytics
5727081359,SQL,Database / Query
5727081359,Snowflake,Cloud / Warehouse
5727081359,Spark,Data Engineering
5728457974,Python,Programming
5728457974,SQL,Database / Query
5758030290,Forecasting,Statistics / Analytics
5796410755,Power BI,BI / Visualization
5796410755,Python,Programming
5841921152,Power BI,BI / Visualization
5841921152,SQL,Database / Query
5722033683,Excel,Spreadsheet
5794935400,ETL,Data Engineering
5794935400,Power BI,BI / Visualization
5794935400,SQL,Database / Query
5794935400,Tableau,BI / Visualization
5796411183,Excel,Spreadsheet
5747224248,Excel,Spreadsheet
5747224248,Power BI,BI / Visualization
5747224248,SQL,Database / Query
5747224248,Statistics,Statistics / Analytics
5747224248,Tableau,BI / Visualization
5836858696,Regression,Statistics / Analytics
5815828459,Excel,Spreadsheet
5815828459,Power BI,BI / Visualization
5815828459,Power Query,BI / Visualization
5815828459,Python,Programming
5838463920,Machine Learning,Machine Learning
5813411120,A/B Testing,Statistics / Analytics
5813411120,Statistics,Statistics / Analytics
5808699198,Data Modeling,Data Engineering
5808699198,Excel,Spreadsheet
5808699198,Machine Learning,Machine Learning
5808699198,Power BI,BI / Visualization
5808699198,Python,Programming
5808699198,R,Programming
5808699198,SQL,Database / Query
5808699198,Statistics,Statistics / Analytics
5808699198,Tableau,BI / Visualization
5815238401,Machine Learning,Machine Learning
5815238401,Power BI,BI / Visualization
5815238401,Python,Programming
5837109793,Azure,Cloud
5834758220,DAX,BI / Visualization
5834758220,GCP,Cloud
5834758220,Looker,BI / Visualization
5834758220,Power BI,BI / Visualization
5834758220,Python,Programming
5834758220,SQL,Database / Query
5824121247,Python,Programming
5824121247,Tableau,BI / Visualization
5807495223,SAP,Enterprise Tool
5770241818,Qlik,BI / Visualization
5740998098,Power BI,BI / Visualization
5606456473,Forecasting,Statistics / Analytics
5838452265,Machine Learning,Machine Learning
5767425619,Azure,Cloud
5767425619,SQL,Database / Query
5821858247,ETL,Data Engineering
5821858247,Power BI,BI / Visualization
5838750286,SQL,Database / Query
5821854220,Power BI,BI / Visualization
5594486207,SQL,Database / Query
5594486207,Snowflake,Cloud / Warehouse
5665597361,SQL,Database / Query
5665597361,Snowflake,Cloud / Warehouse
5727169905,Excel,Spreadsheet
5769825966,SQL,Database / Query
5645839800,Power BI,BI / Visualization
5777063925,ELT,Data Engineering
5777063925,Power BI,BI / Visualization
5777063925,SQL,Database / Query
5777063925,Tableau,BI / Visualization
5806011376,Azure,Cloud
5806011376,Power BI,BI / Visualization
5825362049,Python,Programming
5815813867,Tableau,BI / Visualization
5788440258,Power BI,BI / Visualization
5797385686,Power BI,BI / Visualization
5778430828,Data Modeling,Data Engineering
5778430828,SQL,Database / Query
5778430828,Tableau,BI / Visualization
5834390399,Statistics,Statistics / Analytics
5816828191,Data Warehousing,Data Engineering
5787271720,Excel,Spreadsheet
5840370533,Data Modeling,Data Engineering
5710620693,BigQuery,Cloud / Warehouse
5824132810,Azure,Cloud
5824132810,Data Warehousing,Data Engineering
5824132810,SQL,Database / Query
5824132810,SQL Server,Database / Query
5824132810,Snowflake,Cloud / Warehouse
5727248050,Excel,Spreadsheet
5727240801,Power BI,BI / Visualization
5727240801,Python,Programming
5728384553,Power BI,BI / Visualization
5810253659,Databricks,Data Engineering
5810253659,ETL,Data Engineering
5810253659,Python,Programming
5810253659,SQL,Database / Query
5810253659,Spark,Data Engineering
5739455353,SQL,Database / Query
5821860803,Machine Learning,Machine Learning
5815241095,Jira,Collaboration Tool
5728412938,Excel,Spreadsheet
5728412938,Jira,Collaboration Tool
5779644561,SQL,Database / Query
5684977522,Regression,Statistics / Analytics
5804688818,Regression,Statistics / Analytics
5814521260,SAP,Enterprise Tool
5822020261,Jira,Collaboration Tool
5793371920,SAP,Enterprise Tool
5829186026,SAP,Enterprise Tool
5755735547,Data Modeling,Data Engineering
5755735547,PostgreSQL,Database / Query
5814380839,Power BI,BI / Visualization
5814380839,SAP,Enterprise Tool
5814380839,SQL,Database / Query
5830627948,AWS,Cloud
5840394046,Regression,Statistics / Analytics
5767423652,Excel,Spreadsheet
5767423652,SQL,Database / Query
5796404893,Python,Programming
5812855347,Forecasting,Statistics / Analytics
5831402619,Excel,Spreadsheet
5832799305,Excel,Spreadsheet
5832799305,SQL,Database / Query
5832799305,Statistics,Statistics / Analytics
5823363317,Azure,Cloud
5823363317,SQL,Database / Query
5839221883,Git,Developer Tool
5829200282,Power BI,BI / Visualization
5776727296,Regression,Statistics / Analytics
5768513174,Jira,Collaboration Tool
5768513174,Regression,Statistics / Analytics
5768513174,SAP,Enterprise Tool
5798281541,Regression,Statistics / Analytics
5798281541,SAP,Enterprise Tool
5823793625,Excel,Spreadsheet
5823793625,Jira,Collaboration Tool
5794765626,SAP,Enterprise Tool
5752767498,SQL,Database / Query
5794937971,Power BI,BI / Visualization
5794937971,SQL,Database / Query
5794937971,Tableau,BI / Visualization
5746730121,Excel,Spreadsheet
5682395091,Jira,Collaboration Tool
5767110080,SAP,Enterprise Tool
5581807731,Python,Programming
5581807731,SQL,Database / Query
5708549005,Jira,Collaboration Tool
5822058322,Spark,Data Engineering
5585713650,Python,Programming
5585713650,SQL,Database / Query
5585713650,Tableau,BI / Visualization
5581807732,Python,Programming
5581807732,SQL,Database / Query
5581807732,Tableau,BI / Visualization
5784727811,Jira,Collaboration Tool
5794941127,Excel,Spreadsheet
5794941065,Excel,Spreadsheet
5796413955,Python,Programming
5760977026,Machine Learning,Machine Learning
5727182045,Statistics,Statistics / Analytics
5835714418,Python,Programming
5835714418,SQL,Database / Query
5835714418,Spark,Data Engineering
5844321937,Azure,Cloud
5844321937,Git,Developer Tool
5844321937,Jira,Collaboration Tool
5796160700,SQL,Database / Query
5829382867,SAP,Enterprise Tool
5832339120,SAP,Enterprise Tool
5636066614,Jira,Collaboration Tool
5821844709,SAP,Enterprise Tool
5727092020,Data Modeling,Data Engineering
5727092020,Power BI,BI / Visualization
5727092020,Tableau,BI / Visualization
5832795991,SAP,Enterprise Tool
5746176778,SQL,Database / Query
5819664708,Machine Learning,Machine Learning
5648257745,SAP,Enterprise Tool
5792028914,Forecasting,Statistics / Analytics
5715235167,Jira,Collaboration Tool
5718854691,Power BI,BI / Visualization
5718854691,SAP,Enterprise Tool
5828879856,Databricks,Data Engineering
5809866314,SAP,Enterprise Tool
5727128227,Excel,Spreadsheet
5767120983,SAP,Enterprise Tool
5833581807,Power BI,BI / Visualization
5836834428,AWS,Cloud
5768788616,Power BI,BI / Visualization
5769958716,Machine Learning,Machine Learning
5796404749,SAP,Enterprise Tool
5832799307,Excel,Spreadsheet
5832799307,SQL,Database / Query
5832799307,Statistics,Statistics / Analytics
5837574487,SAP,Enterprise Tool
5663140691,SAP,Enterprise Tool
5839213704,SAP,Enterprise Tool
5839213726,SAP,Enterprise Tool
5811916780,AWS,Cloud
5822617753,Excel,Spreadsheet
5822617753,Power BI,BI / Visualization
5822617753,Python,Programming
5835865567,Excel,Spreadsheet
5773089587,Jira,Collaboration Tool
5805616777,Git,Developer Tool
5664684577,Oracle,Database / Query
5664684577,SQL,Database / Query
5664684577,SQL Server,Database / Query
5796414187,SAP,Enterprise Tool
5714828705,Excel,Spreadsheet
5767420324,SAP,Enterprise Tool
5796410593,SAP,Enterprise Tool
5671667155,Excel,Spreadsheet
5671667155,SQL,Database / Query
5586513102,Forecasting,Statistics / Analytics
5771065380,SAP,Enterprise Tool
5819665574,ETL,Data Engineering
5819665574,Python,Programming
5819665574,SQL,Database / Query
5820988945,ETL,Data Engineering
5820988945,Python,Programming
5820988945,SQL,Database / Query
5697250993,SAP,Enterprise Tool
5664660036,SAP,Enterprise Tool
5728460466,SAP,Enterprise Tool
5839099643,Power BI,BI / Visualization
5839099643,SAP,Enterprise Tool
5663140692,SAP,Enterprise Tool
5672576864,Excel,Spreadsheet
5672576864,SQL,Database / Query
5822433776,ETL,Data Engineering
5822433776,Python,Programming
5822433776,SQL,Database / Query
5760362902,SAP,Enterprise Tool
5752767494,Excel,Spreadsheet
5752767494,Jira,Collaboration Tool
5805314358,Excel,Spreadsheet
5805314358,SQL,Database / Query
5797383589,SAP,Enterprise Tool
5840192506,ETL,Data Engineering
5840192506,Excel,Spreadsheet
5840192506,SQL,Database / Query
5840192506,Statistics,Statistics / Analytics
5840192506,Tableau,BI / Visualization
5841397848,ETL,Data Engineering
5841397848,Excel,Spreadsheet
5841397848,SQL,Database / Query
5841397848,Statistics,Statistics / Analytics
5841397848,Tableau,BI / Visualization
5841439044,SAP,Enterprise Tool
5767226646,SAP,Enterprise Tool
5830098083,Python,Programming
5581807754,Python,Programming
5581807754,SQL,Database / Query
5581807754,Tableau,BI / Visualization
5833014602,ETL,Data Engineering
5833014602,Excel,Spreadsheet
5833014602,SQL,Database / Query
5833014602,Statistics,Statistics / Analytics
5833014602,Tableau,BI / Visualization
5832084843,ETL,Data Engineering
5832084843,Excel,Spreadsheet
5832084843,SQL,Database / Query
5832084843,Statistics,Statistics / Analytics
5832084843,Tableau,BI / Visualization
5835624591,SQL,Database / Query
5680038592,ETL,Data Engineering
5680956332,ETL,Data Engineering
5816829136,Python,Programming
5773191556,Excel,Spreadsheet
5773191556,Jira,Collaboration Tool
5751024668,SQL,Database / Query
5599878561,Excel,Spreadsheet
5599878561,Python,Programming
5599878561,SQL,Database / Query
5832801225,Regression,Statistics / Analytics
5840396918,SQL,Database / Query
5809628919,Python,Programming
5802073997,Power BI,BI / Visualization
5782686416,Machine Learning,Machine Learning
5805832190,Power BI,BI / Visualization
5841930408,Tableau,BI / Visualization
5823793616,SQL,Database / Query
5832794007,Power BI,BI / Visualization
5782689317,MySQL,Database / Query
5782689317,SQL,Database / Query
5768788632,Power BI,BI / Visualization
5813387142,SAP,Enterprise Tool
5835736003,SQL,Database / Query
5796410673,Data Modeling,Data Engineering
5796410673,Power BI,BI / Visualization
5796410673,SAP,Enterprise Tool
5796410673,Tableau,BI / Visualization
5844295034,AWS,Cloud
5773087744,Power BI,BI / Visualization
5806702891,Power BI,BI / Visualization
5806705252,DAX,BI / Visualization
5806705252,Power BI,BI / Visualization
5806705252,Power Query,BI / Visualization
5806705252,SQL,Database / Query
5782483335,Power BI,BI / Visualization
5807501218,Snowflake,Cloud / Warehouse
5807501218,Tableau,BI / Visualization
5841938022,SQL,Database / Query
5832085953,Data Warehousing,Data Engineering
5832085953,Power BI,BI / Visualization
5832085953,SQL,Database / Query
5832085953,Snowflake,Cloud / Warehouse
5727033439,Tableau,BI / Visualization
5796403852,Excel,Spreadsheet
5796403852,Power BI,BI / Visualization
5836583749,Azure,Cloud
5836583749,DAX,BI / Visualization
5836583749,Python,Programming
5812614075,Power BI,BI / Visualization
5834761739,Forecasting,Statistics / Analytics
5816826763,Machine Learning,Machine Learning
5816826763,Python,Programming
5821854747,Excel,Spreadsheet
5821854747,SQL,Database / Query
5816842350,Tableau,BI / Visualization
5758090841,Power BI,BI / Visualization
5758090841,Tableau,BI / Visualization
5805345892,Power BI,BI / Visualization
5821858242,Excel,Spreadsheet
5768788879,Excel,Spreadsheet
5768788879,GCP,Cloud
5768788879,Hadoop,Data Engineering
5768788879,Power BI,BI / Visualization
5768788879,Python,Programming
5768788879,SQL,Database / Query
5817918459,Excel,Spreadsheet
5817918459,GCP,Cloud
5817918459,Hadoop,Data Engineering
5817918459,Power BI,BI / Visualization
5817918459,Python,Programming
5817918459,SQL,Database / Query
5833597316,Databricks,Data Engineering
5833597316,Power BI,BI / Visualization
5768786144,Forecasting,Statistics / Analytics
5727100231,Excel,Spreadsheet
5834375628,Power BI,BI / Visualization
5727219518,Excel,Spreadsheet
5727219518,Power BI,BI / Visualization
5784690910,Tableau,BI / Visualization
5595958148,SAP,Enterprise Tool
5714823986,SAP,Enterprise Tool
5821225973,Snowflake,Cloud / Warehouse
5790504769,Forecasting,Statistics / Analytics
5814090541,Python,Programming
5796405886,A/B Testing,Statistics / Analytics
5737399615,Power BI,BI / Visualization
5838429945,Forecasting,Statistics / Analytics
5837109704,Machine Learning,Machine Learning
5757613157,A/B Testing,Statistics / Analytics
5842749245,Power BI,BI / Visualization
5668349129,A/B Testing,Statistics / Analytics
5668349129,Python,Programming
5668349129,SQL,Database / Query
5802074220,SQL,Database / Query
5802074220,Tableau,BI / Visualization
5796417392,A/B Testing,Statistics / Analytics
5812865596,Statistics,Statistics / Analytics
5771016876,SAP,Enterprise Tool
5832790526,SAP,Enterprise Tool
5829186868,Forecasting,Statistics / Analytics
5797382552,Snowflake,Cloud / Warehouse
5801806089,Forecasting,Statistics / Analytics
5727234681,Forecasting,Statistics / Analytics
5815798981,Forecasting,Statistics / Analytics
5809896355,Forecasting,Statistics / Analytics
5843154618,Forecasting,Statistics / Analytics
5812753207,Forecasting,Statistics / Analytics
5678913791,Excel,Spreadsheet
5678913791,Forecasting,Statistics / Analytics
5677793267,Excel,Spreadsheet
5677793267,Forecasting,Statistics / Analytics
5811737441,Forecasting,Statistics / Analytics
5588350286,Forecasting,Statistics / Analytics
5606304003,Forecasting,Statistics / Analytics
5813415067,Forecasting,Statistics / Analytics
5807252180,Statistics,Statistics / Analytics
5728445327,Excel,Spreadsheet
5728445327,Power BI,BI / Visualization
5728445327,SQL,Database / Query
5777074353,Power BI,BI / Visualization
5784727566,ETL,Data Engineering
5784727566,Excel,Spreadsheet
5784727566,Power BI,BI / Visualization
5784727566,Python,Programming
5784727566,Qlik,BI / Visualization
5784727566,SQL,Database / Query
5784727566,Statistics,Statistics / Analytics
5784727566,Tableau,BI / Visualization
5782684622,ETL,Data Engineering
5782684622,Power BI,BI / Visualization
5782684622,SQL,Database / Query
5782684622,SQL Server,Database / Query
5782684622,Tableau,BI / Visualization
5768605459,Power BI,BI / Visualization
5829177304,Data Modeling,Data Engineering
5835714960,Forecasting,Statistics / Analytics
5784339947,SQL,Database / Query
5784339947,Snowflake,Cloud / Warehouse
5834389342,Forecasting,Statistics / Analytics
5834740624,Forecasting,Statistics / Analytics
5843168897,Forecasting,Statistics / Analytics
5743765080,Forecasting,Statistics / Analytics
5841933765,Forecasting,Statistics / Analytics
5841443722,Forecasting,Statistics / Analytics
5841943311,Forecasting,Statistics / Analytics
5785939872,Forecasting,Statistics / Analytics
5811373973,Forecasting,Statistics / Analytics
5795125266,Forecasting,Statistics / Analytics
5841945520,Forecasting,Statistics / Analytics
5690845739,SAP,Enterprise Tool
5691044629,SAP,Enterprise Tool
5728422548,Excel,Spreadsheet
5728422548,Power Query,BI / Visualization
5728422548,Tableau,BI / Visualization
5727264729,Power BI,BI / Visualization
5727264729,Python,Programming
5727264729,SAS,Statistics / Analytics
5727264729,SQL,Database / Query
5727264729,Tableau,BI / Visualization
5841938067,Excel,Spreadsheet
5841938067,SQL,Database / Query
5824124836,Forecasting,Statistics / Analytics
5778215652,Excel,Spreadsheet
5778215652,Power BI,BI / Visualization
5840630259,Statistics,Statistics / Analytics
5727274910,Tableau,BI / Visualization
5832339117,SAP,Enterprise Tool
5836836036,SAP,Enterprise Tool
5831600095,Excel,Spreadsheet
5831600095,SQL,Database / Query
5828960267,Excel,Spreadsheet
5828960267,SQL,Database / Query
5811390026,Looker,BI / Visualization
5811390026,Tableau,BI / Visualization
5598331109,Databricks,Data Engineering
5598331109,Python,Programming
5598331109,Spark,Data Engineering
5763829709,Spark,Data Engineering
5824133165,SAP,Enterprise Tool
5835895840,Forecasting,Statistics / Analytics
5699741533,Power BI,BI / Visualization
5699741533,Tableau,BI / Visualization
5780530377,AWS,Cloud
5780530377,Azure,Cloud
5805536208,SAP,Enterprise Tool
5760341702,Excel,Spreadsheet
5760341702,Power BI,BI / Visualization
freehire:business-analyst-i-travclan-cbutrv2h,Looker,BI / Visualization
freehire:business-analyst-i-travclan-cbutrv2h,SQL,Database / Query
freehire:business-analyst-i-travclan-cbutrv2h,Tableau,BI / Visualization
freehire:data-analyst-operations-ip-legal-compliance-roblox-yc66puvk,Git,Developer Tool
freehire:data-analyst-operations-ip-legal-compliance-roblox-yc66puvk,Python,Programming
freehire:data-analyst-operations-ip-legal-compliance-roblox-yc66puvk,SQL,Database / Query
freehire:data-analyst-operations-ip-legal-compliance-roblox-yc66puvk,Statistics,Statistics / Analytics
freehire:business-analyst-cambridgetechnology-ijueezw5,Jira,Collaboration Tool
freehire:business-analyst-cambridgetechnology-ijueezw5,SQL,Database / Query
freehire:business-analyst-requirements-gathering-amp-analysis-ecsme-cff3dgl2,Jira,Collaboration Tool
freehire:business-analyst-requirements-gathering-amp-analysis-ecsme-cff3dgl2,SQL,Database / Query
freehire:credit-bureau-reporting-analyst-zolve-cxakej3h,Excel,Spreadsheet
freehire:credit-bureau-reporting-analyst-zolve-cxakej3h,SQL,Database / Query
freehire:business-analyst-scrum-sequoiaat-67oockzz,Azure,Cloud
freehire:business-analyst-scrum-sequoiaat-67oockzz,Excel,Spreadsheet
freehire:business-analyst-scrum-sequoiaat-67oockzz,Jira,Collaboration Tool
freehire:business-analyst-scrum-sequoiaat-67oockzz,SQL,Database / Query
freehire:senior-consultant-business-analyst-japanese-bilingual-insurance-domain-jobskey-consultancy-u7ivnixs,Azure,Cloud
freehire:senior-consultant-business-analyst-japanese-bilingual-insurance-domain-jobskey-consultancy-u7ivnixs,Jira,Collaboration Tool
freehire:senior-consultant-business-analyst-japanese-bilingual-insurance-domain-jobskey-consultancy-u7ivnixs,Tableau,BI / Visualization
freehire:senior-data-analyst-in-dazn-nn3ssllm,Airflow,Data Engineering
freehire:senior-data-analyst-in-dazn-nn3ssllm,DAX,BI / Visualization
freehire:senior-data-analyst-in-dazn-nn3ssllm,ETL,Data Engineering
freehire:senior-data-analyst-in-dazn-nn3ssllm,Power BI,BI / Visualization
freehire:senior-data-analyst-in-dazn-nn3ssllm,Python,Programming
freehire:senior-data-analyst-in-dazn-nn3ssllm,SQL,Database / Query
freehire:senior-data-analyst-in-dazn-nn3ssllm,Snowflake,Cloud / Warehouse
freehire:senior-data-analyst-in-dazn-nn3ssllm,dbt,Data Engineering
freehire:material-management-specialist-business-analyst-merck-p3vxo5w3,Jira,Collaboration Tool
freehire:material-management-specialist-business-analyst-merck-p3vxo5w3,SQL,Database / Query
freehire:senior-data-analyst-finkraft-4jftyoma,Excel,Spreadsheet
freehire:senior-data-analyst-finkraft-4jftyoma,Power BI,BI / Visualization
freehire:senior-data-analyst-finkraft-4jftyoma,Python,Programming
freehire:senior-data-analyst-finkraft-4jftyoma,SQL,Database / Query
freehire:senior-data-analyst-finkraft-4jftyoma,Tableau,BI / Visualization
freehire:senior-business-analyst-finkraft-dq3j3yq6,Power BI,BI / Visualization
freehire:senior-business-analyst-finkraft-dq3j3yq6,Python,Programming
freehire:senior-business-analyst-finkraft-dq3j3yq6,SQL,Database / Query
freehire:senior-business-analyst-finkraft-dq3j3yq6,Tableau,BI / Visualization
freehire:business-analyst-finkraft-7wg6ffxl,Excel,Spreadsheet
freehire:business-analyst-finkraft-7wg6ffxl,Power BI,BI / Visualization
freehire:business-analyst-finkraft-7wg6ffxl,SQL,Database / Query
freehire:business-analyst-finkraft-7wg6ffxl,Tableau,BI / Visualization
freehire:jr-sr-business-analyst-arthan-cagxihag,Excel,Spreadsheet
freehire:jr-sr-business-analyst-arthan-cagxihag,Machine Learning,Machine Learning
freehire:jr-sr-business-analyst-arthan-cagxihag,Power BI,BI / Visualization
freehire:jr-sr-business-analyst-arthan-cagxihag,Python,Programming
freehire:jr-sr-business-analyst-arthan-cagxihag,SQL,Database / Query
freehire:jr-sr-business-analyst-arthan-cagxihag,Statistics,Statistics / Analytics
freehire:jr-sr-business-analyst-arthan-cagxihag,Tableau,BI / Visualization
freehire:technical-data-analyst-clearwater-analytics-bass2ggn,AWS,Cloud
freehire:technical-data-analyst-clearwater-analytics-bass2ggn,Azure,Cloud
freehire:technical-data-analyst-clearwater-analytics-bass2ggn,Data Warehousing,Data Engineering
freehire:technical-data-analyst-clearwater-analytics-bass2ggn,GCP,Cloud
freehire:technical-data-analyst-clearwater-analytics-bass2ggn,Power BI,BI / Visualization
freehire:technical-data-analyst-clearwater-analytics-bass2ggn,Python,Programming
freehire:technical-data-analyst-clearwater-analytics-bass2ggn,SQL,Database / Query
freehire:technical-data-analyst-clearwater-analytics-bass2ggn,Statistics,Statistics / Analytics
freehire:technical-data-analyst-clearwater-analytics-bass2ggn,Tableau,BI / Visualization
freehire:junior-quantitative-analyst-remotestar-team-3xv3bczr,Python,Programming
freehire:senior-data-analyst-gh-thlqmi25,AWS,Cloud
freehire:senior-data-analyst-gh-thlqmi25,Data Warehousing,Data Engineering
freehire:senior-data-analyst-gh-thlqmi25,ETL,Data Engineering
freehire:senior-data-analyst-gh-thlqmi25,Git,Developer Tool
freehire:senior-data-analyst-gh-thlqmi25,Python,Programming
freehire:senior-data-analyst-gh-thlqmi25,Redshift,Cloud / Warehouse
freehire:senior-data-analyst-gh-thlqmi25,SQL,Database / Query
freehire:senior-data-analyst-gh-thlqmi25,Tableau,BI / Visualization
freehire:senior-data-analyst-gh-thlqmi25,dbt,Data Engineering
freehire:senior-sap-fico-systems-business-analyst-iff-pnpsdnod,SAP,Enterprise Tool
freehire:data-analyst-revenue-metrics-launchdarkly-wapdwkwd,Data Modeling,Data Engineering
freehire:data-analyst-revenue-metrics-launchdarkly-wapdwkwd,Looker,BI / Visualization
freehire:data-analyst-revenue-metrics-launchdarkly-wapdwkwd,SQL,Database / Query
freehire:data-analyst-revenue-metrics-launchdarkly-wapdwkwd,Snowflake,Cloud / Warehouse
freehire:data-analyst-revenue-metrics-launchdarkly-wapdwkwd,dbt,Data Engineering
freehire:debi-senior-bi-analyst-mufg-global-service-mgs-zcbnj4ms,ETL,Data Engineering
freehire:debi-senior-bi-analyst-mufg-global-service-mgs-zcbnj4ms,Power BI,BI / Visualization
freehire:debi-senior-bi-analyst-mufg-global-service-mgs-zcbnj4ms,Python,Programming
freehire:debi-senior-bi-analyst-mufg-global-service-mgs-zcbnj4ms,SQL,Database / Query
freehire:debi-senior-bi-analyst-mufg-global-service-mgs-zcbnj4ms,SQL Server,Database / Query
freehire:debi-senior-bi-analyst-mufg-global-service-mgs-zcbnj4ms,SSIS,Data Engineering
freehire:debi-senior-bi-analyst-mufg-global-service-mgs-zcbnj4ms,Snowflake,Cloud / Warehouse
freehire:finance-data-analyst-informa-yba5j3ir,Alteryx,Analytics Tool
freehire:finance-data-analyst-informa-yba5j3ir,DAX,BI / Visualization
freehire:finance-data-analyst-informa-yba5j3ir,Data Modeling,Data Engineering
freehire:finance-data-analyst-informa-yba5j3ir,Excel,Spreadsheet
freehire:finance-data-analyst-informa-yba5j3ir,Forecasting,Statistics / Analytics
freehire:finance-data-analyst-informa-yba5j3ir,Jira,Collaboration Tool
freehire:finance-data-analyst-informa-yba5j3ir,Power BI,BI / Visualization
freehire:finance-data-analyst-informa-yba5j3ir,Power Query,BI / Visualization
freehire:finance-data-analyst-informa-yba5j3ir,SQL,Database / Query
freehire:business-analyst-integrations-products-apexx-rqscqpnm,SQL,Database / Query
freehire:data-analyst-squadstack-u66bq5mt,A/B Testing,Statistics / Analytics
freehire:data-analyst-squadstack-u66bq5mt,BigQuery,Cloud / Warehouse
freehire:data-analyst-squadstack-u66bq5mt,Git,Developer Tool
freehire:data-analyst-squadstack-u66bq5mt,Python,Programming
freehire:data-analyst-squadstack-u66bq5mt,Redshift,Cloud / Warehouse
freehire:data-analyst-squadstack-u66bq5mt,SQL,Database / Query
freehire:data-analyst-squadstack-u66bq5mt,Snowflake,Cloud / Warehouse
freehire:data-analyst-squadstack-u66bq5mt,dbt,Data Engineering
freehire:senior-business-analyst-implementations-equilend-sopewttk,Jira,Collaboration Tool
freehire:senior-business-analyst-implementations-equilend-sopewttk,SQL,Database / Query
freehire:senior-data-analyst-field-analytics-okta-ulnrgtzz,Data Modeling,Data Engineering
freehire:senior-data-analyst-field-analytics-okta-ulnrgtzz,Git,Developer Tool
freehire:senior-data-analyst-field-analytics-okta-ulnrgtzz,Machine Learning,Machine Learning
freehire:senior-data-analyst-field-analytics-okta-ulnrgtzz,Python,Programming
freehire:senior-data-analyst-field-analytics-okta-ulnrgtzz,SQL,Database / Query
freehire:senior-data-analyst-field-analytics-okta-ulnrgtzz,Snowflake,Cloud / Warehouse
freehire:senior-data-analyst-field-analytics-okta-ulnrgtzz,Tableau,BI / Visualization
freehire:senior-data-analyst-field-analytics-okta-ulnrgtzz,dbt,Data Engineering
freehire:senior-product-analyst-finance-technology-okta-j6brjx4n,Machine Learning,Machine Learning
freehire:senior-product-analyst-finance-technology-okta-j6brjx4n,SAP,Enterprise Tool
freehire:senior-business-analyst-solution-lead-order-to-cash-global-trade-service-sap-sd-gts-smiths-detection-group-nzbdb267,SAP,Enterprise Tool
freehire:senior-business-analyst-solution-lead-manufacturing-quality-sap-pp-qm-smiths-detection-group-lklp2pol,Forecasting,Statistics / Analytics
freehire:senior-business-analyst-solution-lead-manufacturing-quality-sap-pp-qm-smiths-detection-group-lklp2pol,SAP,Enterprise Tool
freehire:data-integration-etl-analyst-mufg-bank-ujrpipfc,Data Warehousing,Data Engineering
freehire:data-integration-etl-analyst-mufg-bank-ujrpipfc,ETL,Data Engineering
freehire:data-integration-etl-analyst-mufg-bank-ujrpipfc,Git,Developer Tool
freehire:data-integration-etl-analyst-mufg-bank-ujrpipfc,Python,Programming
freehire:data-integration-etl-analyst-mufg-bank-ujrpipfc,SQL,Database / Query
freehire:data-integration-etl-analyst-mufg-bank-ujrpipfc,Snowflake,Cloud / Warehouse
freehire:business-and-data-analyst-sage-lhqr7vay,DAX,BI / Visualization
freehire:business-and-data-analyst-sage-lhqr7vay,Data Modeling,Data Engineering
freehire:business-and-data-analyst-sage-lhqr7vay,Excel,Spreadsheet
freehire:business-and-data-analyst-sage-lhqr7vay,Power BI,BI / Visualization
freehire:business-and-data-analyst-sage-lhqr7vay,Power Query,BI / Visualization
freehire:business-and-data-analyst-sage-lhqr7vay,SQL,Database / Query
freehire:manager-business-analyst-fidelity-international-xu6h73qt,Excel,Spreadsheet
freehire:manager-business-analyst-fidelity-international-xu6h73qt,Jira,Collaboration Tool
freehire:manager-business-analyst-fidelity-international-xu6h73qt,SQL,Database / Query
freehire:business-analyst-popm-mattel-inc-habjlbkl,BigQuery,Cloud / Warehouse
freehire:business-analyst-popm-mattel-inc-habjlbkl,GCP,Cloud
freehire:business-analyst-popm-mattel-inc-habjlbkl,Tableau,BI / Visualization
freehire:pricing-analyst-rws-group-vihwfs3g,Excel,Spreadsheet
freehire:pricing-analyst-rws-group-vihwfs3g,Python,Programming
freehire:demand-business-analyst-ecolab-aisn3msi,Data Warehousing,Data Engineering
freehire:demand-business-analyst-ecolab-aisn3msi,ETL,Data Engineering
freehire:demand-business-analyst-ecolab-aisn3msi,Jira,Collaboration Tool
freehire:demand-business-analyst-ecolab-aisn3msi,Power BI,BI / Visualization
freehire:demand-business-analyst-ecolab-aisn3msi,SQL,Database / Query
freehire:demand-business-analyst-ecolab-aisn3msi,Tableau,BI / Visualization
freehire:product-analyst-electronic-arts-v7we5col,Looker,BI / Visualization
freehire:product-analyst-electronic-arts-v7we5col,Machine Learning,Machine Learning
freehire:product-analyst-electronic-arts-v7we5col,Power BI,BI / Visualization
freehire:product-analyst-electronic-arts-v7we5col,Python,Programming
freehire:product-analyst-electronic-arts-v7we5col,SQL,Database / Query
freehire:product-analyst-electronic-arts-v7we5col,Statistics,Statistics / Analytics
freehire:product-analyst-electronic-arts-v7we5col,Tableau,BI / Visualization
freehire:principal-business-analyst-sap-it-adani-group-peqw6kbx,SAP,Enterprise Tool
freehire:4330-business-analyst-innovaccer-analytics-ad3s2dq4,AWS,Cloud
freehire:4330-business-analyst-innovaccer-analytics-ad3s2dq4,Jira,Collaboration Tool
freehire:credit-risk-analyst-fiserv-hmp37rkq,Excel,Spreadsheet
freehire:credit-risk-analyst-fiserv-hmp37rkq,Statistics,Statistics / Analytics
freehire:data-analyst-senior-ii-fedex-uqwgc6a3,Data Modeling,Data Engineering
freehire:data-analyst-senior-ii-fedex-uqwgc6a3,Power BI,BI / Visualization
freehire:data-analyst-senior-ii-fedex-uqwgc6a3,Python,Programming
freehire:data-analyst-senior-ii-fedex-uqwgc6a3,SQL,Database / Query
freehire:data-analyst-senior-ii-fedex-uqwgc6a3,Statistics,Statistics / Analytics
freehire:product-data-analyst-applied-materials-rj2un6qg,Databricks,Data Engineering
freehire:product-data-analyst-applied-materials-rj2un6qg,Jira,Collaboration Tool
freehire:product-data-analyst-applied-materials-rj2un6qg,Power BI,BI / Visualization
freehire:product-data-analyst-applied-materials-rj2un6qg,SQL,Database / Query
freehire:product-data-analyst-applied-materials-rj2un6qg,Tableau,BI / Visualization
freehire:business-analyst-open-payment-framework-senior-associate-pwc-dc7dq6fe,Jira,Collaboration Tool
freehire:business-analyst-open-payment-framework-senior-associate-pwc-dc7dq6fe,Machine Learning,Machine Learning
freehire:business-analyst-open-payment-framework-senior-associate-pwc-dc7dq6fe,Python,Programming
freehire:business-analyst-open-payment-framework-manager-pwc-ordmnvpn,Jira,Collaboration Tool
freehire:business-analyst-open-payment-framework-manager-pwc-ordmnvpn,Machine Learning,Machine Learning
freehire:business-analyst-senior-1-rsm-z2yzpqjz,Azure,Cloud
freehire:business-analyst-senior-1-rsm-z2yzpqjz,Excel,Spreadsheet
freehire:distribution-data-management-analyst-franklin-templeton-s36u76ri,Excel,Spreadsheet
freehire:distribution-data-management-analyst-franklin-templeton-s36u76ri,SQL,Database / Query
freehire:manager-business-analyst-fil-gnbzvmhc,Excel,Spreadsheet
freehire:manager-business-analyst-fil-gnbzvmhc,Jira,Collaboration Tool
freehire:manager-business-analyst-fil-gnbzvmhc,SQL,Database / Query
freehire:data-analyst-2-comcast-umnuz4ri,AWS,Cloud
freehire:data-analyst-2-comcast-umnuz4ri,Hadoop,Data Engineering
freehire:data-analyst-2-comcast-umnuz4ri,SQL,Database / Query
freehire:data-analyst-2-comcast-umnuz4ri,SQL Server,Database / Query
freehire:data-analyst-iii-elsevier-vtskn33b,Databricks,Data Engineering
freehire:data-analyst-iii-elsevier-vtskn33b,Jira,Collaboration Tool
freehire:data-analyst-iii-elsevier-vtskn33b,Pandas,Programming
freehire:data-analyst-iii-elsevier-vtskn33b,Power BI,BI / Visualization
freehire:data-analyst-iii-elsevier-vtskn33b,Python,Programming
freehire:data-analyst-iii-elsevier-vtskn33b,SQL,Database / Query
freehire:data-analyst-iii-elsevier-vtskn33b,Snowflake,Cloud / Warehouse
freehire:data-analyst-iii-elsevier-vtskn33b,Spark,Data Engineering
freehire:data-analyst-iii-elsevier-vtskn33b,Statistics,Statistics / Analytics
freehire:data-analyst-iii-elsevier-vtskn33b,Tableau,BI / Visualization
freehire:data-analyst-iii-relx-xl6ordjp,Databricks,Data Engineering
freehire:data-analyst-iii-relx-xl6ordjp,Jira,Collaboration Tool
freehire:data-analyst-iii-relx-xl6ordjp,Pandas,Programming
freehire:data-analyst-iii-relx-xl6ordjp,Power BI,BI / Visualization
freehire:data-analyst-iii-relx-xl6ordjp,Python,Programming
freehire:data-analyst-iii-relx-xl6ordjp,SQL,Database / Query
freehire:data-analyst-iii-relx-xl6ordjp,Snowflake,Cloud / Warehouse
freehire:data-analyst-iii-relx-xl6ordjp,Spark,Data Engineering
freehire:data-analyst-iii-relx-xl6ordjp,Statistics,Statistics / Analytics
freehire:data-analyst-iii-relx-xl6ordjp,Tableau,BI / Visualization
freehire:business-analyst-ats-insc-amazon-255pkufr,SQL,Database / Query
freehire:sr-business-analyst-cognizant-evnj4lfp,Git,Developer Tool
freehire:sr-business-analyst-cognizant-evnj4lfp,Python,Programming
freehire:advanced-data-analyst-honeywell-v5ndlgrh,Data Modeling,Data Engineering
freehire:advanced-data-analyst-honeywell-v5ndlgrh,Excel,Spreadsheet
freehire:advanced-data-analyst-honeywell-v5ndlgrh,Power BI,BI / Visualization
freehire:advanced-data-analyst-honeywell-v5ndlgrh,Python,Programming
freehire:advanced-data-analyst-honeywell-v5ndlgrh,SAP,Enterprise Tool
freehire:advanced-data-analyst-honeywell-v5ndlgrh,SQL,Database / Query
freehire:business-analyst-offshore-photon-ctcon5hg,AWS,Cloud
freehire:business-analyst-offshore-photon-ctcon5hg,Azure,Cloud
freehire:business-analyst-offshore-photon-ctcon5hg,Git,Developer Tool
freehire:business-analyst-offshore-photon-ctcon5hg,Jira,Collaboration Tool
freehire:business-analyst-ecommerce-noida-ebizon-uho2bjzy,Excel,Spreadsheet
freehire:business-analyst-ecommerce-noida-ebizon-uho2bjzy,Power BI,BI / Visualization
freehire:bi-analyst-appian-3wd7bsc7,Tableau,BI / Visualization
freehire:technical-assistant-business-analyst-fouress-synergy-zfvlvey5,Excel,Spreadsheet
freehire:technical-assistant-business-analyst-fouress-synergy-zfvlvey5,Jira,Collaboration Tool
freehire:technical-assistant-business-analyst-fouress-synergy-zfvlvey5,Python,Programming
freehire:finance-data-analyst-informa-group-plc-ydepjkfw,Alteryx,Analytics Tool
freehire:finance-data-analyst-informa-group-plc-ydepjkfw,DAX,BI / Visualization
freehire:finance-data-analyst-informa-group-plc-ydepjkfw,Power BI,BI / Visualization
freehire:finance-data-analyst-informa-group-plc-ydepjkfw,Power Query,BI / Visualization
freehire:finance-data-analyst-informa-group-plc-ydepjkfw,SQL,Database / Query
freehire:finance-data-analyst-informa-group-ybu6v5qx,Alteryx,Analytics Tool
freehire:finance-data-analyst-informa-group-ybu6v5qx,DAX,BI / Visualization
freehire:finance-data-analyst-informa-group-ybu6v5qx,Data Modeling,Data Engineering
freehire:finance-data-analyst-informa-group-ybu6v5qx,Excel,Spreadsheet
freehire:finance-data-analyst-informa-group-ybu6v5qx,Forecasting,Statistics / Analytics
freehire:finance-data-analyst-informa-group-ybu6v5qx,Jira,Collaboration Tool
freehire:finance-data-analyst-informa-group-ybu6v5qx,Power BI,BI / Visualization
freehire:finance-data-analyst-informa-group-ybu6v5qx,Power Query,BI / Visualization
freehire:finance-data-analyst-informa-group-ybu6v5qx,SQL,Database / Query
freehire:data-analyst-headout-kwmpdzfs,Airflow,Data Engineering
freehire:data-analyst-headout-kwmpdzfs,Data Warehousing,Data Engineering
freehire:data-analyst-headout-kwmpdzfs,Looker,BI / Visualization
freehire:data-analyst-headout-kwmpdzfs,Power BI,BI / Visualization
freehire:data-analyst-headout-kwmpdzfs,Python,Programming
freehire:data-analyst-headout-kwmpdzfs,SQL,Database / Query
freehire:data-analyst-headout-kwmpdzfs,Tableau,BI / Visualization
freehire:data-analyst-headout-kwmpdzfs,dbt,Data Engineering
freehire:lead-data-analyst-growth-headout-vsprydgp,Forecasting,Statistics / Analytics
freehire:lead-data-analyst-growth-headout-vsprydgp,Python,Programming
freehire:lead-data-analyst-growth-headout-vsprydgp,SQL,Database / Query
freehire:data-analyst-labs-doordash-india-kiufm6yv,ETL,Data Engineering
freehire:data-analyst-labs-doordash-india-kiufm6yv,Excel,Spreadsheet
freehire:data-analyst-labs-doordash-india-kiufm6yv,Python,Programming
freehire:data-analyst-labs-doordash-india-kiufm6yv,Redshift,Cloud / Warehouse
freehire:data-analyst-labs-doordash-india-kiufm6yv,SQL,Database / Query
freehire:data-analyst-labs-doordash-india-kiufm6yv,Snowflake,Cloud / Warehouse
freehire:senior-business-intelligence-developer-gexl-chennai-getinz-people-ukk3dpso,AWS,Cloud
freehire:senior-business-intelligence-developer-gexl-chennai-getinz-people-ukk3dpso,Airflow,Data Engineering
freehire:senior-business-intelligence-developer-gexl-chennai-getinz-people-ukk3dpso,Azure,Cloud
freehire:senior-business-intelligence-developer-gexl-chennai-getinz-people-ukk3dpso,Data Modeling,Data Engineering
freehire:senior-business-intelligence-developer-gexl-chennai-getinz-people-ukk3dpso,Data Warehousing,Data Engineering
freehire:senior-business-intelligence-developer-gexl-chennai-getinz-people-ukk3dpso,ETL,Data Engineering
freehire:senior-business-intelligence-developer-gexl-chennai-getinz-people-ukk3dpso,GCP,Cloud
freehire:senior-business-intelligence-developer-gexl-chennai-getinz-people-ukk3dpso,Git,Developer Tool
freehire:senior-business-intelligence-developer-gexl-chennai-getinz-people-ukk3dpso,Machine Learning,Machine Learning
freehire:senior-business-intelligence-developer-gexl-chennai-getinz-people-ukk3dpso,Power BI,BI / Visualization
freehire:senior-business-intelligence-developer-gexl-chennai-getinz-people-ukk3dpso,Python,Programming
freehire:senior-business-intelligence-developer-gexl-chennai-getinz-people-ukk3dpso,SQL,Database / Query
freehire:senior-business-intelligence-developer-gexl-chennai-getinz-people-ukk3dpso,Snowflake,Cloud / Warehouse
freehire:senior-business-intelligence-developer-gexl-chennai-getinz-people-ukk3dpso,Statistics,Statistics / Analytics
freehire:senior-business-intelligence-developer-gexl-chennai-getinz-people-ukk3dpso,dbt,Data Engineering
freehire:business-analyst-cohere-health-dwad6ipd,Jira,Collaboration Tool
freehire:business-analyst-airline-industry-ecsme-crmrls5l,SQL,Database / Query
freehire:business-analyst-2-4-years-lending-phonepe-j7hxv4ni,Excel,Spreadsheet
freehire:business-analyst-2-4-years-lending-phonepe-j7hxv4ni,Machine Learning,Machine Learning
freehire:business-analyst-2-4-years-lending-phonepe-j7hxv4ni,Power BI,BI / Visualization
freehire:business-analyst-2-4-years-lending-phonepe-j7hxv4ni,Python,Programming
freehire:business-analyst-2-4-years-lending-phonepe-j7hxv4ni,Qlik,BI / Visualization
freehire:business-analyst-2-4-years-lending-phonepe-j7hxv4ni,SQL,Database / Query
freehire:business-analyst-2-4-years-lending-phonepe-j7hxv4ni,Tableau,BI / Visualization
freehire:senior-business-analyst-counterparty-credit-risk-ccr-mumbai-nxwave-ulu2suwj,Excel,Spreadsheet
freehire:senior-business-analyst-counterparty-credit-risk-ccr-mumbai-nxwave-ulu2suwj,Python,Programming
freehire:senior-business-analyst-counterparty-credit-risk-ccr-mumbai-nxwave-ulu2suwj,SQL,Database / Query
freehire:financial-data-analyst-squarepoint-capital-osvjoeo6,Excel,Spreadsheet
freehire:financial-data-analyst-squarepoint-capital-osvjoeo6,Forecasting,Statistics / Analytics
freehire:business-analyst-sap-successfactors-ecsme-sxyi2xlq,SAP,Enterprise Tool
freehire:business-intelligence-developer-bradken-vzfufpxz,Azure,Cloud
freehire:business-intelligence-developer-bradken-vzfufpxz,DAX,BI / Visualization
freehire:business-intelligence-developer-bradken-vzfufpxz,Data Warehousing,Data Engineering
freehire:business-intelligence-developer-bradken-vzfufpxz,ETL,Data Engineering
freehire:business-intelligence-developer-bradken-vzfufpxz,Git,Developer Tool
freehire:business-intelligence-developer-bradken-vzfufpxz,Power BI,BI / Visualization
freehire:business-intelligence-developer-bradken-vzfufpxz,SQL,Database / Query
freehire:business-intelligence-developer-bradken-vzfufpxz,SSIS,Data Engineering
freehire:business-intelligence-developer-bradken-vzfufpxz,Spark,Data Engineering
freehire:data-analyst-jll-cxi7jcko,AWS,Cloud
freehire:data-analyst-jll-cxi7jcko,Azure,Cloud
freehire:data-analyst-jll-cxi7jcko,Data Modeling,Data Engineering
freehire:data-analyst-jll-cxi7jcko,ELT,Data Engineering
freehire:data-analyst-jll-cxi7jcko,ETL,Data Engineering
freehire:data-analyst-jll-cxi7jcko,GCP,Cloud
freehire:data-analyst-jll-cxi7jcko,Git,Developer Tool
freehire:data-analyst-jll-cxi7jcko,NumPy,Programming
freehire:data-analyst-jll-cxi7jcko,Pandas,Programming
freehire:data-analyst-jll-cxi7jcko,Power BI,BI / Visualization
freehire:data-analyst-jll-cxi7jcko,Python,Programming
freehire:data-analyst-jll-cxi7jcko,SQL,Database / Query
freehire:data-analyst-jll-cxi7jcko,Statistics,Statistics / Analytics
freehire:data-analyst-jll-cxi7jcko,Tableau,BI / Visualization
freehire:engineering-client-data-stewardship-analyst-bengaluru-goldman-sachs-w24oedh5,SQL,Database / Query
freehire:technical-business-analyst-avp-db-uqj5k4o3,Excel,Spreadsheet
freehire:technical-business-analyst-avp-db-uqj5k4o3,Jira,Collaboration Tool
freehire:technical-business-analyst-avp-db-uqj5k4o3,SQL,Database / Query
freehire:assistant-manager-data-analyst-guidehouse-l5dnek2g,Excel,Spreadsheet
freehire:assistant-manager-data-analyst-guidehouse-l5dnek2g,Power BI,BI / Visualization
freehire:assistant-manager-data-analyst-guidehouse-l5dnek2g,Python,Programming
freehire:assistant-manager-data-analyst-guidehouse-l5dnek2g,SQL,Database / Query
freehire:assistant-manager-data-analyst-guidehouse-l5dnek2g,Statistics,Statistics / Analytics
freehire:lead-data-analyst-guidehouse-tfklzrql,Data Modeling,Data Engineering
freehire:lead-data-analyst-guidehouse-tfklzrql,Excel,Spreadsheet
freehire:lead-data-analyst-guidehouse-tfklzrql,Power BI,BI / Visualization
freehire:lead-data-analyst-guidehouse-tfklzrql,Python,Programming
freehire:lead-data-analyst-guidehouse-tfklzrql,SQL,Database / Query
freehire:data-integration-etl-analyst-mufgub-f74ld7vk,Data Warehousing,Data Engineering
freehire:data-integration-etl-analyst-mufgub-f74ld7vk,ETL,Data Engineering
freehire:data-integration-etl-analyst-mufgub-f74ld7vk,Git,Developer Tool
freehire:data-integration-etl-analyst-mufgub-f74ld7vk,Python,Programming
freehire:data-integration-etl-analyst-mufgub-f74ld7vk,SQL,Database / Query
freehire:data-integration-etl-analyst-mufgub-f74ld7vk,Snowflake,Cloud / Warehouse
freehire:data-analyst-senior-ii-fedex-idx5zsmi,Azure,Cloud
freehire:data-analyst-senior-ii-fedex-idx5zsmi,Data Modeling,Data Engineering
freehire:data-analyst-senior-ii-fedex-idx5zsmi,Power BI,BI / Visualization
freehire:data-analyst-senior-ii-fedex-idx5zsmi,Python,Programming
freehire:data-analyst-senior-ii-fedex-idx5zsmi,SAS,Statistics / Analytics
freehire:data-analyst-senior-ii-fedex-idx5zsmi,SQL,Database / Query
freehire:data-analyst-senior-ii-fedex-idx5zsmi,SQL Server,Database / Query
freehire:data-analyst-senior-ii-fedex-idx5zsmi,Statistics,Statistics / Analytics
freehire:data-analyst-senior-ii-fedex-idx5zsmi,Tableau,BI / Visualization
freehire:global-hsw-data-analyst-arcadis-qgljjshg,Power BI,BI / Visualization
freehire:senior-it-analyst-applications-business-analyst-servigistics-spm-caterpillar-inc-dxxquhwf,Forecasting,Statistics / Analytics
freehire:senior-it-analyst-applications-business-analyst-servigistics-spm-caterpillar-inc-dxxquhwf,Regression,Statistics / Analytics
freehire:senior-data-analyst-i-relx-zr4u4os4,Databricks,Data Engineering
freehire:senior-data-analyst-i-relx-zr4u4os4,Jira,Collaboration Tool
freehire:senior-data-analyst-i-relx-zr4u4os4,Pandas,Programming
freehire:senior-data-analyst-i-relx-zr4u4os4,Power BI,BI / Visualization
freehire:senior-data-analyst-i-relx-zr4u4os4,Python,Programming
freehire:senior-data-analyst-i-relx-zr4u4os4,SQL,Database / Query
freehire:senior-data-analyst-i-relx-zr4u4os4,Snowflake,Cloud / Warehouse
freehire:senior-data-analyst-i-relx-zr4u4os4,Spark,Data Engineering
freehire:senior-data-analyst-i-relx-zr4u4os4,Statistics,Statistics / Analytics
freehire:senior-data-analyst-i-relx-zr4u4os4,Tableau,BI / Visualization
freehire:data-business-analyst-credit-risk-change-db-lfgx7fwz,Excel,Spreadsheet
freehire:data-business-analyst-credit-risk-change-db-lfgx7fwz,Jira,Collaboration Tool
freehire:data-business-analyst-credit-risk-change-db-lfgx7fwz,Python,Programming
freehire:data-business-analyst-credit-risk-change-db-lfgx7fwz,SQL,Database / Query
freehire:associate-distribution-data-management-analyst-franklin-templeton-skg3yq52,Excel,Spreadsheet
freehire:associate-distribution-data-management-analyst-franklin-templeton-skg3yq52,SQL,Database / Query
freehire:incremental-crm-business-analyst-2-barclays-us5kt2tz,Excel,Spreadsheet
freehire:incremental-crm-business-analyst-2-barclays-us5kt2tz,Jira,Collaboration Tool
freehire:incremental-crm-business-analyst-2-barclays-us5kt2tz,SQL,Database / Query
freehire:data-analyst-senior-fedex-v55l775h,Data Modeling,Data Engineering
freehire:data-analyst-senior-fedex-v55l775h,Statistics,Statistics / Analytics
freehire:senior-data-analyst-i-elsevier-ezl75tqy,Databricks,Data Engineering
freehire:senior-data-analyst-i-elsevier-ezl75tqy,Jira,Collaboration Tool
freehire:senior-data-analyst-i-elsevier-ezl75tqy,Pandas,Programming
freehire:senior-data-analyst-i-elsevier-ezl75tqy,Power BI,BI / Visualization
freehire:senior-data-analyst-i-elsevier-ezl75tqy,Python,Programming
freehire:senior-data-analyst-i-elsevier-ezl75tqy,SQL,Database / Query
freehire:senior-data-analyst-i-elsevier-ezl75tqy,Snowflake,Cloud / Warehouse
freehire:senior-data-analyst-i-elsevier-ezl75tqy,Spark,Data Engineering
freehire:senior-data-analyst-i-elsevier-ezl75tqy,Statistics,Statistics / Analytics
freehire:senior-data-analyst-i-elsevier-ezl75tqy,Tableau,BI / Visualization
freehire:senior-data-analyst-iii-elsevier-ve7lq7ly,AWS,Cloud
freehire:senior-data-analyst-iii-elsevier-ve7lq7ly,Data Modeling,Data Engineering
freehire:senior-data-analyst-iii-elsevier-ve7lq7ly,Power BI,BI / Visualization
freehire:senior-data-analyst-iii-elsevier-ve7lq7ly,Python,Programming
freehire:senior-data-analyst-iii-elsevier-ve7lq7ly,SQL,Database / Query
freehire:senior-data-analyst-iii-elsevier-ve7lq7ly,Snowflake,Cloud / Warehouse
freehire:senior-data-analyst-iii-elsevier-ve7lq7ly,Tableau,BI / Visualization
freehire:senior-data-analyst-iii-elsevier-ve7lq7ly,dbt,Data Engineering
freehire:senior-business-analyst-parexel-ciann5ty,GCP,Cloud
freehire:senior-business-analyst-parexel-ciann5ty,Jira,Collaboration Tool
freehire:senior-data-analyst-i-apec2026-002-marriott-tech-accelerator-bzuvwq7t,Azure,Cloud
freehire:senior-data-analyst-i-apec2026-002-marriott-tech-accelerator-bzuvwq7t,ELT,Data Engineering
freehire:senior-data-analyst-i-apec2026-002-marriott-tech-accelerator-bzuvwq7t,ETL,Data Engineering
freehire:senior-data-analyst-i-apec2026-002-marriott-tech-accelerator-bzuvwq7t,Machine Learning,Machine Learning
freehire:senior-data-analyst-i-apec2026-002-marriott-tech-accelerator-bzuvwq7t,Power BI,BI / Visualization
freehire:senior-data-analyst-i-apec2026-002-marriott-tech-accelerator-bzuvwq7t,Python,Programming
freehire:senior-data-analyst-i-apec2026-002-marriott-tech-accelerator-bzuvwq7t,SQL,Database / Query
freehire:senior-data-analyst-i-apec2026-002-marriott-tech-accelerator-bzuvwq7t,Statistics,Statistics / Analytics
freehire:big-data-analytics-and-engineering-analyst-mastercard-us-7z4l4iie,AWS,Cloud
freehire:big-data-analytics-and-engineering-analyst-mastercard-us-7z4l4iie,Airflow,Data Engineering
freehire:big-data-analytics-and-engineering-analyst-mastercard-us-7z4l4iie,Azure,Cloud
freehire:big-data-analytics-and-engineering-analyst-mastercard-us-7z4l4iie,Data Modeling,Data Engineering
freehire:big-data-analytics-and-engineering-analyst-mastercard-us-7z4l4iie,ELT,Data Engineering
freehire:big-data-analytics-and-engineering-analyst-mastercard-us-7z4l4iie,ETL,Data Engineering
freehire:big-data-analytics-and-engineering-analyst-mastercard-us-7z4l4iie,GCP,Cloud
freehire:big-data-analytics-and-engineering-analyst-mastercard-us-7z4l4iie,Git,Developer Tool
freehire:big-data-analytics-and-engineering-analyst-mastercard-us-7z4l4iie,Hadoop,Data Engineering
freehire:big-data-analytics-and-engineering-analyst-mastercard-us-7z4l4iie,Python,Programming
freehire:big-data-analytics-and-engineering-analyst-mastercard-us-7z4l4iie,SQL,Database / Query
freehire:big-data-analytics-and-engineering-analyst-mastercard-us-7z4l4iie,Spark,Data Engineering
freehire:business-intelligence-analyst-travel-leaders-group-xl6qrndn,Excel,Spreadsheet
freehire:business-intelligence-analyst-travel-leaders-group-xl6qrndn,Machine Learning,Machine Learning
freehire:business-intelligence-analyst-travel-leaders-group-xl6qrndn,Power BI,BI / Visualization
freehire:business-intelligence-analyst-travel-leaders-group-xl6qrndn,SQL,Database / Query
freehire:business-intelligence-analyst-travel-leaders-group-xl6qrndn,SQL Server,Database / Query
freehire:data-analyst-astrazeneca-txxmp2a6,AWS,Cloud
freehire:data-analyst-astrazeneca-txxmp2a6,Data Modeling,Data Engineering
freehire:data-analyst-astrazeneca-txxmp2a6,Data Warehousing,Data Engineering
freehire:data-analyst-astrazeneca-txxmp2a6,Databricks,Data Engineering
freehire:data-analyst-astrazeneca-txxmp2a6,ETL,Data Engineering
freehire:data-analyst-astrazeneca-txxmp2a6,Python,Programming
freehire:data-analyst-astrazeneca-txxmp2a6,Redshift,Cloud / Warehouse
freehire:data-analyst-astrazeneca-txxmp2a6,Spark,Data Engineering
freehire:data-analyst-astrazeneca-txxmp2a6,Statistics,Statistics / Analytics
freehire:senior-data-analyst-nasdaq-stock-market-data-updates-reports-news-ee64l53f,Databricks,Data Engineering
freehire:senior-data-analyst-nasdaq-stock-market-data-updates-reports-news-ee64l53f,Git,Developer Tool
freehire:senior-data-analyst-nasdaq-stock-market-data-updates-reports-news-ee64l53f,Power BI,BI / Visualization
freehire:senior-data-analyst-nasdaq-stock-market-data-updates-reports-news-ee64l53f,SQL,Database / Query
freehire:senior-data-analyst-nasdaq-stock-market-data-updates-reports-news-ee64l53f,Snowflake,Cloud / Warehouse
freehire:data-business-analyst-nasdaq-stock-market-data-updates-reports-news-n5fs3asn,Excel,Spreadsheet
freehire:data-business-analyst-nasdaq-stock-market-data-updates-reports-news-n5fs3asn,Python,Programming
freehire:data-business-analyst-nasdaq-stock-market-data-updates-reports-news-n5fs3asn,SQL,Database / Query
freehire:climate-data-analyst-msci-recruitment-2026-associate-software-engineer-ai-python-h7ghe35f,Excel,Spreadsheet
freehire:climate-data-analyst-msci-recruitment-2026-associate-software-engineer-ai-python-h7ghe35f,Statistics,Statistics / Analytics
freehire:senior-product-analyst-dunnhumby-4bukmhmw,A/B Testing,Statistics / Analytics
freehire:senior-product-analyst-dunnhumby-4bukmhmw,Statistics,Statistics / Analytics
freehire:deputy-manager-data-analyst-finance-paytm-vr3wh5w6,Excel,Spreadsheet
freehire:deputy-manager-data-analyst-finance-paytm-vr3wh5w6,Forecasting,Statistics / Analytics
freehire:deputy-manager-data-analyst-finance-paytm-vr3wh5w6,Power BI,BI / Visualization
freehire:deputy-manager-data-analyst-finance-paytm-vr3wh5w6,Python,Programming
freehire:deputy-manager-data-analyst-finance-paytm-vr3wh5w6,SQL,Database / Query
freehire:deputy-manager-data-analyst-finance-paytm-vr3wh5w6,Tableau,BI / Visualization
freehire:lead-data-analyst-razorpaysoftwareprivatelimited-w7fmoxm5,Excel,Spreadsheet
freehire:lead-data-analyst-razorpaysoftwareprivatelimited-w7fmoxm5,Machine Learning,Machine Learning
freehire:lead-data-analyst-razorpaysoftwareprivatelimited-w7fmoxm5,Power BI,BI / Visualization
freehire:lead-data-analyst-razorpaysoftwareprivatelimited-w7fmoxm5,Python,Programming
freehire:lead-data-analyst-razorpaysoftwareprivatelimited-w7fmoxm5,SQL,Database / Query
freehire:lead-data-analyst-razorpaysoftwareprivatelimited-w7fmoxm5,Statistics,Statistics / Analytics
freehire:lead-data-analyst-razorpaysoftwareprivatelimited-w7fmoxm5,Tableau,BI / Visualization
freehire:sap-wm-senior-product-analyst-soprasteria1-yxh7tp72,SAP,Enterprise Tool
freehire:senior-business-analyst-enh-isecure-q6orvkwk,Excel,Spreadsheet
freehire:senior-business-analyst-enh-isecure-q6orvkwk,Jira,Collaboration Tool
freehire:senior-business-analyst-enh-isecure-q6orvkwk,Power BI,BI / Visualization
freehire:senior-business-analyst-enh-isecure-q6orvkwk,SQL,Database / Query
freehire:data-analyst-fampay-er3imeof,BigQuery,Cloud / Warehouse
freehire:data-analyst-fampay-er3imeof,Excel,Spreadsheet
freehire:data-analyst-fampay-er3imeof,Looker,BI / Visualization
freehire:data-analyst-fampay-er3imeof,Python,Programming
freehire:data-analyst-fampay-er3imeof,Redshift,Cloud / Warehouse
freehire:data-analyst-fampay-er3imeof,SQL,Database / Query
freehire:associate-manager-data-analyst-standard-chartered-affebi2i,ETL,Data Engineering
freehire:associate-manager-data-analyst-standard-chartered-affebi2i,Machine Learning,Machine Learning
freehire:bap-data-analyst-jobgether-zaj3cll6,Data Modeling,Data Engineering
freehire:bap-data-analyst-jobgether-zaj3cll6,Python,Programming
freehire:bap-data-analyst-jobgether-zaj3cll6,SQL,Database / Query
freehire:bap-data-analyst-jobgether-zaj3cll6,Spark,Data Engineering
freehire:bap-data-analyst-jobgether-zaj3cll6,Statistics,Statistics / Analytics
freehire:binance-acceleration-program-product-data-analyst-jobgether-lpwd2vye,A/B Testing,Statistics / Analytics
freehire:binance-acceleration-program-product-data-analyst-jobgether-lpwd2vye,Airflow,Data Engineering
freehire:binance-acceleration-program-product-data-analyst-jobgether-lpwd2vye,Power BI,BI / Visualization
freehire:binance-acceleration-program-product-data-analyst-jobgether-lpwd2vye,Python,Programming
freehire:binance-acceleration-program-product-data-analyst-jobgether-lpwd2vye,SQL,Database / Query
freehire:binance-acceleration-program-product-data-analyst-jobgether-lpwd2vye,Spark,Data Engineering
freehire:binance-acceleration-program-product-data-analyst-jobgether-lpwd2vye,Statistics,Statistics / Analytics
freehire:binance-acceleration-program-product-data-analyst-jobgether-lpwd2vye,Tableau,BI / Visualization
freehire:business-analyst-wfh-jobgether-35laxxyn,Power BI,BI / Visualization
freehire:business-analyst-wfh-jobgether-35laxxyn,SQL,Database / Query
freehire:business-analyst-wfh-jobgether-35laxxyn,Tableau,BI / Visualization
freehire:business-intelligence-analyst-trane-technologies-l6roj2gz,Power BI,BI / Visualization
freehire:business-intelligence-analyst-trane-technologies-l6roj2gz,Tableau,BI / Visualization
freehire:associate-data-analyst-officeworks-kwh3w2aa,Excel,Spreadsheet
freehire:associate-data-analyst-officeworks-kwh3w2aa,Power BI,BI / Visualization
freehire:associate-data-analyst-officeworks-kwh3w2aa,SQL,Database / Query
freehire:associate-data-analyst-officeworks-kwh3w2aa,Tableau,BI / Visualization
freehire:senior-data-analyst-albertsons-companies-india-vvsebwkm,Data Warehousing,Data Engineering
freehire:senior-data-analyst-albertsons-companies-india-vvsebwkm,Python,Programming
freehire:senior-data-analyst-albertsons-companies-india-vvsebwkm,SQL,Database / Query
freehire:senior-data-insight-analyst-albertsons-companies-india-pnkqvdu3,A/B Testing,Statistics / Analytics
freehire:senior-data-insight-analyst-albertsons-companies-india-pnkqvdu3,Databricks,Data Engineering
freehire:senior-data-insight-analyst-albertsons-companies-india-pnkqvdu3,Forecasting,Statistics / Analytics
freehire:senior-data-insight-analyst-albertsons-companies-india-pnkqvdu3,Pandas,Programming
freehire:senior-data-insight-analyst-albertsons-companies-india-pnkqvdu3,Python,Programming
freehire:senior-data-insight-analyst-albertsons-companies-india-pnkqvdu3,Regression,Statistics / Analytics
freehire:senior-data-insight-analyst-albertsons-companies-india-pnkqvdu3,SQL,Database / Query
freehire:senior-data-insight-analyst-albertsons-companies-india-pnkqvdu3,Snowflake,Cloud / Warehouse
freehire:senior-data-insight-analyst-albertsons-companies-india-pnkqvdu3,Statistics,Statistics / Analytics
freehire:principal-data-analyst-albertsons-companies-india-nuge2egh,Machine Learning,Machine Learning
freehire:principal-data-analyst-albertsons-companies-india-nuge2egh,SQL,Database / Query
freehire:senior-data-analyst-tjx-india-ge6evli5,Data Modeling,Data Engineering
freehire:senior-data-analyst-tjx-india-ge6evli5,Excel,Spreadsheet
freehire:senior-data-analyst-tjx-india-ge6evli5,Power BI,BI / Visualization
freehire:senior-data-analyst-tjx-india-ge6evli5,Power Query,BI / Visualization
freehire:business-intelligence-analyst-i-technology-kroll-q4npb4ag,Azure,Cloud
freehire:business-intelligence-analyst-i-technology-kroll-q4npb4ag,Git,Developer Tool
freehire:business-intelligence-analyst-i-technology-kroll-q4npb4ag,Power BI,BI / Visualization
freehire:business-intelligence-analyst-i-technology-kroll-q4npb4ag,Python,Programming
freehire:senior-business-analyst-zensar-tdnrxsbm,Azure,Cloud
freehire:senior-business-analyst-zensar-tdnrxsbm,Jira,Collaboration Tool
freehire:senior-business-analyst-zensar-technologies-wi77a3fu,Azure,Cloud
freehire:senior-business-analyst-zensar-technologies-wi77a3fu,Jira,Collaboration Tool
freehire:catastrophe-risk-analyst-senior-analyst-wtw-fzkhcder,Power BI,BI / Visualization
freehire:business-analyst-direct-channels-barclays-whrnhk4g,Jira,Collaboration Tool
freehire:business-analyst-direct-channels-barclays-whrnhk4g,SQL,Database / Query
freehire:wholesale-lending-services-analytics-solutions-analyst-jp-morgan-chase-az44o4my,Alteryx,Analytics Tool
freehire:wholesale-lending-services-analytics-solutions-analyst-jp-morgan-chase-az44o4my,Excel,Spreadsheet
freehire:wholesale-lending-services-analytics-solutions-analyst-jp-morgan-chase-az44o4my,Jira,Collaboration Tool
freehire:wholesale-lending-services-analytics-solutions-analyst-jp-morgan-chase-az44o4my,Qlik,BI / Visualization
freehire:wholesale-lending-services-analytics-solutions-analyst-jp-morgan-chase-az44o4my,SQL,Database / Query
freehire:wholesale-lending-services-analytics-solutions-analyst-jp-morgan-chase-az44o4my,Tableau,BI / Visualization
freehire:sr-spclst-scitara-business-analyst-merck-jda3et4g,Jira,Collaboration Tool
freehire:reference-data-analyst-jp-morgan-chase-whkoaxzc,Excel,Spreadsheet
freehire:quant-model-risk-analyst-jp-morgan-chase-f5u6zmfr,Python,Programming
freehire:quant-model-risk-analyst-jp-morgan-chase-f5u6zmfr,Statistics,Statistics / Analytics
freehire:business-analyst-exl-tdfzwpyk,SQL,Database / Query
freehire:data-analyst-administration-operational-resilience-tooling-operational-excellence-wtw-os74wpk5,Excel,Spreadsheet
freehire:data-analyst-administration-operational-resilience-tooling-operational-excellence-wtw-os74wpk5,Power BI,BI / Visualization
freehire:data-analyst-administration-operational-resilience-tooling-operational-excellence-wtw-os74wpk5,SQL,Database / Query
freehire:wholesale-lending-services-analytics-solutions-analyst-jpmorganchase-7pqefexb,Alteryx,Analytics Tool
freehire:wholesale-lending-services-analytics-solutions-analyst-jpmorganchase-7pqefexb,Excel,Spreadsheet
freehire:wholesale-lending-services-analytics-solutions-analyst-jpmorganchase-7pqefexb,Jira,Collaboration Tool
freehire:wholesale-lending-services-analytics-solutions-analyst-jpmorganchase-7pqefexb,Qlik,BI / Visualization
freehire:wholesale-lending-services-analytics-solutions-analyst-jpmorganchase-7pqefexb,SQL,Database / Query
freehire:wholesale-lending-services-analytics-solutions-analyst-jpmorganchase-7pqefexb,Tableau,BI / Visualization
freehire:reference-data-analyst-jpmorganchase-m5vabjw3,Excel,Spreadsheet
freehire:quant-model-risk-analyst-jpmorganchase-lsfi3gve,Python,Programming
freehire:quant-model-risk-analyst-jpmorganchase-lsfi3gve,Statistics,Statistics / Analytics
freehire:in-senior-associate-credit-risk-analyst-fst-captives-advisory-pune-pwc-yc4eggmi,Statistics,Statistics / Analytics
freehire:data-analyst-barclays-fjlit3jq,Machine Learning,Machine Learning
freehire:data-analyst-barclays-fjlit3jq,Python,Programming
freehire:bi-visualization-reporting-analyst-i-bristol-myers-squibb-nlxinwxg,Data Modeling,Data Engineering
freehire:bi-visualization-reporting-analyst-i-bristol-myers-squibb-nlxinwxg,Data Warehousing,Data Engineering
freehire:bi-visualization-reporting-analyst-i-bristol-myers-squibb-nlxinwxg,ETL,Data Engineering
freehire:bi-visualization-reporting-analyst-i-bristol-myers-squibb-nlxinwxg,Excel,Spreadsheet
freehire:bi-visualization-reporting-analyst-i-bristol-myers-squibb-nlxinwxg,Power BI,BI / Visualization
freehire:bi-visualization-reporting-analyst-i-bristol-myers-squibb-nlxinwxg,SQL,Database / Query
freehire:bi-visualization-reporting-analyst-i-bristol-myers-squibb-nlxinwxg,Tableau,BI / Visualization
freehire:bi-visualization-reporting-analyst-iii-bristol-myers-squibb-dqokv4e6,Data Modeling,Data Engineering
freehire:bi-visualization-reporting-analyst-iii-bristol-myers-squibb-dqokv4e6,Data Warehousing,Data Engineering
freehire:bi-visualization-reporting-analyst-iii-bristol-myers-squibb-dqokv4e6,Databricks,Data Engineering
freehire:bi-visualization-reporting-analyst-iii-bristol-myers-squibb-dqokv4e6,ETL,Data Engineering
freehire:bi-visualization-reporting-analyst-iii-bristol-myers-squibb-dqokv4e6,Excel,Spreadsheet
freehire:bi-visualization-reporting-analyst-iii-bristol-myers-squibb-dqokv4e6,Power BI,BI / Visualization
freehire:bi-visualization-reporting-analyst-iii-bristol-myers-squibb-dqokv4e6,SQL,Database / Query
freehire:sr-business-analyst-sprinklr-ulc4gbiv,Excel,Spreadsheet
freehire:sr-business-analyst-sprinklr-ulc4gbiv,Forecasting,Statistics / Analytics
freehire:sr-business-analyst-sprinklr-ulc4gbiv,Power BI,BI / Visualization
freehire:sr-business-analyst-sprinklr-ulc4gbiv,SQL,Database / Query
freehire:sr-business-analyst-sprinklr-ulc4gbiv,Tableau,BI / Visualization
freehire:business-data-intelligence-analyst-novartis-ky5u4ske,Excel,Spreadsheet
freehire:business-data-intelligence-analyst-novartis-ky5u4ske,Forecasting,Statistics / Analytics
freehire:business-data-intelligence-analyst-novartis-ky5u4ske,Python,Programming
freehire:business-data-intelligence-analyst-novartis-ky5u4ske,Statistics,Statistics / Analytics
freehire:senior-business-analyst-broadridge-dqtoksuj,Excel,Spreadsheet
freehire:senior-business-analyst-broadridge-dqtoksuj,SQL,Database / Query
freehire:senior-it-business-analyst-medtronic-cquzp5pi,Databricks,Data Engineering
freehire:senior-it-business-analyst-medtronic-cquzp5pi,Snowflake,Cloud / Warehouse
freehire:business-analyst-salesforce-docusign-3-6-years-pune-worldpay-v235b2p4,Jira,Collaboration Tool
freehire:business-analyst-salesforce-docusign-3-6-years-pune-worldpay-v235b2p4,Tableau,BI / Visualization
freehire:sap-pp-qm-senior-business-analyst-mdtkangaroo-ggh5h3ut,SAP,Enterprise Tool
freehire:advanced-data-analyst-honeywell-nieenrpr,DAX,BI / Visualization
freehire:advanced-data-analyst-honeywell-nieenrpr,Data Modeling,Data Engineering
freehire:advanced-data-analyst-honeywell-nieenrpr,Power BI,BI / Visualization
freehire:advanced-data-analyst-honeywell-nieenrpr,SQL,Database / Query
freehire:senior-product-analyst-alegeus-zjze2ys2,Looker,BI / Visualization
freehire:senior-product-analyst-alegeus-zjze2ys2,Power BI,BI / Visualization
freehire:senior-product-analyst-alegeus-zjze2ys2,SQL,Database / Query
freehire:senior-product-analyst-alegeus-zjze2ys2,Snowflake,Cloud / Warehouse
freehire:senior-product-analyst-alegeus-zjze2ys2,Statistics,Statistics / Analytics
freehire:senior-product-analyst-alegeus-zjze2ys2,Tableau,BI / Visualization
freehire:business-analyst-ic-exl-dc4yn467,A/B Testing,Statistics / Analytics
freehire:business-analyst-ic-exl-dc4yn467,Jira,Collaboration Tool
freehire:business-analyst-ic-exl-dc4yn467,Power BI,BI / Visualization
freehire:business-analyst-ic-exl-dc4yn467,SQL,Database / Query
freehire:reporting-analyst-ii-quickenloans-ko66zh6n,Excel,Spreadsheet
freehire:reporting-analyst-ii-quickenloans-ko66zh6n,Power BI,BI / Visualization
freehire:reporting-analyst-ii-quickenloans-ko66zh6n,SQL,Database / Query
freehire:reporting-analyst-ii-quickenloans-ko66zh6n,Tableau,BI / Visualization
freehire:insights-analyst-bi-reporting-weekday-1-uzjvpeyn,Excel,Spreadsheet
freehire:insights-analyst-bi-reporting-weekday-1-uzjvpeyn,Power BI,BI / Visualization
freehire:insights-analyst-bi-reporting-weekday-1-uzjvpeyn,Qlik,BI / Visualization
freehire:insights-analyst-bi-reporting-weekday-1-uzjvpeyn,SQL,Database / Query
freehire:insights-analyst-bi-reporting-weekday-1-uzjvpeyn,Tableau,BI / Visualization
freehire:lead-analyst-quantitative-risk-analytics-4c-genpact-uczyimjl,Azure,Cloud
freehire:lead-analyst-quantitative-risk-analytics-4c-genpact-uczyimjl,Excel,Spreadsheet
freehire:lead-analyst-quantitative-risk-analytics-4c-genpact-uczyimjl,Power BI,BI / Visualization
freehire:lead-analyst-quantitative-risk-analytics-4c-genpact-uczyimjl,Python,Programming
freehire:lead-analyst-quantitative-risk-analytics-4c-genpact-uczyimjl,Regression,Statistics / Analytics
freehire:lead-analyst-quantitative-risk-analytics-4c-genpact-uczyimjl,SAS,Statistics / Analytics
freehire:lead-analyst-quantitative-risk-analytics-4c-genpact-uczyimjl,Statistics,Statistics / Analytics
freehire:lead-analyst-quantitative-risk-analytics-4c-genpact-uczyimjl,Tableau,BI / Visualization
freehire:senior-product-analyst-legal-regulatory-product-jpmorganchase-4ddk3tmb,Excel,Spreadsheet
freehire:senior-product-analyst-legal-regulatory-product-jpmorganchase-4ddk3tmb,Git,Developer Tool
freehire:senior-product-analyst-legal-regulatory-product-jpmorganchase-4ddk3tmb,Jira,Collaboration Tool
freehire:senior-product-analyst-legal-regulatory-product-jp-morgan-chase-btviclon,Excel,Spreadsheet
freehire:senior-product-analyst-legal-regulatory-product-jp-morgan-chase-btviclon,Git,Developer Tool
freehire:senior-product-analyst-legal-regulatory-product-jp-morgan-chase-btviclon,Jira,Collaboration Tool
freehire:analyst-i-business-intelligence-tableau-general-mills-5ylrlgh7,BigQuery,Cloud / Warehouse
freehire:analyst-i-business-intelligence-tableau-general-mills-5ylrlgh7,Data Warehousing,Data Engineering
freehire:analyst-i-business-intelligence-tableau-general-mills-5ylrlgh7,ETL,Data Engineering
freehire:analyst-i-business-intelligence-tableau-general-mills-5ylrlgh7,Excel,Spreadsheet
freehire:analyst-i-business-intelligence-tableau-general-mills-5ylrlgh7,Looker,BI / Visualization
freehire:analyst-i-business-intelligence-tableau-general-mills-5ylrlgh7,Machine Learning,Machine Learning
freehire:analyst-i-business-intelligence-tableau-general-mills-5ylrlgh7,Python,Programming
freehire:analyst-i-business-intelligence-tableau-general-mills-5ylrlgh7,SAP,Enterprise Tool
freehire:analyst-i-business-intelligence-tableau-general-mills-5ylrlgh7,SQL,Database / Query
freehire:analyst-i-business-intelligence-tableau-general-mills-5ylrlgh7,SQL Server,Database / Query
freehire:analyst-i-business-intelligence-tableau-general-mills-5ylrlgh7,Tableau,BI / Visualization
freehire:senior-product-analyst-lokal-app-jifhpqwt,A/B Testing,Statistics / Analytics
freehire:senior-product-analyst-lokal-app-jifhpqwt,BigQuery,Cloud / Warehouse
freehire:senior-product-analyst-lokal-app-jifhpqwt,Looker,BI / Visualization
freehire:senior-product-analyst-lokal-app-jifhpqwt,Power BI,BI / Visualization
freehire:senior-product-analyst-lokal-app-jifhpqwt,Python,Programming
freehire:senior-product-analyst-lokal-app-jifhpqwt,SQL,Database / Query
freehire:senior-product-analyst-lokal-app-jifhpqwt,Spark,Data Engineering
freehire:senior-product-analyst-lokal-app-jifhpqwt,Tableau,BI / Visualization
freehire:mle-bench-data-analyst-turing-jobs-feed-i3durdy7,Machine Learning,Machine Learning
freehire:mle-bench-data-analyst-turing-jobs-feed-i3durdy7,Python,Programming
freehire:mle-bench-data-analyst-turing-jobs-feed-i3durdy7,SQL,Database / Query
freehire:mle-bench-data-analyst-turing-jobs-feed-i3durdy7,Statistics,Statistics / Analytics
freehire:business-analyst-enterprise-application-projects-emagine-polska-le6iimld,Azure,Cloud
freehire:business-analyst-enterprise-application-projects-emagine-polska-le6iimld,Jira,Collaboration Tool
freehire:business-analyst-enterprise-application-projects-emagine-polska-le6iimld,SQL,Database / Query
freehire:senior-data-analyst-sales-analytics-fastly-aicn3f7c,BigQuery,Cloud / Warehouse
freehire:senior-data-analyst-sales-analytics-fastly-aicn3f7c,Data Warehousing,Data Engineering
freehire:senior-data-analyst-sales-analytics-fastly-aicn3f7c,ETL,Data Engineering
freehire:senior-data-analyst-sales-analytics-fastly-aicn3f7c,Git,Developer Tool
freehire:senior-data-analyst-sales-analytics-fastly-aicn3f7c,Looker,BI / Visualization
freehire:senior-data-analyst-sales-analytics-fastly-aicn3f7c,Power BI,BI / Visualization
freehire:senior-data-analyst-sales-analytics-fastly-aicn3f7c,Python,Programming
freehire:senior-data-analyst-sales-analytics-fastly-aicn3f7c,SQL,Database / Query
freehire:senior-data-analyst-sales-analytics-fastly-aicn3f7c,Tableau,BI / Visualization
freehire:senior-data-analyst-sales-analytics-fastly-aicn3f7c,dbt,Data Engineering
freehire:data-analytics-and-visualization-analyst-johnson-johnson-b2khcb3u,Excel,Spreadsheet
freehire:data-analytics-and-visualization-analyst-johnson-johnson-b2khcb3u,Power BI,BI / Visualization
freehire:data-analytics-and-visualization-analyst-johnson-johnson-b2khcb3u,SQL,Database / Query
freehire:data-analytics-and-visualization-analyst-johnson-johnson-b2khcb3u,Statistics,Statistics / Analytics
freehire:data-analytics-and-visualization-analyst-johnson-johnson-b2khcb3u,Tableau,BI / Visualization
freehire:billing-and-reporting-analyst-eversana-2hdknprr,Excel,Spreadsheet
freehire:data-analyst-rehlko-mcjjfv6o,Excel,Spreadsheet
freehire:data-analyst-rehlko-mcjjfv6o,Power BI,BI / Visualization
freehire:data-analyst-rehlko-mcjjfv6o,SAP,Enterprise Tool
freehire:business-analyst-enterprise-application-projects-emagine-74va3wna,Azure,Cloud
freehire:business-analyst-enterprise-application-projects-emagine-74va3wna,Jira,Collaboration Tool
freehire:business-analyst-enterprise-application-projects-emagine-74va3wna,SQL,Database / Query
freehire:business-analyst-paytm-ads-paytm-vhurixcc,A/B Testing,Statistics / Analytics
freehire:business-analyst-paytm-ads-paytm-vhurixcc,Looker,BI / Visualization
freehire:business-analyst-paytm-ads-paytm-vhurixcc,Power BI,BI / Visualization
freehire:business-analyst-paytm-ads-paytm-vhurixcc,SQL,Database / Query
freehire:business-analyst-paytm-ads-paytm-vhurixcc,Tableau,BI / Visualization
freehire:senior-finance-data-analyst-informa-group-gfdprals,Alteryx,Analytics Tool
freehire:senior-finance-data-analyst-informa-group-gfdprals,DAX,BI / Visualization
freehire:senior-finance-data-analyst-informa-group-gfdprals,Data Modeling,Data Engineering
freehire:senior-finance-data-analyst-informa-group-gfdprals,Excel,Spreadsheet
freehire:senior-finance-data-analyst-informa-group-gfdprals,Forecasting,Statistics / Analytics
freehire:senior-finance-data-analyst-informa-group-gfdprals,Jira,Collaboration Tool
freehire:senior-finance-data-analyst-informa-group-gfdprals,Power BI,BI / Visualization
freehire:senior-finance-data-analyst-informa-group-gfdprals,Power Query,BI / Visualization
freehire:senior-finance-data-analyst-informa-group-gfdprals,SQL,Database / Query
freehire:media-performance-analyst-dunnhumby-zp2ckngl,Excel,Spreadsheet
freehire:media-performance-analyst-dunnhumby-zp2ckngl,Forecasting,Statistics / Analytics
freehire:media-performance-analyst-dunnhumby-zp2ckngl,Looker,BI / Visualization
freehire:media-performance-analyst-dunnhumby-zp2ckngl,Power BI,BI / Visualization
freehire:media-performance-analyst-dunnhumby-zp2ckngl,Tableau,BI / Visualization
freehire:senior-product-analyst-tide-opauzi2y,A/B Testing,Statistics / Analytics
freehire:senior-product-analyst-tide-opauzi2y,Forecasting,Statistics / Analytics
freehire:senior-product-analyst-tide-opauzi2y,Looker,BI / Visualization
freehire:senior-product-analyst-tide-opauzi2y,Python,Programming
freehire:senior-product-analyst-tide-opauzi2y,SQL,Database / Query
freehire:senior-product-analyst-tide-opauzi2y,Statistics,Statistics / Analytics
freehire:mis-analyst-drivex-gxcvvpgs,Excel,Spreadsheet
freehire:mis-analyst-drivex-gxcvvpgs,Forecasting,Statistics / Analytics
freehire:consumer-shop-insights-analyst-pepsico-lzeciku2,Excel,Spreadsheet
freehire:consumer-shop-insights-analyst-pepsico-lzeciku2,Power BI,BI / Visualization
freehire:tech-data-analyst-edelweiss-global-markets-qc6autpg,AWS,Cloud
freehire:tech-data-analyst-edelweiss-global-markets-qc6autpg,DAX,BI / Visualization
freehire:tech-data-analyst-edelweiss-global-markets-qc6autpg,Data Modeling,Data Engineering
freehire:tech-data-analyst-edelweiss-global-markets-qc6autpg,Power BI,BI / Visualization
freehire:tech-data-analyst-edelweiss-global-markets-qc6autpg,SQL,Database / Query
freehire:tech-data-analyst-edelweiss-global-markets-qc6autpg,Statistics,Statistics / Analytics
freehire:data-reporting-analyst-credit-card-risk-kadel-labs-cnvwjogy,Pandas,Programming
freehire:data-reporting-analyst-credit-card-risk-kadel-labs-cnvwjogy,Power BI,BI / Visualization
freehire:data-reporting-analyst-credit-card-risk-kadel-labs-cnvwjogy,Python,Programming
freehire:data-reporting-analyst-credit-card-risk-kadel-labs-cnvwjogy,SQL,Database / Query
freehire:data-reporting-analyst-credit-card-risk-kadel-labs-cnvwjogy,Tableau,BI / Visualization
freehire:lead-data-analyst-razorpay-z4q6rkpv,Python,Programming
freehire:lead-data-analyst-razorpay-z4q6rkpv,SQL,Database / Query
freehire:data-business-analyst-capco-t4ehm6h7,BigQuery,Cloud / Warehouse
freehire:data-business-analyst-capco-t4ehm6h7,Data Warehousing,Data Engineering
freehire:data-business-analyst-capco-t4ehm6h7,Excel,Spreadsheet
freehire:data-business-analyst-capco-t4ehm6h7,GCP,Cloud
freehire:data-business-analyst-capco-t4ehm6h7,Jira,Collaboration Tool
freehire:data-business-analyst-capco-t4ehm6h7,SQL,Database / Query
freehire:business-analyst-liquidity-capco-idnwvrxr,Data Modeling,Data Engineering
freehire:business-analyst-liquidity-capco-idnwvrxr,Machine Learning,Machine Learning
freehire:business-analyst-liquidity-capco-idnwvrxr,SQL,Database / Query
freehire:tax-data-analyst-mott-macdonald-s5ogdi2m,Alteryx,Analytics Tool
freehire:tax-data-analyst-mott-macdonald-s5ogdi2m,Excel,Spreadsheet
freehire:tax-data-analyst-mott-macdonald-s5ogdi2m,Power BI,BI / Visualization
freehire:tax-data-analyst-mott-macdonald-s5ogdi2m,SQL,Database / Query
freehire:business-analyst-roc-analytics-amazon-33lcwzs7,Excel,Spreadsheet
freehire:business-analyst-roc-analytics-amazon-33lcwzs7,Redshift,Cloud / Warehouse
freehire:business-analyst-roc-analytics-amazon-33lcwzs7,SQL,Database / Query
freehire:business-analyst-roc-analytics-amazon-33lcwzs7,Tableau,BI / Visualization
freehire:erp-business-analyst-tax-management-roche-yhcjydvk,SAP,Enterprise Tool
freehire:senior-data-analyst-procurement-cushman-wakefield-erzlojoc,Azure,Cloud
freehire:senior-data-analyst-procurement-cushman-wakefield-erzlojoc,DAX,BI / Visualization
freehire:senior-data-analyst-procurement-cushman-wakefield-erzlojoc,Data Warehousing,Data Engineering
freehire:senior-data-analyst-procurement-cushman-wakefield-erzlojoc,Databricks,Data Engineering
freehire:senior-data-analyst-procurement-cushman-wakefield-erzlojoc,Git,Developer Tool
freehire:senior-data-analyst-procurement-cushman-wakefield-erzlojoc,Power BI,BI / Visualization
freehire:senior-data-analyst-procurement-cushman-wakefield-erzlojoc,Python,Programming
freehire:senior-data-analyst-procurement-cushman-wakefield-erzlojoc,SQL,Database / Query
freehire:senior-data-analyst-procurement-cushman-wakefield-erzlojoc,SQL Server,Database / Query
freehire:senior-data-analyst-procurement-cushman-wakefield-erzlojoc,Snowflake,Cloud / Warehouse
freehire:senior-data-analyst-procurement-cushman-wakefield-erzlojoc,Spark,Data Engineering
freehire:data-business-analyst-nasdaq-jdw6rjbi,Excel,Spreadsheet
freehire:data-business-analyst-nasdaq-jdw6rjbi,Python,Programming
freehire:data-business-analyst-nasdaq-jdw6rjbi,SQL,Database / Query
freehire:marketing-data-analyst-onemagnify-kmeygiwc,A/B Testing,Statistics / Analytics
freehire:marketing-data-analyst-onemagnify-kmeygiwc,Azure,Cloud
freehire:marketing-data-analyst-onemagnify-kmeygiwc,Excel,Spreadsheet
freehire:marketing-data-analyst-onemagnify-kmeygiwc,Power BI,BI / Visualization
freehire:marketing-data-analyst-onemagnify-kmeygiwc,SQL,Database / Query
freehire:marketing-data-analyst-onemagnify-kmeygiwc,Statistics,Statistics / Analytics
freehire:marketing-data-analyst-onemagnify-kmeygiwc,Tableau,BI / Visualization
freehire:sr-analyst-process-analytics-s-m-4a-genpact-xyopwq6k,Forecasting,Statistics / Analytics
freehire:sr-analyst-process-analytics-s-m-4a-genpact-xyopwq6k,Statistics,Statistics / Analytics
freehire:institutional-client-reporting-analyst-abglobal-uv5yyzug,Excel,Spreadsheet
freehire:senior-revenue-analyst-marriott-international-s5ptt2hw,Forecasting,Statistics / Analytics
freehire:reporting-sql-sr-business-analyst-gr-40207-74077-1-jr201921-elevancehealth-74zp3xje,SQL,Database / Query
freehire:senior-clinical-data-analyst-parexel-sen7waga,GCP,Cloud
freehire:clinical-data-analyst-ii-parexel-iwgtlljv,GCP,Cloud
freehire:clinical-data-analyst-i-parexel-fyor6e4c,GCP,Cloud
freehire:business-analyst-process-cushman-wakefield-5trtbexv,Excel,Spreadsheet
freehire:business-analyst-process-cushman-wakefield-5trtbexv,Power BI,BI / Visualization
freehire:data-analyst-cyncly-pscsvirm,Excel,Spreadsheet
freehire:data-analyst-cyncly-pscsvirm,MySQL,Database / Query
freehire:data-analyst-cyncly-pscsvirm,Pandas,Programming
freehire:data-analyst-cyncly-pscsvirm,PostgreSQL,Database / Query
freehire:data-analyst-cyncly-pscsvirm,Power BI,BI / Visualization
freehire:data-analyst-cyncly-pscsvirm,Python,Programming
freehire:data-analyst-cyncly-pscsvirm,SQL,Database / Query
freehire:data-analyst-cyncly-pscsvirm,SQL Server,Database / Query
freehire:data-analyst-cyncly-pscsvirm,Statistics,Statistics / Analytics
freehire:data-analyst-cyncly-pscsvirm,Tableau,BI / Visualization
freehire:hih-business-analytics-senior-analyst-cigna-group-3vsus3o3,Alteryx,Analytics Tool
freehire:hih-business-analytics-senior-analyst-cigna-group-3vsus3o3,Excel,Spreadsheet
freehire:hih-business-analytics-senior-analyst-cigna-group-3vsus3o3,SQL,Database / Query
freehire:hih-business-analytics-senior-analyst-cigna-group-3vsus3o3,Statistics,Statistics / Analytics
freehire:senior-associate-finance-data-analyst-architect-finance-consulting-pwc-2k3ei3pq,Alteryx,Analytics Tool
freehire:senior-associate-finance-data-analyst-architect-finance-consulting-pwc-2k3ei3pq,Azure,Cloud
freehire:senior-associate-finance-data-analyst-architect-finance-consulting-pwc-2k3ei3pq,Python,Programming
freehire:senior-associate-finance-data-analyst-architect-finance-consulting-pwc-2k3ei3pq,SQL,Database / Query
freehire:wfm-reporting-analyst-taskus-lbzl3siv,Data Warehousing,Data Engineering
freehire:wfm-reporting-analyst-taskus-lbzl3siv,ETL,Data Engineering
freehire:wfm-reporting-analyst-taskus-lbzl3siv,Power BI,BI / Visualization
freehire:wfm-reporting-analyst-taskus-lbzl3siv,Statistics,Statistics / Analytics
freehire:business-intelligence-analyst-hotel-revenue-data-travelhrportal-4rgzru4z,Excel,Spreadsheet
freehire:business-intelligence-analyst-hotel-revenue-data-travelhrportal-4rgzru4z,Machine Learning,Machine Learning
freehire:business-intelligence-analyst-hotel-revenue-data-travelhrportal-4rgzru4z,Power BI,BI / Visualization
freehire:business-intelligence-analyst-hotel-revenue-data-travelhrportal-4rgzru4z,SQL,Database / Query
freehire:business-intelligence-analyst-hotel-revenue-data-travelhrportal-4rgzru4z,SQL Server,Database / Query
freehire:sr-business-analyst-pracsrc-ameriprise-financial-se52zool,AWS,Cloud
freehire:sr-business-analyst-pracsrc-ameriprise-financial-se52zool,Data Modeling,Data Engineering
freehire:sr-business-analyst-pracsrc-ameriprise-financial-se52zool,Excel,Spreadsheet
freehire:sr-business-analyst-pracsrc-ameriprise-financial-se52zool,Power BI,BI / Visualization
freehire:sr-business-analyst-pracsrc-ameriprise-financial-se52zool,SQL,Database / Query
freehire:technology-risk-analyst-kpmg-ukraine-ia7sxdyo,Regression,Statistics / Analytics
freehire:technology-risk-analyst-kpmg-ukraine-ia7sxdyo,SAP,Enterprise Tool
freehire:erp-business-analyst-roche-v7chv4zk,SAP,Enterprise Tool
freehire:business-analyst-amgen-dehlze5d,Jira,Collaboration Tool
freehire:business-analyst-amgen-dehlze5d,Regression,Statistics / Analytics
freehire:business-analyst-amgen-dehlze5d,SQL,Database / Query
freehire:business-analyst-delta-exchange-uaxwwkny,Python,Programming
freehire:business-analyst-delta-exchange-uaxwwkny,SQL,Database / Query
freehire:business-analyst-delta-exchange-uaxwwkny,Tableau,BI / Visualization
freehire:hih-business-analytics-senior-analyst-allegiance-benefit-plan-management-6qtw64xx,Alteryx,Analytics Tool
freehire:hih-business-analytics-senior-analyst-allegiance-benefit-plan-management-6qtw64xx,Excel,Spreadsheet
freehire:hih-business-analytics-senior-analyst-allegiance-benefit-plan-management-6qtw64xx,SQL,Database / Query
freehire:hih-business-analytics-senior-analyst-allegiance-benefit-plan-management-6qtw64xx,Statistics,Statistics / Analytics
freehire:business-analyst-bill-to-pay-margin-recovery-remote-any-location-in-foundever-mrcairqf,Excel,Spreadsheet
freehire:business-analyst-bill-to-pay-margin-recovery-remote-any-location-in-foundever-mrcairqf,Statistics,Statistics / Analytics
freehire:associate-digital-ai-product-analyst-amgen-orameymt,Jira,Collaboration Tool
freehire:business-analyst-automation-ai-solutions-m-f-d-flix-u6yofkqd,AWS,Cloud
freehire:business-analyst-automation-ai-solutions-m-f-d-flix-u6yofkqd,Azure,Cloud
freehire:business-analyst-automation-ai-solutions-m-f-d-flix-u6yofkqd,Power BI,BI / Visualization
freehire:business-analyst-automation-ai-solutions-m-f-d-flix-u6yofkqd,Python,Programming
freehire:business-analyst-automation-ai-solutions-m-f-d-flix-u6yofkqd,SQL,Database / Query
freehire:business-analyst-automation-ai-solutions-m-f-d-flix-u6yofkqd,Snowflake,Cloud / Warehouse
freehire:business-analyst-automation-ai-solutions-m-f-d-flix-u6yofkqd,Spark,Data Engineering
freehire:wso-core-operations-analyst-s-p-global-my4ptofz,Excel,Spreadsheet
freehire:data-analyst-healthcare-persistent-systems-r6pwqzup,Data Modeling,Data Engineering
freehire:data-analyst-healthcare-persistent-systems-r6pwqzup,Data Warehousing,Data Engineering
freehire:data-analyst-healthcare-persistent-systems-r6pwqzup,MySQL,Database / Query
freehire:data-analyst-healthcare-persistent-systems-r6pwqzup,SQL,Database / Query
freehire:data-analyst-healthcare-persistent-systems-r6pwqzup,Snowflake,Cloud / Warehouse
freehire:data-analyst-healthcare-persistent-systems-r6pwqzup,Statistics,Statistics / Analytics
freehire:technical-product-analyst-merqube-bnv7rqw7,Jira,Collaboration Tool
freehire:technical-product-analyst-merqube-bnv7rqw7,Pandas,Programming
freehire:technical-product-analyst-merqube-bnv7rqw7,Python,Programming
freehire:technical-product-analyst-merqube-bnv7rqw7,SQL,Database / Query
freehire:business-analyst-mosambi-climate-collective-foundation-e32fyfo3,Excel,Spreadsheet
freehire:business-analyst-mosambi-climate-collective-foundation-e32fyfo3,Jira,Collaboration Tool
freehire:data-analyst-jobgether-nfui4dzh,Pandas,Programming
freehire:data-analyst-jobgether-nfui4dzh,Python,Programming
freehire:data-analyst-jobgether-nfui4dzh,SQL,Database / Query
freehire:data-analyst-jobgether-nfui4dzh,Tableau,BI / Visualization
freehire:loss-forecasting-credit-strategy-analyst-credit-card-kadel-labs-ftsock2k,Excel,Spreadsheet
freehire:loss-forecasting-credit-strategy-analyst-credit-card-kadel-labs-ftsock2k,Forecasting,Statistics / Analytics
freehire:loss-forecasting-credit-strategy-analyst-credit-card-kadel-labs-ftsock2k,Python,Programming
freehire:loss-forecasting-credit-strategy-analyst-credit-card-kadel-labs-ftsock2k,SQL,Database / Query
freehire:data-analyst-pearce-services-global-psg-nxa7etof,DAX,BI / Visualization
freehire:data-analyst-pearce-services-global-psg-nxa7etof,Power BI,BI / Visualization
freehire:data-analyst-pearce-services-global-psg-nxa7etof,Power Query,BI / Visualization
freehire:data-analyst-pearce-services-global-psg-nxa7etof,SQL,Database / Query
freehire:business-analyst-user-stories-backlog-information-technology-mumbai-colliers1-s324vkw7,Azure,Cloud
freehire:business-analyst-user-stories-backlog-information-technology-mumbai-colliers1-s324vkw7,SQL,Database / Query
freehire:business-analyst-user-stories-backlog-information-technology-mumbai-colliers1-s324vkw7,SQL Server,Database / Query
freehire:lead-product-analyst-skillz-inc-atpz3bzb,A/B Testing,Statistics / Analytics
freehire:lead-product-analyst-skillz-inc-atpz3bzb,Python,Programming
freehire:lead-product-analyst-skillz-inc-atpz3bzb,Regression,Statistics / Analytics
freehire:lead-product-analyst-skillz-inc-atpz3bzb,SQL,Database / Query
freehire:lead-product-analyst-skillz-inc-atpz3bzb,Tableau,BI / Visualization
freehire:data-collection-analyst-stats-perform-iiwu5lib,Machine Learning,Machine Learning
freehire:compliance-engineering-data-eng-analyst-hyderabad-goldman-sachs-sygqpjdf,Git,Developer Tool
freehire:senior-content-strategy-analyst-mastercard-7rlnet6t,Tableau,BI / Visualization
freehire:business-analyst-actuarial-analyst-exl-ytmopxsg,Statistics,Statistics / Analytics
freehire:channel-specialist-data-analyst-danaher-uiwzugjb,Excel,Spreadsheet
freehire:channel-specialist-data-analyst-danaher-uiwzugjb,Forecasting,Statistics / Analytics
freehire:channel-specialist-data-analyst-danaher-uiwzugjb,Power BI,BI / Visualization
freehire:channel-specialist-data-analyst-danaher-uiwzugjb,SQL,Database / Query
freehire:channel-specialist-data-analyst-danaher-uiwzugjb,Statistics,Statistics / Analytics
freehire:channel-specialist-data-analyst-danaher-uiwzugjb,Tableau,BI / Visualization
freehire:sr-reporting-analyst-black-box-qdbrwkwj,Excel,Spreadsheet
freehire:sr-reporting-analyst-black-box-qdbrwkwj,Power BI,BI / Visualization
freehire:reference-data-analyst-jp-morgan-chase-oloq6zo7,Alteryx,Analytics Tool
freehire:reference-data-analyst-jp-morgan-chase-oloq6zo7,Excel,Spreadsheet
freehire:reference-data-analyst-jp-morgan-chase-oloq6zo7,SQL,Database / Query
freehire:reference-data-analyst-jp-morgan-chase-oloq6zo7,Tableau,BI / Visualization
freehire:reference-data-analyst-jpmorganchase-5ppqfahg,Alteryx,Analytics Tool
freehire:reference-data-analyst-jpmorganchase-5ppqfahg,Excel,Spreadsheet
freehire:reference-data-analyst-jpmorganchase-5ppqfahg,SQL,Database / Query
freehire:reference-data-analyst-jpmorganchase-5ppqfahg,Tableau,BI / Visualization
freehire:channel-specialist-data-analyst-danaher-corporation-cpsxl4tr,Excel,Spreadsheet
freehire:channel-specialist-data-analyst-danaher-corporation-cpsxl4tr,Forecasting,Statistics / Analytics
freehire:channel-specialist-data-analyst-danaher-corporation-cpsxl4tr,Power BI,BI / Visualization
freehire:channel-specialist-data-analyst-danaher-corporation-cpsxl4tr,SQL,Database / Query
freehire:channel-specialist-data-analyst-danaher-corporation-cpsxl4tr,Statistics,Statistics / Analytics
freehire:channel-specialist-data-analyst-danaher-corporation-cpsxl4tr,Tableau,BI / Visualization
freehire:business-analyst-cisco-gsycqg3o,Excel,Spreadsheet
freehire:business-analyst-cisco-gsycqg3o,Power BI,BI / Visualization
freehire:business-analyst-cisco-gsycqg3o,Python,Programming
freehire:business-analyst-cisco-gsycqg3o,Tableau,BI / Visualization
freehire:risk-analyst-structured-finance-jp-morgan-chase-fzw25hnm,Excel,Spreadsheet
freehire:business-analyst-automation-ai-solutions-hewlett-packard-enterprise-dbbz5xqg,Jira,Collaboration Tool
freehire:business-analyst-automation-ai-solutions-hewlett-packard-enterprise-dbbz5xqg,Power BI,BI / Visualization
freehire:business-analyst-automation-ai-solutions-hewlett-packard-enterprise-dbbz5xqg,Qlik,BI / Visualization
freehire:data-analyst-consultant-senior-consultant-lilly-frfzsvml,Databricks,Data Engineering
freehire:data-analyst-consultant-senior-consultant-lilly-frfzsvml,Excel,Spreadsheet
freehire:data-analyst-consultant-senior-consultant-lilly-frfzsvml,Power BI,BI / Visualization
freehire:data-analyst-consultant-senior-consultant-lilly-frfzsvml,Python,Programming
freehire:data-analyst-consultant-senior-consultant-lilly-frfzsvml,Qlik,BI / Visualization
freehire:data-analyst-consultant-senior-consultant-lilly-frfzsvml,SQL,Database / Query
freehire:data-analyst-consultant-senior-consultant-lilly-frfzsvml,Statistics,Statistics / Analytics
freehire:data-analyst-consultant-senior-consultant-lilly-frfzsvml,Tableau,BI / Visualization
freehire:risk-analyst-structured-finance-jpmorganchase-466xpol7,Excel,Spreadsheet
freehire:bi-data-analyst-6-9-yrs-chn-blr-photon-myb5lgc7,Data Modeling,Data Engineering
freehire:bi-data-analyst-6-9-yrs-chn-blr-photon-myb5lgc7,Machine Learning,Machine Learning
freehire:bi-data-analyst-6-9-yrs-chn-blr-photon-myb5lgc7,Power BI,BI / Visualization
freehire:bi-data-analyst-6-9-yrs-chn-blr-photon-myb5lgc7,Python,Programming
freehire:bi-data-analyst-6-9-yrs-chn-blr-photon-myb5lgc7,Regression,Statistics / Analytics
freehire:bi-data-analyst-6-9-yrs-chn-blr-photon-myb5lgc7,Statistics,Statistics / Analytics
freehire:bi-data-analyst-6-9-yrs-chn-blr-photon-myb5lgc7,Tableau,BI / Visualization
freehire:data-analyst-avp-natwest-group-p5gasqjm,Excel,Spreadsheet
freehire:data-analyst-avp-natwest-group-p5gasqjm,SQL,Database / Query
freehire:data-analyst-specialist-vanguard-ts6fxzx3,A/B Testing,Statistics / Analytics
freehire:data-analyst-specialist-vanguard-ts6fxzx3,Forecasting,Statistics / Analytics
freehire:data-analyst-specialist-vanguard-ts6fxzx3,Looker,BI / Visualization
freehire:data-analyst-specialist-vanguard-ts6fxzx3,Power BI,BI / Visualization
freehire:data-analyst-specialist-vanguard-ts6fxzx3,Python,Programming
freehire:data-analyst-specialist-vanguard-ts6fxzx3,Regression,Statistics / Analytics
freehire:data-analyst-specialist-vanguard-ts6fxzx3,SQL,Database / Query
freehire:data-analyst-specialist-vanguard-ts6fxzx3,Statistics,Statistics / Analytics
freehire:data-analyst-specialist-vanguard-ts6fxzx3,Tableau,BI / Visualization
freehire:senior-associate-safety-data-analyst-amgen-eiwt7cna,Data Warehousing,Data Engineering
freehire:senior-associate-safety-data-analyst-amgen-eiwt7cna,Statistics,Statistics / Analytics
freehire:senior-associate-safety-data-analyst-amgen-eiwt7cna,Tableau,BI / Visualization
freehire:senior-data-analyst-product-delivery-johnson-controls-tgfhomq3,Forecasting,Statistics / Analytics
freehire:senior-data-analyst-product-delivery-johnson-controls-tgfhomq3,Python,Programming
freehire:senior-data-analyst-product-delivery-johnson-controls-tgfhomq3,SQL,Database / Query
freehire:senior-data-analyst-product-delivery-johnson-controls-tgfhomq3,Snowflake,Cloud / Warehouse
freehire:senior-data-analyst-product-delivery-johnson-controls-tgfhomq3,Statistics,Statistics / Analytics
freehire:financial-reporting-analyst-wells-fargo-omzg6t33,Jira,Collaboration Tool
freehire:financial-reporting-analyst-wells-fargo-omzg6t33,Regression,Statistics / Analytics
freehire:lead-risk-analyst-ameriprise-financial-g5bdysca,Excel,Spreadsheet
freehire:lead-risk-analyst-ameriprise-financial-g5bdysca,SQL,Database / Query
freehire:data-analyst-hewlett-packard-hp-ncdpbcvv,Data Modeling,Data Engineering
freehire:data-analyst-hewlett-packard-hp-ncdpbcvv,Power BI,BI / Visualization
freehire:data-analyst-hewlett-packard-hp-ncdpbcvv,SQL,Database / Query
freehire:data-analyst-hewlett-packard-hp-ncdpbcvv,Tableau,BI / Visualization
freehire:data-analyst-fusemachines-xlcibi3n,Azure,Cloud
freehire:data-analyst-fusemachines-xlcibi3n,DAX,BI / Visualization
freehire:data-analyst-fusemachines-xlcibi3n,Data Modeling,Data Engineering
freehire:data-analyst-fusemachines-xlcibi3n,Git,Developer Tool
freehire:data-analyst-fusemachines-xlcibi3n,Power BI,BI / Visualization
freehire:data-analyst-fusemachines-xlcibi3n,SQL,Database / Query
freehire:data-analyst-fusemachines-xlcibi3n,SQL Server,Database / Query
freehire:data-analyst-fusemachines-xlcibi3n,Statistics,Statistics / Analytics
freehire:data-analyst-softobiz-76qyiuyc,A/B Testing,Statistics / Analytics
freehire:data-analyst-softobiz-76qyiuyc,BigQuery,Cloud / Warehouse
freehire:data-analyst-softobiz-76qyiuyc,Forecasting,Statistics / Analytics
freehire:data-analyst-softobiz-76qyiuyc,Looker,BI / Visualization
freehire:data-analyst-softobiz-76qyiuyc,NumPy,Programming
freehire:data-analyst-softobiz-76qyiuyc,Pandas,Programming
freehire:data-analyst-softobiz-76qyiuyc,Power BI,BI / Visualization
freehire:data-analyst-softobiz-76qyiuyc,Python,Programming
freehire:data-analyst-softobiz-76qyiuyc,Regression,Statistics / Analytics
freehire:data-analyst-softobiz-76qyiuyc,SQL,Database / Query
freehire:data-analyst-softobiz-76qyiuyc,Statistics,Statistics / Analytics
freehire:data-analyst-softobiz-76qyiuyc,Tableau,BI / Visualization
freehire:data-analyst-softobiz-76qyiuyc,dbt,Data Engineering
freehire:visionplus-business-analyst-agile-requirements-financial-services-synechron-xajmk5qk,SQL,Database / Query
freehire:data-analyst-bpm-uhn64tre,Azure,Cloud
freehire:data-analyst-bpm-uhn64tre,Databricks,Data Engineering
freehire:data-analyst-bpm-uhn64tre,Machine Learning,Machine Learning
freehire:data-analyst-bpm-uhn64tre,Power BI,BI / Visualization
freehire:data-analyst-bpm-uhn64tre,Python,Programming
freehire:data-analyst-bpm-uhn64tre,SAS,Statistics / Analytics
freehire:data-analyst-bpm-uhn64tre,SQL,Database / Query
freehire:data-analyst-bpm-uhn64tre,Spark,Data Engineering
freehire:data-analyst-bpm-uhn64tre,Statistics,Statistics / Analytics
freehire:data-analyst-bpm-uhn64tre,Tableau,BI / Visualization
freehire:data-analyst-pointo-h24sw7fp,Excel,Spreadsheet
freehire:data-analyst-pointo-h24sw7fp,SQL,Database / Query
freehire:data-analyst-pointo-h24sw7fp,Statistics,Statistics / Analytics
freehire:customer-experience-data-analyst-multitude-wxsz76ff,DAX,BI / Visualization
freehire:customer-experience-data-analyst-multitude-wxsz76ff,Data Modeling,Data Engineering
freehire:customer-experience-data-analyst-multitude-wxsz76ff,Data Warehousing,Data Engineering
freehire:customer-experience-data-analyst-multitude-wxsz76ff,Excel,Spreadsheet
freehire:customer-experience-data-analyst-multitude-wxsz76ff,Power BI,BI / Visualization
freehire:customer-experience-data-analyst-multitude-wxsz76ff,Power Query,BI / Visualization
freehire:customer-experience-data-analyst-multitude-wxsz76ff,SQL,Database / Query
freehire:customer-experience-data-analyst-multitude-wxsz76ff,Statistics,Statistics / Analytics
freehire:senior-data-analyst-priceline-u2ooi4j7,BigQuery,Cloud / Warehouse
freehire:senior-data-analyst-priceline-u2ooi4j7,Excel,Spreadsheet
freehire:senior-data-analyst-priceline-u2ooi4j7,Power BI,BI / Visualization
freehire:senior-data-analyst-priceline-u2ooi4j7,Python,Programming
freehire:senior-data-analyst-priceline-u2ooi4j7,SQL,Database / Query
freehire:senior-data-analyst-priceline-u2ooi4j7,Tableau,BI / Visualization
freehire:data-analyst-skan-ai-b36rtoct,Data Modeling,Data Engineering
freehire:data-analyst-skan-ai-b36rtoct,Data Warehousing,Data Engineering
freehire:data-analyst-skan-ai-b36rtoct,Databricks,Data Engineering
freehire:data-analyst-skan-ai-b36rtoct,Power BI,BI / Visualization
freehire:data-analyst-skan-ai-b36rtoct,Python,Programming
freehire:data-analyst-skan-ai-b36rtoct,SQL,Database / Query
freehire:data-analyst-skan-ai-b36rtoct,SSIS,Data Engineering
freehire:data-analyst-skan-ai-b36rtoct,Snowflake,Cloud / Warehouse
freehire:data-analyst-intern-portcast-f3saetf4,Python,Programming
freehire:data-analyst-intern-portcast-f3saetf4,SQL,Database / Query
freehire:data-analyst-intern-portcast-f3saetf4,Statistics,Statistics / Analytics
freehire:business-intelligence-analyst-cummins-inc-2xyb3taf,Azure,Cloud
freehire:business-intelligence-analyst-cummins-inc-2xyb3taf,Databricks,Data Engineering
freehire:business-intelligence-analyst-cummins-inc-2xyb3taf,Excel,Spreadsheet
freehire:business-intelligence-analyst-cummins-inc-2xyb3taf,Machine Learning,Machine Learning
freehire:business-intelligence-analyst-cummins-inc-2xyb3taf,Power BI,BI / Visualization
freehire:business-intelligence-analyst-cummins-inc-2xyb3taf,Python,Programming
freehire:business-intelligence-analyst-cummins-inc-2xyb3taf,SQL,Database / Query
freehire:business-intelligence-analyst-cummins-inc-2xyb3taf,Statistics,Statistics / Analytics
freehire:data-analyst-portcast-6fsqq4bw,Machine Learning,Machine Learning
freehire:data-analyst-portcast-6fsqq4bw,Python,Programming
freehire:data-analyst-portcast-6fsqq4bw,SQL,Database / Query
freehire:data-analyst-gartner-kez6uvje,Excel,Spreadsheet
freehire:data-analyst-gartner-kez6uvje,Machine Learning,Machine Learning
freehire:data-analyst-gartner-kez6uvje,Python,Programming
freehire:data-analyst-gartner-kez6uvje,SQL,Database / Query
freehire:data-analyst-gartner-kez6uvje,Statistics,Statistics / Analytics
freehire:sr-business-analyst-kaseya-77b3nxja,DAX,BI / Visualization
freehire:sr-business-analyst-kaseya-77b3nxja,Data Modeling,Data Engineering
freehire:sr-business-analyst-kaseya-77b3nxja,ETL,Data Engineering
freehire:sr-business-analyst-kaseya-77b3nxja,Excel,Spreadsheet
freehire:sr-business-analyst-kaseya-77b3nxja,Power BI,BI / Visualization
freehire:sr-business-analyst-kaseya-77b3nxja,Power Query,BI / Visualization
freehire:sr-business-analyst-kaseya-77b3nxja,SQL,Database / Query
freehire:workday-business-analyst-inizio-xbcygq3v,Excel,Spreadsheet
freehire:workday-business-analyst-inizio-xbcygq3v,Power BI,BI / Visualization
freehire:workday-business-analyst-inizio-xbcygq3v,Power Query,BI / Visualization
freehire:client-outreach-data-analyst-mufg-americas-vq2k7ho3,Excel,Spreadsheet
freehire:financial-data-analyst-python-qube-research-technologies-7gxc2nz5,Git,Developer Tool
freehire:financial-data-analyst-python-qube-research-technologies-7gxc2nz5,NumPy,Programming
freehire:financial-data-analyst-python-qube-research-technologies-7gxc2nz5,Pandas,Programming
freehire:financial-data-analyst-python-qube-research-technologies-7gxc2nz5,Python,Programming
freehire:associate-alts-data-operation-analyst-early-career-addepar-upk6wysn,Excel,Spreadsheet
freehire:associate-alts-data-operation-analyst-early-career-addepar-upk6wysn,Machine Learning,Machine Learning
freehire:data-analyst-travel-leaders-group-nx7nmsdm,AWS,Cloud
freehire:data-analyst-travel-leaders-group-nx7nmsdm,Alteryx,Analytics Tool
freehire:data-analyst-travel-leaders-group-nx7nmsdm,GCP,Cloud
freehire:data-analyst-travel-leaders-group-nx7nmsdm,Python,Programming
freehire:data-analyst-travel-leaders-group-nx7nmsdm,R,Programming
freehire:data-analyst-travel-leaders-group-nx7nmsdm,Redshift,Cloud / Warehouse
freehire:data-analyst-travel-leaders-group-nx7nmsdm,SQL,Database / Query
freehire:data-analyst-travel-leaders-group-nx7nmsdm,Snowflake,Cloud / Warehouse
freehire:data-analyst-travel-leaders-group-nx7nmsdm,Tableau,BI / Visualization
freehire:data-analyst-goodyear-corporate-reg2upzt,NumPy,Programming
freehire:data-analyst-goodyear-corporate-reg2upzt,Pandas,Programming
freehire:data-analyst-goodyear-corporate-reg2upzt,Power BI,BI / Visualization
freehire:data-analyst-goodyear-corporate-reg2upzt,Python,Programming
freehire:data-analyst-goodyear-corporate-reg2upzt,SQL,Database / Query
freehire:data-analyst-goodyear-corporate-reg2upzt,SciPy,Programming
freehire:data-analyst-goodyear-corporate-reg2upzt,Statistics,Statistics / Analytics
freehire:data-analyst-goodyear-corporate-reg2upzt,Tableau,BI / Visualization
freehire:data-analytics-analyst-manager-salesforce-the-1-ai-crm-k2ed5ew4,Forecasting,Statistics / Analytics
freehire:data-analytics-analyst-manager-salesforce-the-1-ai-crm-k2ed5ew4,Machine Learning,Machine Learning
freehire:data-analytics-analyst-manager-salesforce-the-1-ai-crm-k2ed5ew4,Power BI,BI / Visualization
freehire:data-analytics-analyst-manager-salesforce-the-1-ai-crm-k2ed5ew4,Python,Programming
freehire:data-analytics-analyst-manager-salesforce-the-1-ai-crm-k2ed5ew4,SQL,Database / Query
freehire:data-analytics-analyst-manager-salesforce-the-1-ai-crm-k2ed5ew4,Tableau,BI / Visualization
freehire:business-analyst-black-duck-software-inc-idw75vyx,DAX,BI / Visualization
freehire:business-analyst-black-duck-software-inc-idw75vyx,Data Modeling,Data Engineering
freehire:business-analyst-black-duck-software-inc-idw75vyx,Excel,Spreadsheet
freehire:business-analyst-black-duck-software-inc-idw75vyx,Python,Programming
freehire:business-analyst-black-duck-software-inc-idw75vyx,SQL,Database / Query
freehire:sustainability-data-energy-analyst-sandisk-6tdhmwdl,Data Modeling,Data Engineering
freehire:sustainability-data-energy-analyst-sandisk-6tdhmwdl,ETL,Data Engineering
freehire:sustainability-data-energy-analyst-sandisk-6tdhmwdl,Excel,Spreadsheet
freehire:sustainability-data-energy-analyst-sandisk-6tdhmwdl,Forecasting,Statistics / Analytics
freehire:sustainability-data-energy-analyst-sandisk-6tdhmwdl,Power BI,BI / Visualization
freehire:sustainability-data-energy-analyst-sandisk-6tdhmwdl,Python,Programming
freehire:sustainability-data-energy-analyst-sandisk-6tdhmwdl,SQL,Database / Query
freehire:sustainability-data-energy-analyst-sandisk-6tdhmwdl,Tableau,BI / Visualization
freehire:workforce-and-compensation-data-analyst-jobgether-4jt3kpux,Excel,Spreadsheet
freehire:data-analyst-moonpay-v7t7vaq5,AWS,Cloud
freehire:data-analyst-moonpay-v7t7vaq5,GCP,Cloud
freehire:data-analyst-moonpay-v7t7vaq5,Looker,BI / Visualization
freehire:data-analyst-moonpay-v7t7vaq5,Python,Programming
freehire:data-analyst-moonpay-v7t7vaq5,SQL,Database / Query
freehire:data-analyst-moonpay-v7t7vaq5,Snowflake,Cloud / Warehouse
freehire:data-analyst-moonpay-v7t7vaq5,Tableau,BI / Visualization
freehire:data-analyst-power-bi-job-yash-technologies-vzwfmmxt,Data Warehousing,Data Engineering
freehire:data-analyst-power-bi-job-yash-technologies-vzwfmmxt,Power BI,BI / Visualization
freehire:data-analyst-power-bi-job-yash-technologies-vzwfmmxt,SAP,Enterprise Tool
freehire:data-analyst-power-bi-job-yash-technologies-vzwfmmxt,SQL,Database / Query
freehire:india-cash-foreign-exchange-operations-analyst-jp-morgan-chase-7udbxaqp,Alteryx,Analytics Tool
freehire:india-cash-foreign-exchange-operations-analyst-jp-morgan-chase-7udbxaqp,Excel,Spreadsheet
freehire:india-cash-foreign-exchange-operations-analyst-jp-morgan-chase-7udbxaqp,Tableau,BI / Visualization
freehire:calypso-back-office-business-analyst-luxoft-hdgrg7qa,SQL,Database / Query
freehire:india-cash-foreign-exchange-operations-analyst-jpmorganchase-vpfhfgr5,Alteryx,Analytics Tool
freehire:india-cash-foreign-exchange-operations-analyst-jpmorganchase-vpfhfgr5,Excel,Spreadsheet
freehire:india-cash-foreign-exchange-operations-analyst-jpmorganchase-vpfhfgr5,Tableau,BI / Visualization
freehire:data-analyst-operations-kroll-rtjw2zkz,Excel,Spreadsheet
freehire:data-analyst-operations-kroll-rtjw2zkz,Forecasting,Statistics / Analytics
freehire:data-analyst-operations-kroll-rtjw2zkz,Power BI,BI / Visualization
freehire:sr-business-analyst-chennai-photon-uoi5qyli,Machine Learning,Machine Learning
freehire:servicenow-business-analyst-zensar-technologies-h4ohgfr7,Azure,Cloud
freehire:servicenow-business-analyst-zensar-technologies-h4ohgfr7,Jira,Collaboration Tool
freehire:client-data-analyst-jpmorganchase-vqv6nz6b,Excel,Spreadsheet
freehire:us-banks-analytics-associate-analyst-wm-admin-wealth-management-morgan-stanley-jxh43gll,Excel,Spreadsheet
freehire:us-banks-analytics-associate-analyst-wm-admin-wealth-management-morgan-stanley-jxh43gll,Hadoop,Data Engineering
freehire:us-banks-analytics-associate-analyst-wm-admin-wealth-management-morgan-stanley-jxh43gll,SQL,Database / Query
freehire:us-banks-analytics-associate-analyst-wm-admin-wealth-management-morgan-stanley-jxh43gll,Snowflake,Cloud / Warehouse
freehire:us-banks-analytics-associate-analyst-wm-admin-wealth-management-morgan-stanley-jxh43gll,Tableau,BI / Visualization
freehire:data-analyst-power-bi-sql-northern-trust-urfa6eim,Power BI,BI / Visualization
freehire:data-analyst-power-bi-sql-northern-trust-urfa6eim,SQL,Database / Query
freehire:client-data-analyst-jp-morgan-chase-i6jv32bk,Excel,Spreadsheet
freehire:apj-pricing-analyst-hpe-6l7ntqtf,Excel,Spreadsheet
freehire:apj-pricing-analyst-hewlett-packard-enterprise-zh6hc6wn,Excel,Spreadsheet
freehire:senior-business-intelligence-analyst-general-mills-kuw7qo7p,BigQuery,Cloud / Warehouse
freehire:senior-business-intelligence-analyst-general-mills-kuw7qo7p,Data Modeling,Data Engineering
freehire:senior-business-intelligence-analyst-general-mills-kuw7qo7p,Data Warehousing,Data Engineering
freehire:senior-business-intelligence-analyst-general-mills-kuw7qo7p,Git,Developer Tool
freehire:senior-business-intelligence-analyst-general-mills-kuw7qo7p,Looker,BI / Visualization
freehire:senior-business-intelligence-analyst-general-mills-kuw7qo7p,Python,Programming
freehire:senior-business-intelligence-analyst-general-mills-kuw7qo7p,SQL,Database / Query
freehire:senior-business-intelligence-analyst-general-mills-kuw7qo7p,Snowflake,Cloud / Warehouse
freehire:senior-business-intelligence-analyst-general-mills-kuw7qo7p,Tableau,BI / Visualization
freehire:senior-accounting-finance-data-analyst-tala-yva7svm3,Data Warehousing,Data Engineering
freehire:senior-accounting-finance-data-analyst-tala-yva7svm3,Git,Developer Tool
freehire:senior-accounting-finance-data-analyst-tala-yva7svm3,Python,Programming
freehire:senior-accounting-finance-data-analyst-tala-yva7svm3,SQL,Database / Query
freehire:senior-accounting-finance-data-analyst-tala-yva7svm3,Snowflake,Cloud / Warehouse
freehire:senior-accounting-finance-data-analyst-tala-yva7svm3,dbt,Data Engineering
freehire:manager-business-analyst-ai-fidelity-international-qpyubmkg,AWS,Cloud
freehire:murex-business-analyst-luxoft-bejdvhcd,SQL,Database / Query
freehire:lead-data-analyst-target-com-ra5kk5f4,BigQuery,Cloud / Warehouse
freehire:lead-data-analyst-target-com-ra5kk5f4,Forecasting,Statistics / Analytics
freehire:lead-data-analyst-target-com-ra5kk5f4,GCP,Cloud
freehire:lead-data-analyst-target-com-ra5kk5f4,Git,Developer Tool
freehire:lead-data-analyst-target-com-ra5kk5f4,Looker,BI / Visualization
freehire:lead-data-analyst-target-com-ra5kk5f4,Power BI,BI / Visualization
freehire:lead-data-analyst-target-com-ra5kk5f4,Python,Programming
freehire:lead-data-analyst-target-com-ra5kk5f4,Regression,Statistics / Analytics
freehire:lead-data-analyst-target-com-ra5kk5f4,SQL,Database / Query
freehire:lead-data-analyst-target-com-ra5kk5f4,Spark,Data Engineering
freehire:lead-data-analyst-target-com-ra5kk5f4,Statistics,Statistics / Analytics
freehire:lead-data-analyst-target-com-ra5kk5f4,Tableau,BI / Visualization
freehire:sr-associate-business-analyst-scan-it-uvwywpq6,Excel,Spreadsheet
freehire:sr-associate-business-analyst-scan-it-uvwywpq6,Jira,Collaboration Tool
freehire:sr-associate-business-analyst-scan-it-uvwywpq6,Power BI,BI / Visualization
freehire:sr-associate-business-analyst-scan-it-uvwywpq6,SQL,Database / Query
freehire:sr-associate-business-analyst-scan-it-uvwywpq6,Tableau,BI / Visualization
freehire:senior-product-analyst-ethos-lyvcwaoo,A/B Testing,Statistics / Analytics
freehire:senior-product-analyst-ethos-lyvcwaoo,Python,Programming
freehire:senior-product-analyst-ethos-lyvcwaoo,Regression,Statistics / Analytics
freehire:senior-product-analyst-ethos-lyvcwaoo,SQL,Database / Query
freehire:senior-product-analyst-ethos-lyvcwaoo,Snowflake,Cloud / Warehouse
freehire:senior-product-analyst-ethos-lyvcwaoo,Tableau,BI / Visualization
freehire:data-analyst-pricing-ingram-micro-wiubk3x4,BigQuery,Cloud / Warehouse
freehire:data-analyst-pricing-ingram-micro-wiubk3x4,Databricks,Data Engineering
freehire:data-analyst-pricing-ingram-micro-wiubk3x4,ETL,Data Engineering
freehire:data-analyst-pricing-ingram-micro-wiubk3x4,Excel,Spreadsheet
freehire:data-analyst-pricing-ingram-micro-wiubk3x4,Forecasting,Statistics / Analytics
freehire:data-analyst-pricing-ingram-micro-wiubk3x4,Looker,BI / Visualization
freehire:data-analyst-pricing-ingram-micro-wiubk3x4,Machine Learning,Machine Learning
freehire:data-analyst-pricing-ingram-micro-wiubk3x4,Regression,Statistics / Analytics
freehire:data-analyst-pricing-ingram-micro-wiubk3x4,SQL,Database / Query
freehire:data-analyst-pricing-ingram-micro-wiubk3x4,Statistics,Statistics / Analytics
freehire:hedge-fund-risk-investment-analytics-analyst-jpmorganchase-4wpvt342,Python,Programming
freehire:hedge-fund-risk-investment-analytics-analyst-jpmorganchase-4wpvt342,SQL,Database / Query
freehire:hedge-fund-risk-investment-analytics-analyst-jpmorganchase-4wpvt342,Statistics,Statistics / Analytics
freehire:hedge-fund-risk-investment-analytics-analyst-jpmorganchase-4wpvt342,Tableau,BI / Visualization
freehire:hedge-fund-risk-investment-analytics-analyst-jp-morgan-chase-kythlkaa,Python,Programming
freehire:hedge-fund-risk-investment-analytics-analyst-jp-morgan-chase-kythlkaa,SQL,Database / Query
freehire:hedge-fund-risk-investment-analytics-analyst-jp-morgan-chase-kythlkaa,Statistics,Statistics / Analytics
freehire:hedge-fund-risk-investment-analytics-analyst-jp-morgan-chase-kythlkaa,Tableau,BI / Visualization
freehire:business-analyst-quess-corp-limited-6hiihqkk,Excel,Spreadsheet
freehire:business-analyst-quess-corp-limited-6hiihqkk,Python,Programming
freehire:business-analyst-quess-corp-limited-6hiihqkk,SQL,Database / Query
freehire:business-analyst-exl-arzchsf5,A/B Testing,Statistics / Analytics
freehire:business-analyst-exl-arzchsf5,Machine Learning,Machine Learning
freehire:business-analyst-exl-arzchsf5,Power BI,BI / Visualization
freehire:business-analyst-exl-arzchsf5,Python,Programming
freehire:business-analyst-exl-arzchsf5,Regression,Statistics / Analytics
freehire:business-analyst-exl-arzchsf5,Spark,Data Engineering
freehire:business-analyst-exl-arzchsf5,Statistics,Statistics / Analytics
freehire:business-analyst-exl-arzchsf5,Tableau,BI / Visualization
freehire:senior-technology-business-analyst-conduent-bsmr44hc,Azure,Cloud
freehire:senior-technology-business-analyst-conduent-bsmr44hc,Jira,Collaboration Tool
freehire:senior-technology-business-analyst-conduent-bsmr44hc,SQL,Database / Query
freehire:senior-technology-business-analyst-conduent-bsmr44hc,SQL Server,Database / Query
freehire:manager-business-analyst-ai-fil-2ea2uwtg,AWS,Cloud
freehire:sr-business-analyst-global-data-analytics-gda-finance-operations-amazon-kmgeohmi,Excel,Spreadsheet
freehire:sr-business-analyst-global-data-analytics-gda-finance-operations-amazon-kmgeohmi,SQL,Database / Query
freehire:sr-business-analyst-global-data-analytics-gda-finance-operations-amazon-kmgeohmi,Tableau,BI / Visualization
freehire:business-analyst-i-avnet-aa6agahy,Excel,Spreadsheet
freehire:business-analyst-i-avnet-aa6agahy,Power BI,BI / Visualization
freehire:business-analyst-i-avnet-aa6agahy,Python,Programming
freehire:business-analyst-i-avnet-aa6agahy,SQL,Database / Query
freehire:business-intelligence-analyst-avnet-p22rdpjp,Data Modeling,Data Engineering
freehire:business-intelligence-analyst-avnet-p22rdpjp,Power BI,BI / Visualization
freehire:business-intelligence-analyst-avnet-p22rdpjp,SQL,Database / Query
freehire:business-intelligence-analyst-avnet-p22rdpjp,SQL Server,Database / Query
freehire:business-intelligence-analyst-avnet-p22rdpjp,Tableau,BI / Visualization
freehire:executive-data-analyst-rehiko-2kkmal3f,Excel,Spreadsheet
freehire:executive-data-analyst-rehiko-2kkmal3f,Power BI,BI / Visualization
freehire:executive-data-analyst-rehiko-2kkmal3f,SAP,Enterprise Tool
freehire:business-analyst-senior-manager-state-street-5qoytudi,Azure,Cloud
freehire:business-analyst-senior-manager-state-street-5qoytudi,Jira,Collaboration Tool
freehire:business-analyst-investment-management-senior-manager-state-street-ids5rh6m,SQL,Database / Query
freehire:business-analyst-northern-trust-ihn24evd,Databricks,Data Engineering
freehire:business-analyst-northern-trust-ihn24evd,SQL,Database / Query
freehire:business-analyst-northern-trust-ihn24evd,Snowflake,Cloud / Warehouse
freehire:sr-business-analyst-travel-insurance-domain-chubb-oilkrgm6,Excel,Spreadsheet
freehire:hih-business-analytics-lead-analyst-cigna-group-rz7ikuwy,Alteryx,Analytics Tool
freehire:hih-business-analytics-lead-analyst-cigna-group-rz7ikuwy,Excel,Spreadsheet
freehire:hih-business-analytics-lead-analyst-cigna-group-rz7ikuwy,SQL,Database / Query
freehire:hih-business-analytics-lead-analyst-cigna-group-rz7ikuwy,Statistics,Statistics / Analytics
freehire:finance-business-analyst-hbfuller-otdhbcr3,Excel,Spreadsheet
freehire:finance-business-analyst-hbfuller-otdhbcr3,Forecasting,Statistics / Analytics
freehire:finance-business-analyst-hbfuller-otdhbcr3,Power BI,BI / Visualization
freehire:finance-business-analyst-hbfuller-otdhbcr3,SAP,Enterprise Tool
freehire:data-solutions-analyst-barclays-3hb25yoi,AWS,Cloud
freehire:data-solutions-analyst-barclays-3hb25yoi,Alteryx,Analytics Tool
freehire:data-solutions-analyst-barclays-3hb25yoi,DAX,BI / Visualization
freehire:data-solutions-analyst-barclays-3hb25yoi,Data Modeling,Data Engineering
freehire:data-solutions-analyst-barclays-3hb25yoi,ETL,Data Engineering
freehire:data-solutions-analyst-barclays-3hb25yoi,Power BI,BI / Visualization
freehire:data-solutions-analyst-barclays-3hb25yoi,SQL,Database / Query
freehire:data-solutions-analyst-barclays-3hb25yoi,Snowflake,Cloud / Warehouse
freehire:data-solutions-analyst-barclays-3hb25yoi,Tableau,BI / Visualization
freehire:avaloq-business-analyst-barclays-yasyl56k,Jira,Collaboration Tool
freehire:avaloq-business-analyst-barclays-yasyl56k,SQL,Database / Query
freehire:group-data-privacy-gdp-data-privacy-analyst-as-db-joltz3ly,Excel,Spreadsheet
freehire:business-analyst-4a-genpact-xi4wgm7y,Python,Programming
freehire:business-analyst-4a-genpact-xi4wgm7y,SQL,Database / Query
freehire:hih-business-analytics-lead-analyst-allegiance-benefit-plan-management-gaeofq75,Alteryx,Analytics Tool
freehire:hih-business-analytics-lead-analyst-allegiance-benefit-plan-management-gaeofq75,Excel,Spreadsheet
freehire:hih-business-analytics-lead-analyst-allegiance-benefit-plan-management-gaeofq75,SQL,Database / Query
freehire:hih-business-analytics-lead-analyst-allegiance-benefit-plan-management-gaeofq75,Statistics,Statistics / Analytics
freehire:business-analytics-analyst-allegiance-benefit-plan-management-ogebzuud,Excel,Spreadsheet
freehire:senior-data-analyst-accelint-rg6hiymh,Statistics,Statistics / Analytics
freehire:business-analyst-episode-six-us-tyqufgkx,AWS,Cloud
freehire:business-analyst-episode-six-us-tyqufgkx,Excel,Spreadsheet
freehire:business-analyst-episode-six-us-tyqufgkx,SQL,Database / Query
freehire:business-analyst-episode-six-mchpeaic,AWS,Cloud
freehire:business-analyst-episode-six-mchpeaic,Excel,Spreadsheet
freehire:business-analyst-episode-six-mchpeaic,SQL,Database / Query
freehire:business-analyst-banking-data-amp-reporting-ecsme-y4xtxlih,Excel,Spreadsheet
freehire:business-analyst-banking-data-amp-reporting-ecsme-y4xtxlih,Power BI,BI / Visualization
freehire:business-analyst-banking-data-amp-reporting-ecsme-y4xtxlih,SQL,Database / Query
freehire:business-analyst-banking-data-amp-reporting-ecsme-y4xtxlih,Tableau,BI / Visualization
freehire:data-analyst-indirect-tax-stockx-diqxutbq,Alteryx,Analytics Tool
freehire:data-analyst-indirect-tax-stockx-diqxutbq,Databricks,Data Engineering
freehire:data-analyst-indirect-tax-stockx-diqxutbq,Excel,Spreadsheet
freehire:data-analyst-indirect-tax-stockx-diqxutbq,Looker,BI / Visualization
freehire:data-analyst-indirect-tax-stockx-diqxutbq,Power BI,BI / Visualization
freehire:data-analyst-indirect-tax-stockx-diqxutbq,Python,Programming
freehire:data-analyst-indirect-tax-stockx-diqxutbq,SQL,Database / Query
freehire:data-analyst-indirect-tax-stockx-diqxutbq,Tableau,BI / Visualization
freehire:data-analyst-ii-survey-programming-nielsen-pdg5azgj,Python,Programming
freehire:senior-data-analyst-i-survey-programming-nielsen-g3fet37y,Python,Programming
freehire:principal-data-analyst-zynga-pj4vkre7,A/B Testing,Statistics / Analytics
freehire:principal-data-analyst-zynga-pj4vkre7,Looker,BI / Visualization
freehire:principal-data-analyst-zynga-pj4vkre7,Machine Learning,Machine Learning
freehire:principal-data-analyst-zynga-pj4vkre7,Python,Programming
freehire:principal-data-analyst-zynga-pj4vkre7,SQL,Database / Query
freehire:principal-data-analyst-zynga-pj4vkre7,Statistics,Statistics / Analytics
freehire:principal-data-analyst-zynga-pj4vkre7,Tableau,BI / Visualization
freehire:senior-data-analyst-zynga-5krvljt4,Hadoop,Data Engineering
freehire:senior-data-analyst-zynga-5krvljt4,Machine Learning,Machine Learning
freehire:senior-data-analyst-zynga-5krvljt4,Python,Programming
freehire:senior-data-analyst-zynga-5krvljt4,Qlik,BI / Visualization
freehire:senior-data-analyst-zynga-5krvljt4,SQL,Database / Query
freehire:senior-data-analyst-zynga-5krvljt4,Spark,Data Engineering
freehire:senior-data-analyst-zynga-5krvljt4,Statistics,Statistics / Analytics
freehire:senior-data-analyst-zynga-5krvljt4,Tableau,BI / Visualization
freehire:data-analytics-business-analyst-vodafone-ear7pimh,BigQuery,Cloud / Warehouse
freehire:data-analytics-business-analyst-vodafone-ear7pimh,Data Modeling,Data Engineering
freehire:data-analytics-business-analyst-vodafone-ear7pimh,Data Warehousing,Data Engineering
freehire:data-analytics-business-analyst-vodafone-ear7pimh,ETL,Data Engineering
freehire:data-analytics-business-analyst-vodafone-ear7pimh,SQL,Database / Query
freehire:advanced-analytics-senior-analyst-commonwealth-bank-of-australia-xf2asmik,Machine Learning,Machine Learning
freehire:advanced-analytics-senior-analyst-commonwealth-bank-of-australia-xf2asmik,Power BI,BI / Visualization
freehire:advanced-analytics-senior-analyst-commonwealth-bank-of-australia-xf2asmik,SQL,Database / Query
freehire:advanced-analytics-senior-analyst-commonwealth-bank-of-australia-xf2asmik,Statistics,Statistics / Analytics
freehire:advanced-analytics-senior-analyst-commonwealth-bank-of-australia-xf2asmik,Tableau,BI / Visualization
freehire:advanced-analytics-analyst-commonwealth-bank-of-australia-e3yl37vl,Excel,Spreadsheet
freehire:advanced-analytics-analyst-commonwealth-bank-of-australia-e3yl37vl,Python,Programming
freehire:advanced-analytics-analyst-commonwealth-bank-of-australia-e3yl37vl,Regression,Statistics / Analytics
freehire:advanced-analytics-analyst-commonwealth-bank-of-australia-e3yl37vl,SQL,Database / Query
freehire:data-analyst-fortive-ykbcpjrq,Excel,Spreadsheet
freehire:data-analyst-fortive-ykbcpjrq,Forecasting,Statistics / Analytics
freehire:data-analyst-fortive-ykbcpjrq,Statistics,Statistics / Analytics
freehire:lead-business-analyst-ethos-life-y7shxoik,SQL,Database / Query
freehire:customer-experience-analytics-analyst-citi-s5vg2dq5,Git,Developer Tool
freehire:customer-experience-analytics-analyst-citi-s5vg2dq5,Machine Learning,Machine Learning
freehire:customer-experience-analytics-analyst-citi-s5vg2dq5,Python,Programming
freehire:customer-experience-analytics-analyst-citi-s5vg2dq5,SQL,Database / Query
freehire:customer-experience-analytics-analyst-citi-s5vg2dq5,Spark,Data Engineering
freehire:customer-experience-analytics-analyst-citi-s5vg2dq5,Statistics,Statistics / Analytics
freehire:big-data-analyst-dataeconomy-at3gzm3z,Data Modeling,Data Engineering
freehire:big-data-analyst-dataeconomy-at3gzm3z,Data Warehousing,Data Engineering
freehire:big-data-analyst-dataeconomy-at3gzm3z,Databricks,Data Engineering
freehire:big-data-analyst-dataeconomy-at3gzm3z,Hadoop,Data Engineering
freehire:big-data-analyst-dataeconomy-at3gzm3z,SQL,Database / Query
freehire:big-data-analyst-dataeconomy-at3gzm3z,Spark,Data Engineering
freehire:sap-pipo-scpi-lead-product-analyst-soprasteria1-ljocgj2p,SAP,Enterprise Tool
freehire:it-business-analyst-lead-orange-d3uem5ca,Jira,Collaboration Tool
freehire:cloud-data-analyst-jefferies-ujni4a2c,A/B Testing,Statistics / Analytics
freehire:cloud-data-analyst-jefferies-ujni4a2c,AWS,Cloud
freehire:cloud-data-analyst-jefferies-ujni4a2c,Data Modeling,Data Engineering
freehire:cloud-data-analyst-jefferies-ujni4a2c,Data Warehousing,Data Engineering
freehire:cloud-data-analyst-jefferies-ujni4a2c,Databricks,Data Engineering
freehire:cloud-data-analyst-jefferies-ujni4a2c,Git,Developer Tool
freehire:cloud-data-analyst-jefferies-ujni4a2c,Jira,Collaboration Tool
freehire:cloud-data-analyst-jefferies-ujni4a2c,Looker,BI / Visualization
freehire:cloud-data-analyst-jefferies-ujni4a2c,Power BI,BI / Visualization
freehire:cloud-data-analyst-jefferies-ujni4a2c,Python,Programming
freehire:cloud-data-analyst-jefferies-ujni4a2c,Redshift,Cloud / Warehouse
freehire:cloud-data-analyst-jefferies-ujni4a2c,SQL,Database / Query
freehire:cloud-data-analyst-jefferies-ujni4a2c,Snowflake,Cloud / Warehouse
freehire:cloud-data-analyst-jefferies-ujni4a2c,Statistics,Statistics / Analytics
freehire:cloud-data-analyst-jefferies-ujni4a2c,Tableau,BI / Visualization
freehire:cloud-data-analyst-jefferies-ujni4a2c,dbt,Data Engineering
freehire:cx-data-analyst-multitude-lhkvfx6o,DAX,BI / Visualization
freehire:cx-data-analyst-multitude-lhkvfx6o,Data Modeling,Data Engineering
freehire:cx-data-analyst-multitude-lhkvfx6o,Data Warehousing,Data Engineering
freehire:cx-data-analyst-multitude-lhkvfx6o,Excel,Spreadsheet
freehire:cx-data-analyst-multitude-lhkvfx6o,Power BI,BI / Visualization
freehire:cx-data-analyst-multitude-lhkvfx6o,Power Query,BI / Visualization
freehire:cx-data-analyst-multitude-lhkvfx6o,SQL,Database / Query
freehire:cx-data-analyst-multitude-lhkvfx6o,Statistics,Statistics / Analytics
freehire:senior-business-analyst-airline-domain-load-control-weight-balance-unisys-ld7uexh6,Data Modeling,Data Engineering
freehire:business-analyst-ii-ww-fba-fba-analytics-amazon-2wbz7wfj,Machine Learning,Machine Learning
freehire:business-analyst-arena-investors-lp-67udyufd,Data Warehousing,Data Engineering
freehire:business-analyst-arena-investors-lp-67udyufd,Excel,Spreadsheet
freehire:business-analyst-arena-investors-lp-67udyufd,Power BI,BI / Visualization
freehire:data-management-analyst-jp-morgan-chase-fwgfw76z,Alteryx,Analytics Tool
freehire:data-management-analyst-jp-morgan-chase-fwgfw76z,Excel,Spreadsheet
freehire:data-management-analyst-jp-morgan-chase-fwgfw76z,Power BI,BI / Visualization
freehire:data-management-analyst-jp-morgan-chase-fwgfw76z,SQL,Database / Query
freehire:data-management-analyst-jp-morgan-chase-fwgfw76z,Tableau,BI / Visualization
freehire:associate-data-analyst-goodyear-vkdsueir,NumPy,Programming
freehire:associate-data-analyst-goodyear-vkdsueir,Pandas,Programming
freehire:associate-data-analyst-goodyear-vkdsueir,Power BI,BI / Visualization
freehire:associate-data-analyst-goodyear-vkdsueir,Python,Programming
freehire:associate-data-analyst-goodyear-vkdsueir,SQL,Database / Query
freehire:associate-data-analyst-goodyear-vkdsueir,SciPy,Programming
freehire:associate-data-analyst-goodyear-vkdsueir,Statistics,Statistics / Analytics
freehire:associate-data-analyst-goodyear-vkdsueir,Tableau,BI / Visualization
freehire:in-senior-associate-business-analyst-tax-domain-digital-integration-advisory-gurgaon-pwc-qbtth73w,Azure,Cloud
freehire:in-senior-associate-business-analyst-tax-domain-digital-integration-advisory-gurgaon-pwc-qbtth73w,Git,Developer Tool
freehire:in-senior-associate-business-analyst-tax-domain-digital-integration-advisory-gurgaon-pwc-qbtth73w,Jira,Collaboration Tool
freehire:data-management-analyst-jpmorganchase-aympigre,Alteryx,Analytics Tool
freehire:data-management-analyst-jpmorganchase-aympigre,Excel,Spreadsheet
freehire:data-management-analyst-jpmorganchase-aympigre,Power BI,BI / Visualization
freehire:data-management-analyst-jpmorganchase-aympigre,SQL,Database / Query
freehire:data-management-analyst-jpmorganchase-aympigre,Tableau,BI / Visualization
freehire:risk-analyst-ii-bristol-myers-squibb-muhf73wr,Excel,Spreadsheet
freehire:it-operations-data-automation-analyst-shell-rgi6nqwm,Excel,Spreadsheet
freehire:it-operations-data-automation-analyst-shell-rgi6nqwm,Power BI,BI / Visualization
freehire:it-operations-data-automation-analyst-shell-rgi6nqwm,Python,Programming
freehire:business-analyst-accenture-qqm3zzms,AWS,Cloud
freehire:business-analyst-accenture-qqm3zzms,Jira,Collaboration Tool
freehire:business-analyst-accenture-qqm3zzms,SQL,Database / Query
freehire:sr-analyst-process-analytics-claims-underwriting-4a-genpact-akcjkh2h,Excel,Spreadsheet
freehire:sr-analyst-process-analytics-claims-underwriting-4a-genpact-akcjkh2h,Statistics,Statistics / Analytics
freehire:sr-analyst-process-analytics-actuarial-4a-genpact-li4kq6gl,Statistics,Statistics / Analytics
freehire:bmag-analytics-analyst-as-db-nje2ka3g,Excel,Spreadsheet
freehire:bmag-analytics-analyst-as-db-nje2ka3g,Power BI,BI / Visualization
freehire:bmag-analytics-analyst-as-db-nje2ka3g,SQL,Database / Query
freehire:bmag-analytics-analyst-as-db-nje2ka3g,Tableau,BI / Visualization
freehire:data-analyst-travelhrportal-sjowvowp,AWS,Cloud
freehire:data-analyst-travelhrportal-sjowvowp,Alteryx,Analytics Tool
freehire:data-analyst-travelhrportal-sjowvowp,GCP,Cloud
freehire:data-analyst-travelhrportal-sjowvowp,Python,Programming
freehire:data-analyst-travelhrportal-sjowvowp,R,Programming
freehire:data-analyst-travelhrportal-sjowvowp,Redshift,Cloud / Warehouse
freehire:data-analyst-travelhrportal-sjowvowp,SQL,Database / Query
freehire:data-analyst-travelhrportal-sjowvowp,Snowflake,Cloud / Warehouse
freehire:data-analyst-travelhrportal-sjowvowp,Tableau,BI / Visualization
freehire:senior-data-analyst-nasdaq-44jxul6g,Databricks,Data Engineering
freehire:senior-data-analyst-nasdaq-44jxul6g,Git,Developer Tool
freehire:senior-data-analyst-nasdaq-44jxul6g,Power BI,BI / Visualization
freehire:senior-data-analyst-nasdaq-44jxul6g,SQL,Database / Query
freehire:senior-data-analyst-nasdaq-44jxul6g,Snowflake,Cloud / Warehouse
freehire:cfin-business-analyst-abb-txvcnmc2,Excel,Spreadsheet
freehire:cfin-business-analyst-abb-txvcnmc2,SAP,Enterprise Tool
freehire:business-analyst-exl-ahs3fo4s,Jira,Collaboration Tool
freehire:business-analyst-exl-ahs3fo4s,Power BI,BI / Visualization
freehire:business-analyst-exl-ahs3fo4s,SAP,Enterprise Tool
freehire:business-analyst-exl-ahs3fo4s,SQL,Database / Query
freehire:lead-business-intelligence-analyst-caterpillar-inc-s2k5cxsa,Power BI,BI / Visualization
freehire:lead-business-intelligence-analyst-caterpillar-inc-s2k5cxsa,Python,Programming
freehire:lead-business-intelligence-analyst-caterpillar-inc-s2k5cxsa,SQL,Database / Query
freehire:senior-business-data-analyst-intuit-vmcwhlwz,Excel,Spreadsheet
freehire:senior-business-data-analyst-intuit-vmcwhlwz,Qlik,BI / Visualization
freehire:senior-business-data-analyst-intuit-vmcwhlwz,Redshift,Cloud / Warehouse
freehire:senior-business-data-analyst-intuit-vmcwhlwz,SQL,Database / Query
freehire:senior-business-data-analyst-intuit-vmcwhlwz,Spark,Data Engineering
freehire:senior-business-data-analyst-intuit-vmcwhlwz,Tableau,BI / Visualization
freehire:ivr-ai-analytics-intermediate-analyst-c11-citi-saxsqcmx,SAS,Statistics / Analytics
freehire:ivr-ai-analytics-intermediate-analyst-c11-citi-saxsqcmx,SQL,Database / Query
freehire:ivr-ai-analytics-intermediate-analyst-c11-citi-saxsqcmx,Statistics,Statistics / Analytics
freehire:ivr-ai-analytics-intermediate-analyst-c11-citi-saxsqcmx,Tableau,BI / Visualization
freehire:sr-associate-digital-ai-product-analyst-amgen-2bjhtvjo,Jira,Collaboration Tool
freehire:functional-sme-business-analyst-auto-finance-asset-finance-domain-fidelity-national-information-services-q5ttmvk7,Jira,Collaboration Tool
freehire:senior-business-analyst-technical-business-solutions-amerisourcebergen-nlgdoxuz,Jira,Collaboration Tool
freehire:media-insight-analyst-onclusive-mojxsdrg,Excel,Spreadsheet
freehire:customer-experience-analytics-analyst-citigroup-tfzbmmv3,Git,Developer Tool
freehire:customer-experience-analytics-analyst-citigroup-tfzbmmv3,Machine Learning,Machine Learning
freehire:customer-experience-analytics-analyst-citigroup-tfzbmmv3,Python,Programming
freehire:customer-experience-analytics-analyst-citigroup-tfzbmmv3,SQL,Database / Query
freehire:customer-experience-analytics-analyst-citigroup-tfzbmmv3,Spark,Data Engineering
freehire:customer-experience-analytics-analyst-citigroup-tfzbmmv3,Statistics,Statistics / Analytics
freehire:business-analytics-analyst-citigroup-t2jfvcux,Python,Programming
freehire:business-analytics-analyst-citigroup-t2jfvcux,SAS,Statistics / Analytics
freehire:business-analytics-analyst-citigroup-t2jfvcux,SQL,Database / Query
freehire:business-analytics-analyst-citigroup-t2jfvcux,Spark,Data Engineering
freehire:business-analytics-analyst-citigroup-t2jfvcux,Statistics,Statistics / Analytics
freehire:business-analytics-analyst-citigroup-t2jfvcux,Tableau,BI / Visualization
freehire:data-analyst-health-catalyst-xawi2ces,AWS,Cloud
freehire:data-analyst-health-catalyst-xawi2ces,Azure,Cloud
freehire:data-analyst-health-catalyst-xawi2ces,Data Warehousing,Data Engineering
freehire:data-analyst-health-catalyst-xawi2ces,ETL,Data Engineering
freehire:data-analyst-health-catalyst-xawi2ces,MySQL,Database / Query
freehire:data-analyst-health-catalyst-xawi2ces,Power BI,BI / Visualization
freehire:data-analyst-health-catalyst-xawi2ces,Python,Programming
freehire:data-analyst-health-catalyst-xawi2ces,SQL,Database / Query
freehire:data-analyst-health-catalyst-xawi2ces,SQL Server,Database / Query
freehire:data-analyst-health-catalyst-xawi2ces,Tableau,BI / Visualization
freehire:business-intelligence-data-analyst-ii-advarra-62z66pxd,Data Modeling,Data Engineering
freehire:business-intelligence-data-analyst-ii-advarra-62z66pxd,Databricks,Data Engineering
freehire:business-intelligence-data-analyst-ii-advarra-62z66pxd,Excel,Spreadsheet
freehire:business-intelligence-data-analyst-ii-advarra-62z66pxd,Git,Developer Tool
freehire:business-intelligence-data-analyst-ii-advarra-62z66pxd,Python,Programming
freehire:business-intelligence-data-analyst-ii-advarra-62z66pxd,SQL,Database / Query
freehire:business-intelligence-data-analyst-ii-advarra-62z66pxd,Snowflake,Cloud / Warehouse
freehire:business-intelligence-data-analyst-ii-advarra-62z66pxd,dbt,Data Engineering
freehire:sap-fico-product-analyst-soprasteria1-iko2mtet,SAP,Enterprise Tool
freehire:game-data-analyst-ubisoft-mxf6zzt2,A/B Testing,Statistics / Analytics
freehire:game-data-analyst-ubisoft-mxf6zzt2,Databricks,Data Engineering
freehire:game-data-analyst-ubisoft-mxf6zzt2,Power BI,BI / Visualization
freehire:game-data-analyst-ubisoft-mxf6zzt2,Python,Programming
freehire:game-data-analyst-ubisoft-mxf6zzt2,SQL,Database / Query
freehire:game-data-analyst-ubisoft-mxf6zzt2,Statistics,Statistics / Analytics
freehire:access-and-identity-management-business-analyst-cubist-systematic-strategies-qzsrpn2e,Excel,Spreadsheet
freehire:access-and-identity-management-business-analyst-cubist-systematic-strategies-qzsrpn2e,Jira,Collaboration Tool
freehire:access-and-identity-management-business-analyst-cubist-systematic-strategies-qzsrpn2e,Power BI,BI / Visualization
freehire:access-and-identity-management-business-analyst-cubist-systematic-strategies-qzsrpn2e,SQL,Database / Query
freehire:access-and-identity-management-business-analyst-cubist-systematic-strategies-qzsrpn2e,Tableau,BI / Visualization
freehire:senior-business-analyst-zensar-pmhtryma,Azure,Cloud
freehire:senior-business-analyst-zensar-pmhtryma,Jira,Collaboration Tool
freehire:senior-business-analyst-zensar-technologies-uvrsrxql,Azure,Cloud
freehire:senior-business-analyst-zensar-technologies-uvrsrxql,Jira,Collaboration Tool
freehire:business-analyst-accenture-bmck6d7x,SAP,Enterprise Tool
freehire:business-analyst-global-solutions-risk-compliance-gsrc-amazon-ugi4grrg,SQL,Database / Query
freehire:business-analyst-stantec-hw7szz3s,Power BI,BI / Visualization
freehire:business-analyst-a2-exl-f3zalnry,A/B Testing,Statistics / Analytics
freehire:business-analyst-a2-exl-f3zalnry,Machine Learning,Machine Learning
freehire:business-analyst-a2-exl-f3zalnry,Power BI,BI / Visualization
freehire:business-analyst-a2-exl-f3zalnry,Python,Programming
freehire:business-analyst-a2-exl-f3zalnry,SAS,Statistics / Analytics
freehire:business-analyst-a2-exl-f3zalnry,SQL,Database / Query
freehire:business-analyst-a2-exl-f3zalnry,Statistics,Statistics / Analytics
freehire:business-analyst-a2-exl-f3zalnry,Tableau,BI / Visualization
freehire:technical-business-analyst-barclays-7xogrwwo,Excel,Spreadsheet
freehire:technical-business-analyst-barclays-7xogrwwo,SQL,Database / Query
freehire:data-analyst-hp-2wavjvec,A/B Testing,Statistics / Analytics
freehire:data-analyst-hp-2wavjvec,Data Modeling,Data Engineering
freehire:data-analyst-hp-2wavjvec,Data Warehousing,Data Engineering
freehire:data-analyst-hp-2wavjvec,ETL,Data Engineering
freehire:data-analyst-hp-2wavjvec,Machine Learning,Machine Learning
freehire:data-analyst-hp-2wavjvec,Power BI,BI / Visualization
freehire:data-analyst-hp-2wavjvec,Python,Programming
freehire:data-analyst-hp-2wavjvec,SAS,Statistics / Analytics
freehire:data-analyst-hp-2wavjvec,SQL,Database / Query
freehire:data-analyst-hp-2wavjvec,Statistics,Statistics / Analytics
freehire:data-analyst-hp-2wavjvec,Tableau,BI / Visualization
freehire:data-analyst-weekday-1-xayjngs5,AWS,Cloud
freehire:data-analyst-weekday-1-xayjngs5,Azure,Cloud
freehire:data-analyst-weekday-1-xayjngs5,ETL,Data Engineering
freehire:data-analyst-weekday-1-xayjngs5,Power BI,BI / Visualization
freehire:data-analyst-weekday-1-xayjngs5,Python,Programming
freehire:data-analyst-weekday-1-xayjngs5,SQL,Database / Query
freehire:data-analyst-weekday-1-xayjngs5,Snowflake,Cloud / Warehouse
freehire:data-analyst-weekday-1-xayjngs5,Tableau,BI / Visualization
freehire:data-analyst-enterprise-relationship-mgmt-franklin-templeton-r2yndgcx,Excel,Spreadsheet
freehire:senior-data-analyst-it-plm-platform-allegion-46f4oafy,Azure,Cloud
freehire:senior-data-analyst-it-plm-platform-allegion-46f4oafy,Machine Learning,Machine Learning
freehire:senior-data-analyst-it-plm-platform-allegion-46f4oafy,Power BI,BI / Visualization
freehire:senior-data-analyst-it-plm-platform-allegion-46f4oafy,Python,Programming
freehire:senior-data-analyst-it-plm-platform-allegion-46f4oafy,SQL,Database / Query
freehire:senior-data-analyst-it-plm-platform-allegion-46f4oafy,Statistics,Statistics / Analytics
freehire:senior-workforce-data-analyst-syneos-health-zklpwjk7,DAX,BI / Visualization
freehire:senior-workforce-data-analyst-syneos-health-zklpwjk7,Data Modeling,Data Engineering
freehire:senior-workforce-data-analyst-syneos-health-zklpwjk7,Databricks,Data Engineering
freehire:senior-workforce-data-analyst-syneos-health-zklpwjk7,Excel,Spreadsheet
freehire:senior-workforce-data-analyst-syneos-health-zklpwjk7,Forecasting,Statistics / Analytics
freehire:senior-workforce-data-analyst-syneos-health-zklpwjk7,Power BI,BI / Visualization
freehire:senior-workforce-data-analyst-syneos-health-zklpwjk7,Power Query,BI / Visualization
freehire:senior-workforce-data-analyst-syneos-health-zklpwjk7,Regression,Statistics / Analytics
freehire:senior-workforce-data-analyst-syneos-health-zklpwjk7,SQL,Database / Query
freehire:senior-workforce-data-analyst-syneos-health-zklpwjk7,Statistics,Statistics / Analytics
freehire:analytics-business-analyst-citi-r447zv2l,Data Modeling,Data Engineering
freehire:analytics-business-analyst-citi-r447zv2l,Excel,Spreadsheet
freehire:analytics-business-analyst-citi-r447zv2l,NumPy,Programming
freehire:analytics-business-analyst-citi-r447zv2l,Pandas,Programming
freehire:analytics-business-analyst-citi-r447zv2l,Power BI,BI / Visualization
freehire:analytics-business-analyst-citi-r447zv2l,Python,Programming
freehire:analytics-business-analyst-citi-r447zv2l,Qlik,BI / Visualization
freehire:analytics-business-analyst-citi-r447zv2l,SAS,Statistics / Analytics
freehire:analytics-business-analyst-citi-r447zv2l,SQL,Database / Query
freehire:analytics-business-analyst-citi-r447zv2l,SQL Server,Database / Query
freehire:analytics-business-analyst-citi-r447zv2l,Snowflake,Cloud / Warehouse
freehire:analytics-business-analyst-citi-r447zv2l,Statistics,Statistics / Analytics
freehire:analytics-business-analyst-citi-r447zv2l,Tableau,BI / Visualization
freehire:senior-risk-analyst-alphasense-india-6rozrqvz,AWS,Cloud
freehire:senior-risk-analyst-alphasense-india-6rozrqvz,Azure,Cloud
freehire:senior-risk-analyst-alphasense-india-6rozrqvz,Data Warehousing,Data Engineering
freehire:senior-risk-analyst-alphasense-india-6rozrqvz,GCP,Cloud
freehire:senior-risk-analyst-alphasense-india-6rozrqvz,Looker,BI / Visualization
freehire:senior-risk-analyst-alphasense-india-6rozrqvz,Power BI,BI / Visualization
freehire:senior-risk-analyst-alphasense-india-6rozrqvz,Python,Programming
freehire:senior-risk-analyst-alphasense-india-6rozrqvz,Tableau,BI / Visualization
freehire:senior-risk-analyst-alpha-sense-mrtctuex,AWS,Cloud
freehire:senior-risk-analyst-alpha-sense-mrtctuex,Azure,Cloud
freehire:senior-risk-analyst-alpha-sense-mrtctuex,Data Warehousing,Data Engineering
freehire:senior-risk-analyst-alpha-sense-mrtctuex,GCP,Cloud
freehire:senior-risk-analyst-alpha-sense-mrtctuex,Looker,BI / Visualization
freehire:senior-risk-analyst-alpha-sense-mrtctuex,Power BI,BI / Visualization
freehire:senior-risk-analyst-alpha-sense-mrtctuex,Python,Programming
freehire:senior-risk-analyst-alpha-sense-mrtctuex,Tableau,BI / Visualization
freehire:senior-data-analyst-precision-aq-wccmzfoq,Data Modeling,Data Engineering
freehire:senior-data-analyst-precision-aq-wccmzfoq,Excel,Spreadsheet
freehire:senior-data-analyst-precision-aq-wccmzfoq,Power BI,BI / Visualization
freehire:senior-data-analyst-precision-aq-wccmzfoq,Python,Programming
freehire:senior-data-analyst-precision-aq-wccmzfoq,SQL,Database / Query
freehire:senior-data-analyst-precision-aq-wccmzfoq,Statistics,Statistics / Analytics
freehire:senior-data-analyst-precision-aq-wccmzfoq,Tableau,BI / Visualization
freehire:client-services-business-analyst-ii-healthcare-data-precision-medicine-group-46wkjovd,ETL,Data Engineering
freehire:client-services-business-analyst-ii-healthcare-data-precision-medicine-group-46wkjovd,Excel,Spreadsheet
freehire:client-services-business-analyst-ii-healthcare-data-precision-medicine-group-46wkjovd,Power BI,BI / Visualization
freehire:client-services-business-analyst-ii-healthcare-data-precision-medicine-group-46wkjovd,Python,Programming
freehire:client-services-business-analyst-ii-healthcare-data-precision-medicine-group-46wkjovd,SQL,Database / Query
freehire:client-services-business-analyst-ii-healthcare-data-precision-medicine-group-46wkjovd,SQL Server,Database / Query
freehire:client-services-business-analyst-ii-healthcare-data-precision-medicine-group-46wkjovd,SSIS,Data Engineering
freehire:senior-data-analyst-precision-medicine-group-rcdy2qmu,Data Modeling,Data Engineering
freehire:senior-data-analyst-precision-medicine-group-rcdy2qmu,Excel,Spreadsheet
freehire:senior-data-analyst-precision-medicine-group-rcdy2qmu,Power BI,BI / Visualization
freehire:senior-data-analyst-precision-medicine-group-rcdy2qmu,Python,Programming
freehire:senior-data-analyst-precision-medicine-group-rcdy2qmu,SQL,Database / Query
freehire:senior-data-analyst-precision-medicine-group-rcdy2qmu,Statistics,Statistics / Analytics
freehire:senior-data-analyst-precision-medicine-group-rcdy2qmu,Tableau,BI / Visualization
freehire:business-analyst-data-products-luxoft-wlcuu4v3,Data Modeling,Data Engineering
freehire:business-analyst-data-products-luxoft-wlcuu4v3,Excel,Spreadsheet
freehire:business-analyst-data-products-luxoft-wlcuu4v3,Power BI,BI / Visualization
freehire:business-analyst-data-products-luxoft-wlcuu4v3,SQL,Database / Query
freehire:assistant-manager-business-analyst-esyasoft-5uvufrdb,Azure,Cloud
freehire:assistant-manager-business-analyst-esyasoft-5uvufrdb,Excel,Spreadsheet
freehire:assistant-manager-business-analyst-esyasoft-5uvufrdb,Forecasting,Statistics / Analytics
freehire:assistant-manager-business-analyst-esyasoft-5uvufrdb,Jira,Collaboration Tool
freehire:assistant-manager-business-analyst-esyasoft-5uvufrdb,Power BI,BI / Visualization
freehire:assistant-manager-business-analyst-esyasoft-5uvufrdb,SQL,Database / Query
freehire:assistant-manager-business-analyst-esyasoft-5uvufrdb,SQL Server,Database / Query
freehire:quantitative-analyst-graviton-research-capital-llp-yqposcdt,Python,Programming
freehire:quantitative-analyst-graviton-research-capital-llp-yqposcdt,Statistics,Statistics / Analytics
freehire:hubspot-business-analyst-scale-ir-gq6rymuj,Excel,Spreadsheet
freehire:hubspot-business-analyst-scale-ir-gq6rymuj,Power BI,BI / Visualization
freehire:hubspot-business-analyst-scale-ir-gq6rymuj,Power Query,BI / Visualization
freehire:hubspot-business-analyst-scale-ir-gq6rymuj,SQL,Database / Query
freehire:hubspot-business-analyst-scale-ir-gq6rymuj,Tableau,BI / Visualization
freehire:it-business-analyst-oracle-fusion-sc-planning-avery-dennison-ocjn62xu,SQL,Database / Query
freehire:data-analyst-stantec-dzvimm5l,DAX,BI / Visualization
freehire:data-analyst-stantec-dzvimm5l,Data Modeling,Data Engineering
freehire:data-analyst-stantec-dzvimm5l,Jira,Collaboration Tool
freehire:data-analyst-stantec-dzvimm5l,Power BI,BI / Visualization
freehire:data-analyst-stantec-dzvimm5l,Python,Programming
freehire:data-analyst-stantec-dzvimm5l,SQL,Database / Query
freehire:data-analyst-stantec-dzvimm5l,Statistics,Statistics / Analytics
freehire:business-analyst-credit-risk-luxoft-7hnddk6t,ETL,Data Engineering
freehire:business-analyst-credit-risk-luxoft-7hnddk6t,SQL,Database / Query
freehire:business-analyst-lean-digital-transformation-4b-genpact-asnr2blu,Excel,Spreadsheet
freehire:business-analyst-lean-digital-transformation-4b-genpact-asnr2blu,Python,Programming
freehire:business-analyst-lean-digital-transformation-4b-genpact-asnr2blu,SQL,Database / Query
freehire:business-analyst-client-platforms-aresmgmt-y2t5d4pu,Jira,Collaboration Tool
freehire:consumer-banking-branch-performance-reporting-and-analytics-analyst-jpmorganchase-tfmapv7z,Alteryx,Analytics Tool
freehire:consumer-banking-branch-performance-reporting-and-analytics-analyst-jpmorganchase-tfmapv7z,Excel,Spreadsheet
freehire:consumer-banking-branch-performance-reporting-and-analytics-analyst-jpmorganchase-tfmapv7z,Python,Programming
freehire:consumer-banking-branch-performance-reporting-and-analytics-analyst-jpmorganchase-tfmapv7z,SQL,Database / Query
freehire:consumer-banking-branch-performance-reporting-and-analytics-analyst-jpmorganchase-tfmapv7z,Tableau,BI / Visualization
freehire:consumer-banking-branch-performance-reporting-and-analytics-analyst-jp-morgan-chase-kaflsmz5,Alteryx,Analytics Tool
freehire:consumer-banking-branch-performance-reporting-and-analytics-analyst-jp-morgan-chase-kaflsmz5,Excel,Spreadsheet
freehire:consumer-banking-branch-performance-reporting-and-analytics-analyst-jp-morgan-chase-kaflsmz5,Python,Programming
freehire:consumer-banking-branch-performance-reporting-and-analytics-analyst-jp-morgan-chase-kaflsmz5,SQL,Database / Query
freehire:consumer-banking-branch-performance-reporting-and-analytics-analyst-jp-morgan-chase-kaflsmz5,Tableau,BI / Visualization
freehire:senior-business-analyst-technical-business-solutions-cencora-5k3cv6l4,Jira,Collaboration Tool
freehire:clinical-data-svs-sr-analyst-accenture-7aenuicu,Qlik,BI / Visualization
freehire:analyst-process-analytics-fcrm-5b-genpact-psxy426h,Statistics,Statistics / Analytics
freehire:specialist-business-analyst-amgen-f4qh4qsb,AWS,Cloud
freehire:specialist-business-analyst-amgen-f4qh4qsb,Azure,Cloud
freehire:specialist-business-analyst-amgen-f4qh4qsb,Databricks,Data Engineering
freehire:specialist-business-analyst-amgen-f4qh4qsb,ELT,Data Engineering
freehire:specialist-business-analyst-amgen-f4qh4qsb,ETL,Data Engineering
freehire:specialist-business-analyst-amgen-f4qh4qsb,Git,Developer Tool
freehire:specialist-business-analyst-amgen-f4qh4qsb,Jira,Collaboration Tool
freehire:specialist-business-analyst-amgen-f4qh4qsb,Machine Learning,Machine Learning
freehire:specialist-business-analyst-amgen-f4qh4qsb,Power BI,BI / Visualization
freehire:specialist-business-analyst-amgen-f4qh4qsb,Python,Programming
freehire:specialist-business-analyst-amgen-f4qh4qsb,Regression,Statistics / Analytics
freehire:specialist-business-analyst-amgen-f4qh4qsb,SQL,Database / Query
freehire:specialist-business-analyst-amgen-f4qh4qsb,Spark,Data Engineering
freehire:specialist-business-analyst-amgen-f4qh4qsb,Tableau,BI / Visualization
freehire:senior-business-analyst-cushman-wakefield-kdramrf7,Excel,Spreadsheet
freehire:senior-business-analyst-cushman-wakefield-kdramrf7,Power BI,BI / Visualization
freehire:senior-credit-risk-analyst-avp-hybrid-citi-46dofr5p,Excel,Spreadsheet
freehire:senior-business-analyst-python-assistant-vice-president-citi-xcib7otx,Python,Programming
freehire:business-analyst-hewlett-packard-hp-hujnrzwg,DAX,BI / Visualization
freehire:business-analyst-hewlett-packard-hp-hujnrzwg,Data Modeling,Data Engineering
freehire:business-analyst-hewlett-packard-hp-hujnrzwg,ETL,Data Engineering
freehire:business-analyst-hewlett-packard-hp-hujnrzwg,Excel,Spreadsheet
freehire:business-analyst-hewlett-packard-hp-hujnrzwg,Power BI,BI / Visualization
freehire:business-analyst-hewlett-packard-hp-hujnrzwg,Power Query,BI / Visualization
freehire:business-analyst-hewlett-packard-hp-hujnrzwg,SQL,Database / Query
freehire:business-analyst-hewlett-packard-hp-hujnrzwg,SSIS,Data Engineering
freehire:data-analyst-stillfront-group-exjuniyc,A/B Testing,Statistics / Analytics
freehire:data-analyst-stillfront-group-exjuniyc,BigQuery,Cloud / Warehouse
freehire:data-analyst-stillfront-group-exjuniyc,Forecasting,Statistics / Analytics
freehire:data-analyst-stillfront-group-exjuniyc,Looker,BI / Visualization
freehire:data-analyst-stillfront-group-exjuniyc,NumPy,Programming
freehire:data-analyst-stillfront-group-exjuniyc,Pandas,Programming
freehire:data-analyst-stillfront-group-exjuniyc,Power BI,BI / Visualization
freehire:data-analyst-stillfront-group-exjuniyc,Python,Programming
freehire:data-analyst-stillfront-group-exjuniyc,Redshift,Cloud / Warehouse
freehire:data-analyst-stillfront-group-exjuniyc,SQL,Database / Query
freehire:data-analyst-stillfront-group-exjuniyc,Spark,Data Engineering
freehire:data-analyst-stillfront-group-exjuniyc,Statistics,Statistics / Analytics
freehire:data-analyst-stillfront-group-exjuniyc,Tableau,BI / Visualization
freehire:field-analytics-analyst-sanofi-r-d-driven-and-ai-powered-biopharmaceutical-company-icnw6yx7,Excel,Spreadsheet
freehire:field-analytics-analyst-sanofi-r-d-driven-and-ai-powered-biopharmaceutical-company-icnw6yx7,Power BI,BI / Visualization
freehire:field-analytics-analyst-sanofi-r-d-driven-and-ai-powered-biopharmaceutical-company-icnw6yx7,Python,Programming
freehire:field-analytics-analyst-sanofi-r-d-driven-and-ai-powered-biopharmaceutical-company-icnw6yx7,SQL,Database / Query
freehire:field-analytics-analyst-sanofi-r-d-driven-and-ai-powered-biopharmaceutical-company-icnw6yx7,Snowflake,Cloud / Warehouse
freehire:field-analytics-analyst-sanofi-r-d-driven-and-ai-powered-biopharmaceutical-company-icnw6yx7,Statistics,Statistics / Analytics
freehire:data-quality-and-ai-readiness-product-analyst-sanofi-r-d-driven-and-ai-powered-biopharmaceutical-company-tlasrja7,ELT,Data Engineering
freehire:data-quality-and-ai-readiness-product-analyst-sanofi-r-d-driven-and-ai-powered-biopharmaceutical-company-tlasrja7,ETL,Data Engineering
freehire:data-quality-and-ai-readiness-product-analyst-sanofi-r-d-driven-and-ai-powered-biopharmaceutical-company-tlasrja7,Machine Learning,Machine Learning
freehire:data-quality-and-ai-readiness-product-analyst-sanofi-r-d-driven-and-ai-powered-biopharmaceutical-company-tlasrja7,Power BI,BI / Visualization
freehire:data-quality-and-ai-readiness-product-analyst-sanofi-r-d-driven-and-ai-powered-biopharmaceutical-company-tlasrja7,Python,Programming
freehire:data-quality-and-ai-readiness-product-analyst-sanofi-r-d-driven-and-ai-powered-biopharmaceutical-company-tlasrja7,SQL,Database / Query
freehire:data-quality-and-ai-readiness-product-analyst-sanofi-r-d-driven-and-ai-powered-biopharmaceutical-company-tlasrja7,Snowflake,Cloud / Warehouse
freehire:healthcare-research-and-data-analyst-clarivate-5wz3y773,Excel,Spreadsheet
freehire:healthcare-research-and-data-analyst-clarivate-5wz3y773,Forecasting,Statistics / Analytics
freehire:pricing-analyst-ca-zensar-y2sljb6d,Data Modeling,Data Engineering
freehire:pricing-analyst-ca-zensar-y2sljb6d,Excel,Spreadsheet
freehire:pricing-analyst-ca-zensar-technologies-crndqai7,Data Modeling,Data Engineering
freehire:pricing-analyst-ca-zensar-technologies-crndqai7,Excel,Spreadsheet
freehire:data-driven-analyst-modern-healthcare-financial-experiences-are-built-with-zelis-n4gqdtvu,Excel,Spreadsheet
freehire:senior-data-analyst-marketing-performance-salesforce-the-1-ai-crm-udp6d6fe,A/B Testing,Statistics / Analytics
freehire:senior-data-analyst-marketing-performance-salesforce-the-1-ai-crm-udp6d6fe,Alteryx,Analytics Tool
freehire:senior-data-analyst-marketing-performance-salesforce-the-1-ai-crm-udp6d6fe,BigQuery,Cloud / Warehouse
freehire:senior-data-analyst-marketing-performance-salesforce-the-1-ai-crm-udp6d6fe,Data Modeling,Data Engineering
freehire:senior-data-analyst-marketing-performance-salesforce-the-1-ai-crm-udp6d6fe,Data Warehousing,Data Engineering
freehire:senior-data-analyst-marketing-performance-salesforce-the-1-ai-crm-udp6d6fe,ELT,Data Engineering
freehire:senior-data-analyst-marketing-performance-salesforce-the-1-ai-crm-udp6d6fe,ETL,Data Engineering
freehire:senior-data-analyst-marketing-performance-salesforce-the-1-ai-crm-udp6d6fe,Looker,BI / Visualization
freehire:senior-data-analyst-marketing-performance-salesforce-the-1-ai-crm-udp6d6fe,Power BI,BI / Visualization
freehire:senior-data-analyst-marketing-performance-salesforce-the-1-ai-crm-udp6d6fe,Python,Programming
freehire:senior-data-analyst-marketing-performance-salesforce-the-1-ai-crm-udp6d6fe,Redshift,Cloud / Warehouse
freehire:senior-data-analyst-marketing-performance-salesforce-the-1-ai-crm-udp6d6fe,SQL,Database / Query
freehire:senior-data-analyst-marketing-performance-salesforce-the-1-ai-crm-udp6d6fe,Snowflake,Cloud / Warehouse
freehire:senior-data-analyst-marketing-performance-salesforce-the-1-ai-crm-udp6d6fe,Statistics,Statistics / Analytics
freehire:senior-data-analyst-marketing-performance-salesforce-the-1-ai-crm-udp6d6fe,Tableau,BI / Visualization
freehire:sap-sd-pricing-conditions-business-analyst-sap-ecc-emagine-5uxpkgif,SAP,Enterprise Tool
freehire:business-data-analyst-finance-or-banking-work-from-office-emagine-l6kyrnk4,Data Warehousing,Data Engineering
freehire:business-data-analyst-finance-or-banking-work-from-office-emagine-l6kyrnk4,PostgreSQL,Database / Query
freehire:business-data-analyst-finance-or-banking-work-from-office-emagine-l6kyrnk4,SQL,Database / Query
freehire:senior-traded-risk-analyst-techno-functional-luxoft-4spvlppg,Git,Developer Tool
freehire:senior-traded-risk-analyst-techno-functional-luxoft-4spvlppg,Python,Programming
freehire:senior-traded-risk-analyst-techno-functional-luxoft-4spvlppg,SQL,Database / Query
freehire:senior-traded-risk-analyst-techno-functional-luxoft-4spvlppg,SQL Server,Database / Query
freehire:salesforce-consultant-cpq-business-analyst-role-work-from-home-bayapps-inc-lxvgki7t,ETL,Data Engineering
freehire:salesforce-consultant-cpq-business-analyst-role-work-from-home-bayapps-inc-lxvgki7t,SAP,Enterprise Tool
freehire:senior-enterprise-performance-analyst-care-access-pajzr7pk,Excel,Spreadsheet
freehire:senior-enterprise-performance-analyst-care-access-pajzr7pk,Power BI,BI / Visualization
freehire:senior-enterprise-performance-analyst-care-access-pajzr7pk,SQL,Database / Query
freehire:senior-data-analyst-okta-6mol7s7j,Looker,BI / Visualization
freehire:senior-data-analyst-okta-6mol7s7j,Machine Learning,Machine Learning
freehire:senior-data-analyst-okta-6mol7s7j,Power BI,BI / Visualization
freehire:senior-data-analyst-okta-6mol7s7j,Python,Programming
freehire:senior-data-analyst-okta-6mol7s7j,SQL,Database / Query
freehire:senior-data-analyst-okta-6mol7s7j,Snowflake,Cloud / Warehouse
freehire:senior-data-analyst-okta-6mol7s7j,Statistics,Statistics / Analytics
freehire:senior-data-analyst-okta-6mol7s7j,Tableau,BI / Visualization
freehire:senior-data-analyst-okta-6mol7s7j,dbt,Data Engineering
freehire:senior-data-analyst-auth0-okta-stsuzwhd,BigQuery,Cloud / Warehouse
freehire:senior-data-analyst-auth0-okta-stsuzwhd,Data Warehousing,Data Engineering
freehire:senior-data-analyst-auth0-okta-stsuzwhd,Databricks,Data Engineering
freehire:senior-data-analyst-auth0-okta-stsuzwhd,Git,Developer Tool
freehire:senior-data-analyst-auth0-okta-stsuzwhd,Jira,Collaboration Tool
freehire:senior-data-analyst-auth0-okta-stsuzwhd,Looker,BI / Visualization
freehire:senior-data-analyst-auth0-okta-stsuzwhd,Machine Learning,Machine Learning
freehire:senior-data-analyst-auth0-okta-stsuzwhd,Power BI,BI / Visualization
freehire:senior-data-analyst-auth0-okta-stsuzwhd,Python,Programming
freehire:senior-data-analyst-auth0-okta-stsuzwhd,SQL,Database / Query
freehire:senior-data-analyst-auth0-okta-stsuzwhd,Snowflake,Cloud / Warehouse
freehire:senior-data-analyst-auth0-okta-stsuzwhd,Tableau,BI / Visualization
freehire:senior-data-analyst-auth0-okta-stsuzwhd,dbt,Data Engineering
freehire:senior-salesforce-product-analyst-okta-f6l6ppuq,Machine Learning,Machine Learning
freehire:senior-salesforce-product-analyst-okta-f6l6ppuq,Regression,Statistics / Analytics
freehire:sr-data-analyst-cohere-health-ypwe77c5,AWS,Cloud
freehire:sr-data-analyst-cohere-health-ypwe77c5,Excel,Spreadsheet
freehire:sr-data-analyst-cohere-health-ypwe77c5,Forecasting,Statistics / Analytics
freehire:sr-data-analyst-cohere-health-ypwe77c5,Git,Developer Tool
freehire:sr-data-analyst-cohere-health-ypwe77c5,Jira,Collaboration Tool
freehire:sr-data-analyst-cohere-health-ypwe77c5,Looker,BI / Visualization
freehire:sr-data-analyst-cohere-health-ypwe77c5,Power BI,BI / Visualization
freehire:sr-data-analyst-cohere-health-ypwe77c5,Python,Programming
freehire:sr-data-analyst-cohere-health-ypwe77c5,SQL,Database / Query
freehire:sr-data-analyst-cohere-health-ypwe77c5,Statistics,Statistics / Analytics
freehire:sr-data-analyst-cohere-health-ypwe77c5,Tableau,BI / Visualization
freehire:senior-data-analyst-coupang-internal-rytrlzao,Airflow,Data Engineering
freehire:senior-data-analyst-coupang-internal-rytrlzao,ETL,Data Engineering
freehire:senior-data-analyst-coupang-internal-rytrlzao,Forecasting,Statistics / Analytics
freehire:senior-data-analyst-coupang-internal-rytrlzao,Git,Developer Tool
freehire:senior-data-analyst-coupang-internal-rytrlzao,Power BI,BI / Visualization
freehire:senior-data-analyst-coupang-internal-rytrlzao,Python,Programming
freehire:senior-data-analyst-coupang-internal-rytrlzao,SQL,Database / Query
freehire:senior-data-analyst-coupang-internal-rytrlzao,Statistics,Statistics / Analytics
freehire:senior-data-analyst-coupang-internal-rytrlzao,Tableau,BI / Visualization
freehire:product-analyst-payoneer-kv7ooovm,Looker,BI / Visualization
freehire:product-analyst-payoneer-kv7ooovm,Power BI,BI / Visualization
freehire:product-analyst-payoneer-kv7ooovm,SQL,Database / Query
freehire:data-analyst-ericsson-dz7i7dxi,Excel,Spreadsheet
freehire:data-analyst-ericsson-dz7i7dxi,GCP,Cloud
freehire:data-analyst-ericsson-dz7i7dxi,Power BI,BI / Visualization
freehire:data-analyst-ericsson-dz7i7dxi,Python,Programming
freehire:data-analyst-ericsson-dz7i7dxi,SAP,Enterprise Tool
freehire:data-analyst-ericsson-dz7i7dxi,Statistics,Statistics / Analytics
freehire:data-analyst-ericsson-dz7i7dxi,Tableau,BI / Visualization
freehire:advanced-analytics-analyst-commonwealth-bank-of-australia-fjjgzst3,Machine Learning,Machine Learning
freehire:advanced-analytics-analyst-commonwealth-bank-of-australia-fjjgzst3,Power BI,BI / Visualization
freehire:advanced-analytics-analyst-commonwealth-bank-of-australia-fjjgzst3,SQL,Database / Query
freehire:advanced-analytics-analyst-commonwealth-bank-of-australia-fjjgzst3,Snowflake,Cloud / Warehouse
freehire:advanced-analytics-analyst-commonwealth-bank-of-australia-fjjgzst3,Tableau,BI / Visualization
freehire:business-intelligence-reporting-analyst-consilio-zypkhiv4,Excel,Spreadsheet
freehire:business-intelligence-reporting-analyst-consilio-zypkhiv4,Power BI,BI / Visualization
freehire:business-intelligence-reporting-analyst-consilio-zypkhiv4,SQL,Database / Query
freehire:business-intelligence-reporting-analyst-consilio-zypkhiv4,SQL Server,Database / Query
freehire:business-analyst-ohl-amazon-bpqa6hms,AWS,Cloud
freehire:business-analyst-ohl-amazon-bpqa6hms,ETL,Data Engineering
freehire:business-analyst-ohl-amazon-bpqa6hms,Excel,Spreadsheet
freehire:business-analyst-ohl-amazon-bpqa6hms,Python,Programming
freehire:business-analyst-ohl-amazon-bpqa6hms,Redshift,Cloud / Warehouse
freehire:business-analyst-ohl-amazon-bpqa6hms,SAS,Statistics / Analytics
freehire:business-analyst-ohl-amazon-bpqa6hms,SPSS,Statistics / Analytics
freehire:business-analyst-ohl-amazon-bpqa6hms,SQL,Database / Query
freehire:business-analyst-ohl-amazon-bpqa6hms,Statistics,Statistics / Analytics
freehire:business-analyst-ohl-amazon-bpqa6hms,Tableau,BI / Visualization
freehire:sr-business-analyst-4c-genpact-hs7ukhoy,AWS,Cloud
freehire:sr-business-analyst-4c-genpact-hs7ukhoy,Azure,Cloud
freehire:sr-business-analyst-4c-genpact-hs7ukhoy,GCP,Cloud
freehire:sr-business-analyst-4c-genpact-hs7ukhoy,SAP,Enterprise Tool
freehire:sr-business-analyst-4c-genpact-hs7ukhoy,Statistics,Statistics / Analytics
freehire:asset-management-risk-analyst-jp-morgan-chase-zueh7c7q,Python,Programming
freehire:asset-management-risk-analyst-jp-morgan-chase-zueh7c7q,SQL,Database / Query
freehire:asset-management-risk-analyst-jp-morgan-chase-zueh7c7q,Tableau,BI / Visualization
freehire:tpm-rgm-process-bi-analyst-associate-bangalore-pwc-bbowbcjz,Alteryx,Analytics Tool
freehire:tpm-rgm-process-bi-analyst-associate-bangalore-pwc-bbowbcjz,Excel,Spreadsheet
freehire:tpm-rgm-process-bi-analyst-associate-bangalore-pwc-bbowbcjz,Power BI,BI / Visualization
freehire:tpm-rgm-process-bi-analyst-associate-bangalore-pwc-bbowbcjz,Python,Programming
freehire:tpm-rgm-process-bi-analyst-associate-bangalore-pwc-bbowbcjz,SAP,Enterprise Tool
freehire:tpm-rgm-process-bi-analyst-associate-bangalore-pwc-bbowbcjz,SQL,Database / Query
freehire:tpm-rgm-process-bi-analyst-associate-bangalore-pwc-bbowbcjz,Tableau,BI / Visualization
freehire:senior-data-analyst-marketing-performance-salesforce-j5olpi26,A/B Testing,Statistics / Analytics
freehire:senior-data-analyst-marketing-performance-salesforce-j5olpi26,Alteryx,Analytics Tool
freehire:senior-data-analyst-marketing-performance-salesforce-j5olpi26,BigQuery,Cloud / Warehouse
freehire:senior-data-analyst-marketing-performance-salesforce-j5olpi26,Data Modeling,Data Engineering
freehire:senior-data-analyst-marketing-performance-salesforce-j5olpi26,Data Warehousing,Data Engineering
freehire:senior-data-analyst-marketing-performance-salesforce-j5olpi26,ELT,Data Engineering
freehire:senior-data-analyst-marketing-performance-salesforce-j5olpi26,ETL,Data Engineering
freehire:senior-data-analyst-marketing-performance-salesforce-j5olpi26,Looker,BI / Visualization
freehire:senior-data-analyst-marketing-performance-salesforce-j5olpi26,Power BI,BI / Visualization
freehire:senior-data-analyst-marketing-performance-salesforce-j5olpi26,Python,Programming
freehire:senior-data-analyst-marketing-performance-salesforce-j5olpi26,Redshift,Cloud / Warehouse
freehire:senior-data-analyst-marketing-performance-salesforce-j5olpi26,SQL,Database / Query
freehire:senior-data-analyst-marketing-performance-salesforce-j5olpi26,Snowflake,Cloud / Warehouse
freehire:senior-data-analyst-marketing-performance-salesforce-j5olpi26,Statistics,Statistics / Analytics
freehire:senior-data-analyst-marketing-performance-salesforce-j5olpi26,Tableau,BI / Visualization
freehire:asset-management-risk-analyst-jpmorganchase-rucnrczp,Python,Programming
freehire:asset-management-risk-analyst-jpmorganchase-rucnrczp,SQL,Database / Query
freehire:asset-management-risk-analyst-jpmorganchase-rucnrczp,Tableau,BI / Visualization
freehire:senior-quantitative-analyst-new-product-development-morningstar-ctltdd3x,PostgreSQL,Database / Query
freehire:senior-quantitative-analyst-new-product-development-morningstar-ctltdd3x,Python,Programming
freehire:senior-quantitative-analyst-new-product-development-morningstar-ctltdd3x,SQL,Database / Query
freehire:senior-quantitative-analyst-new-product-development-morningstar-ctltdd3x,SQL Server,Database / Query
freehire:senior-quantitative-analyst-new-product-development-morningstar-ctltdd3x,Statistics,Statistics / Analytics
freehire:principal-advanced-analytics-analyst-medtronic-jt55z7ux,DAX,BI / Visualization
freehire:principal-advanced-analytics-analyst-medtronic-jt55z7ux,Data Modeling,Data Engineering
freehire:principal-advanced-analytics-analyst-medtronic-jt55z7ux,Databricks,Data Engineering
freehire:principal-advanced-analytics-analyst-medtronic-jt55z7ux,Power BI,BI / Visualization
freehire:principal-advanced-analytics-analyst-medtronic-jt55z7ux,Power Query,BI / Visualization
freehire:principal-advanced-analytics-analyst-medtronic-jt55z7ux,SQL,Database / Query
freehire:principal-advanced-analytics-analyst-medtronic-jt55z7ux,Snowflake,Cloud / Warehouse
freehire:data-quality-ai-readiness-product-analyst-sanofi-hlu4q7n4,ELT,Data Engineering
freehire:data-quality-ai-readiness-product-analyst-sanofi-hlu4q7n4,ETL,Data Engineering
freehire:data-quality-ai-readiness-product-analyst-sanofi-hlu4q7n4,Machine Learning,Machine Learning
freehire:data-quality-ai-readiness-product-analyst-sanofi-hlu4q7n4,Power BI,BI / Visualization
freehire:data-quality-ai-readiness-product-analyst-sanofi-hlu4q7n4,Python,Programming
freehire:data-quality-ai-readiness-product-analyst-sanofi-hlu4q7n4,SQL,Database / Query
freehire:data-quality-ai-readiness-product-analyst-sanofi-hlu4q7n4,Snowflake,Cloud / Warehouse
freehire:oracle-senior-business-analyst-procure-to-pay-p2p-zensar-d7t5bdhp,SAP,Enterprise Tool
freehire:oracle-senior-business-analyst-procure-to-pay-p2p-zensar-d7t5bdhp,SQL,Database / Query
freehire:oracle-senior-business-analyst-procure-to-pay-p2p-zensar-technologies-vpkxcs56,SAP,Enterprise Tool
freehire:oracle-senior-business-analyst-procure-to-pay-p2p-zensar-technologies-vpkxcs56,SQL,Database / Query
freehire:data-management-analyst-specialist-cdao-eadp-measurement-vanguard-rofwnhzf,AWS,Cloud
freehire:data-management-analyst-specialist-cdao-eadp-measurement-vanguard-rofwnhzf,Power BI,BI / Visualization
freehire:data-management-analyst-specialist-cdao-eadp-measurement-vanguard-rofwnhzf,Python,Programming
freehire:data-management-analyst-specialist-cdao-eadp-measurement-vanguard-rofwnhzf,Tableau,BI / Visualization
freehire:distribution-client-data-analyst-ameriprise-financial-duz5xoe5,Excel,Spreadsheet
freehire:distribution-client-data-analyst-ameriprise-financial-duz5xoe5,Python,Programming
freehire:distribution-client-data-analyst-ameriprise-financial-duz5xoe5,SQL,Database / Query
freehire:global-logistics-data-analytics-analyst-rockwell-automation-svefobhf,Databricks,Data Engineering
freehire:global-logistics-data-analytics-analyst-rockwell-automation-svefobhf,Excel,Spreadsheet
freehire:global-logistics-data-analytics-analyst-rockwell-automation-svefobhf,Power BI,BI / Visualization
freehire:global-logistics-data-analytics-analyst-rockwell-automation-svefobhf,Python,Programming
freehire:global-logistics-data-analytics-analyst-rockwell-automation-svefobhf,SAP,Enterprise Tool
freehire:global-logistics-data-analytics-analyst-rockwell-automation-svefobhf,SQL,Database / Query
freehire:global-logistics-data-analytics-analyst-rockwell-automation-svefobhf,Statistics,Statistics / Analytics
freehire:global-logistics-data-analytics-analyst-rockwell-automation-svefobhf,Tableau,BI / Visualization
freehire:senior-data-mapping-analyst-servicing-transaction-mgmt-onity-group-inc-kfscuvqc,Excel,Spreadsheet
freehire:senior-data-mapping-analyst-servicing-transaction-mgmt-onity-group-inc-kfscuvqc,SQL,Database / Query
freehire:data-analyst-mis-and-tableau-specialist-citi-2pt6rv3d,Python,Programming
freehire:data-analyst-mis-and-tableau-specialist-citi-2pt6rv3d,SQL,Database / Query
freehire:data-analyst-mis-and-tableau-specialist-citi-2pt6rv3d,Tableau,BI / Visualization
freehire:data-and-information-management-analyst-citi-p7heu2so,Data Warehousing,Data Engineering
freehire:data-and-information-management-analyst-citi-p7heu2so,Excel,Spreadsheet
freehire:data-and-information-management-analyst-citi-p7heu2so,SAS,Statistics / Analytics
freehire:data-and-information-management-analyst-citi-p7heu2so,SQL,Database / Query
freehire:digital-data-analyst-barclays-fnmb5fet,AWS,Cloud
freehire:digital-data-analyst-barclays-fnmb5fet,Python,Programming
freehire:digital-data-analyst-barclays-fnmb5fet,SQL,Database / Query
freehire:senior-data-analyst-atlys-3uii4655,Looker,BI / Visualization
freehire:senior-data-analyst-atlys-3uii4655,Power BI,BI / Visualization
freehire:senior-data-analyst-atlys-3uii4655,Python,Programming
freehire:senior-data-analyst-atlys-3uii4655,SQL,Database / Query
freehire:senior-data-analyst-atlys-3uii4655,Tableau,BI / Visualization
freehire:pricing-analyst-cohere-health-odfbwvsl,Excel,Spreadsheet
freehire:pricing-analyst-cohere-health-odfbwvsl,Power BI,BI / Visualization
freehire:pricing-analyst-cohere-health-odfbwvsl,Tableau,BI / Visualization
freehire:pricing-analyst-scan-it-xtoufzjq,Excel,Spreadsheet
freehire:data-analyst-l1-cohere-health-35tc5sfw,AWS,Cloud
freehire:data-analyst-l1-cohere-health-35tc5sfw,Excel,Spreadsheet
freehire:data-analyst-l1-cohere-health-35tc5sfw,Forecasting,Statistics / Analytics
freehire:data-analyst-l1-cohere-health-35tc5sfw,Git,Developer Tool
freehire:data-analyst-l1-cohere-health-35tc5sfw,Jira,Collaboration Tool
freehire:data-analyst-l1-cohere-health-35tc5sfw,Looker,BI / Visualization
freehire:data-analyst-l1-cohere-health-35tc5sfw,Power BI,BI / Visualization
freehire:data-analyst-l1-cohere-health-35tc5sfw,Python,Programming
freehire:data-analyst-l1-cohere-health-35tc5sfw,SQL,Database / Query
freehire:data-analyst-l1-cohere-health-35tc5sfw,Statistics,Statistics / Analytics
freehire:data-analyst-l1-cohere-health-35tc5sfw,Tableau,BI / Visualization
freehire:reporting-analyst-vois-vodafone-nmokdqfr,Excel,Spreadsheet
freehire:reporting-analyst-vois-vodafone-nmokdqfr,Forecasting,Statistics / Analytics
freehire:reporting-analyst-vois-vodafone-nmokdqfr,Power BI,BI / Visualization
freehire:big-data-analyst-data-solutions-azira-udsflhjh,AWS,Cloud
freehire:big-data-analyst-data-solutions-azira-udsflhjh,Forecasting,Statistics / Analytics
freehire:big-data-analyst-data-solutions-azira-udsflhjh,Git,Developer Tool
freehire:big-data-analyst-data-solutions-azira-udsflhjh,Python,Programming
freehire:big-data-analyst-data-solutions-azira-udsflhjh,SQL,Database / Query
freehire:big-data-analyst-data-solutions-azira-udsflhjh,Spark,Data Engineering
freehire:sap-commerce-business-analyst-bosch-group-qe5lta7e,Jira,Collaboration Tool
freehire:sap-commerce-business-analyst-bosch-group-qe5lta7e,SAP,Enterprise Tool
freehire:data-analyst-anaplan-djewl5cs,AWS,Cloud
freehire:data-analyst-anaplan-djewl5cs,Azure,Cloud
freehire:data-analyst-anaplan-djewl5cs,DAX,BI / Visualization
freehire:data-analyst-anaplan-djewl5cs,Forecasting,Statistics / Analytics
freehire:data-analyst-anaplan-djewl5cs,GCP,Cloud
freehire:data-analyst-anaplan-djewl5cs,Power BI,BI / Visualization
freehire:data-analyst-anaplan-djewl5cs,Power Query,BI / Visualization
freehire:data-analyst-anaplan-djewl5cs,SQL,Database / Query
freehire:servicenow-consultant-lead-product-analyst-soprasteria1-chibx3s4,Regression,Statistics / Analytics
freehire:associate-commercial-analyst-mumbai-tssconsultancypvtltd-m6miwiob,Excel,Spreadsheet
freehire:risk-quantitative-analyst-defi-perpetuals-gmx-io-x3v6bjra,Python,Programming
freehire:risk-quantitative-analyst-defi-perpetuals-gmx-io-x3v6bjra,Statistics,Statistics / Analytics
freehire:senior-product-analyst-algoworks-zkqlbmpc,A/B Testing,Statistics / Analytics
freehire:senior-product-analyst-algoworks-zkqlbmpc,Data Warehousing,Data Engineering
freehire:senior-product-analyst-algoworks-zkqlbmpc,Excel,Spreadsheet
freehire:senior-product-analyst-algoworks-zkqlbmpc,Looker,BI / Visualization
freehire:senior-product-analyst-algoworks-zkqlbmpc,Power BI,BI / Visualization
freehire:senior-product-analyst-algoworks-zkqlbmpc,Python,Programming
freehire:senior-product-analyst-algoworks-zkqlbmpc,SQL,Database / Query
freehire:senior-product-analyst-algoworks-zkqlbmpc,Statistics,Statistics / Analytics
freehire:senior-product-analyst-algoworks-zkqlbmpc,Tableau,BI / Visualization
freehire:data-analytics-senior-analyst-citigroup-ifa6wmcx,PostgreSQL,Database / Query
freehire:data-analytics-senior-analyst-citigroup-ifa6wmcx,SQL,Database / Query
freehire:data-analytics-senior-analyst-citigroup-ifa6wmcx,SQL Server,Database / Query
freehire:data-analytics-senior-analyst-citigroup-ifa6wmcx,Statistics,Statistics / Analytics
freehire:data-analytics-senior-analyst-citigroup-ifa6wmcx,Tableau,BI / Visualization
freehire:senior-sas-reporting-analyst-citigroup-bdac7anh,Python,Programming
freehire:senior-sas-reporting-analyst-citigroup-bdac7anh,SAS,Statistics / Analytics
freehire:senior-sas-reporting-analyst-citigroup-bdac7anh,SQL,Database / Query
freehire:senior-sas-reporting-analyst-citigroup-bdac7anh,SSIS,Data Engineering
freehire:senior-sas-reporting-analyst-citigroup-bdac7anh,Tableau,BI / Visualization
freehire:data-analyst-governance-citigroup-52lkshs5,Excel,Spreadsheet
freehire:data-analyst-governance-citigroup-52lkshs5,Machine Learning,Machine Learning
freehire:data-analyst-governance-citigroup-52lkshs5,SAS,Statistics / Analytics
freehire:data-analyst-governance-citigroup-52lkshs5,SQL,Database / Query
freehire:data-analyst-mis-and-tableau-citigroup-ttfrwqkd,Python,Programming
freehire:data-analyst-mis-and-tableau-citigroup-ttfrwqkd,SQL,Database / Query
freehire:data-analyst-mis-and-tableau-citigroup-ttfrwqkd,Tableau,BI / Visualization
freehire:data-and-information-management-analyst-citigroup-nvrfbsoh,Data Warehousing,Data Engineering
freehire:data-and-information-management-analyst-citigroup-nvrfbsoh,Excel,Spreadsheet
freehire:data-and-information-management-analyst-citigroup-nvrfbsoh,SAS,Statistics / Analytics
freehire:data-and-information-management-analyst-citigroup-nvrfbsoh,SQL,Database / Query
freehire:business-analyst-salesforce-accellor-k7raqzj3,Excel,Spreadsheet
freehire:business-analyst-salesforce-accellor-k7raqzj3,Jira,Collaboration Tool
freehire:senior-data-analyst-exl-jklsphv3,Power BI,BI / Visualization
freehire:senior-data-analyst-exl-jklsphv3,SQL,Database / Query
freehire:senior-data-analyst-exl-jklsphv3,Tableau,BI / Visualization
freehire:data-analyst-application-development-data-visualization-exl-hqqlqoxk,Statistics,Statistics / Analytics
freehire:sr-data-analyst-gartner-66ladj6h,Excel,Spreadsheet
freehire:sr-data-analyst-gartner-66ladj6h,Machine Learning,Machine Learning
freehire:sr-data-analyst-gartner-66ladj6h,Python,Programming
freehire:sr-data-analyst-gartner-66ladj6h,SQL,Database / Query
freehire:sr-data-analyst-gartner-66ladj6h,Statistics,Statistics / Analytics
freehire:lead-data-management-analyst-wf-5hjfphh2,Alteryx,Analytics Tool
freehire:lead-data-management-analyst-wf-5hjfphh2,Power BI,BI / Visualization
freehire:lead-data-management-analyst-wf-5hjfphh2,Python,Programming
freehire:analyst-process-analytics-actuarial-5b-genpact-sohdhl5b,Data Modeling,Data Engineering
freehire:analyst-process-analytics-actuarial-5b-genpact-sohdhl5b,Excel,Spreadsheet
freehire:analyst-process-analytics-actuarial-5b-genpact-sohdhl5b,Statistics,Statistics / Analytics
freehire:analyst-process-analytics-actuarial-5b-genpact-sohdhl5b,Tableau,BI / Visualization
freehire:business-analyst-vice-president-state-street-zhmm5ona,AWS,Cloud
freehire:business-analyst-vice-president-state-street-zhmm5ona,Azure,Cloud
freehire:business-analyst-vice-president-state-street-zhmm5ona,Data Modeling,Data Engineering
freehire:business-analyst-vice-president-state-street-zhmm5ona,Data Warehousing,Data Engineering
freehire:business-analyst-vice-president-state-street-zhmm5ona,Databricks,Data Engineering
freehire:business-analyst-vice-president-state-street-zhmm5ona,ELT,Data Engineering
freehire:business-analyst-vice-president-state-street-zhmm5ona,ETL,Data Engineering
freehire:business-analyst-vice-president-state-street-zhmm5ona,GCP,Cloud
freehire:business-analyst-vice-president-state-street-zhmm5ona,Jira,Collaboration Tool
freehire:business-analyst-vice-president-state-street-zhmm5ona,Qlik,BI / Visualization
freehire:business-analyst-vice-president-state-street-zhmm5ona,Redshift,Cloud / Warehouse
freehire:business-analyst-vice-president-state-street-zhmm5ona,SQL,Database / Query
freehire:business-analyst-vice-president-state-street-zhmm5ona,SQL Server,Database / Query
freehire:business-analyst-vice-president-state-street-zhmm5ona,Snowflake,Cloud / Warehouse
freehire:business-analytics-analyst-citi-d6hhl5v2,Python,Programming
freehire:business-analytics-analyst-citi-d6hhl5v2,SQL,Database / Query
freehire:business-analytics-analyst-citi-d6hhl5v2,Spark,Data Engineering
freehire:business-analytics-analyst-citi-d6hhl5v2,Tableau,BI / Visualization
freehire:business-analyst-onemagnify-inhkcgx4,Excel,Spreadsheet
freehire:business-analyst-onemagnify-inhkcgx4,GCP,Cloud
freehire:business-analyst-onemagnify-inhkcgx4,PostgreSQL,Database / Query
freehire:business-analyst-onemagnify-inhkcgx4,SQL,Database / Query
freehire:senior-data-analyst-groundtruth-india-pvt-ltd-i33lhz5g,AWS,Cloud
freehire:senior-data-analyst-groundtruth-india-pvt-ltd-i33lhz5g,Looker,BI / Visualization
freehire:senior-data-analyst-groundtruth-india-pvt-ltd-i33lhz5g,Machine Learning,Machine Learning
freehire:senior-data-analyst-groundtruth-india-pvt-ltd-i33lhz5g,Python,Programming
freehire:senior-data-analyst-groundtruth-india-pvt-ltd-i33lhz5g,Redshift,Cloud / Warehouse
freehire:senior-data-analyst-groundtruth-india-pvt-ltd-i33lhz5g,SQL,Database / Query
freehire:senior-data-analyst-groundtruth-india-pvt-ltd-i33lhz5g,Statistics,Statistics / Analytics
freehire:senior-data-analyst-groundtruth-india-pvt-ltd-i33lhz5g,Tableau,BI / Visualization
freehire:business-data-analyst-dhl-llcjphjo,DAX,BI / Visualization
freehire:business-data-analyst-dhl-llcjphjo,Data Modeling,Data Engineering
freehire:business-data-analyst-dhl-llcjphjo,ETL,Data Engineering
freehire:business-data-analyst-dhl-llcjphjo,Power BI,BI / Visualization
freehire:business-data-analyst-dhl-llcjphjo,Python,Programming
freehire:business-data-analyst-dhl-llcjphjo,SQL,Database / Query
freehire:business-data-analyst-dhl-llcjphjo,Statistics,Statistics / Analytics
freehire:senior-business-analyst-nice-a765elw6,AWS,Cloud
freehire:senior-business-analyst-nice-a765elw6,Excel,Spreadsheet
freehire:senior-business-analyst-nice-a765elw6,Jira,Collaboration Tool
freehire:senior-business-analyst-nice-a765elw6,MySQL,Database / Query
freehire:senior-business-analyst-nice-a765elw6,SQL,Database / Query
freehire:senior-business-analyst-roboyo-fwq3nxkb,Excel,Spreadsheet
freehire:senior-business-analyst-roboyo-fwq3nxkb,SQL,Database / Query
freehire:data-analyst-tekfriday-ptvqxpwm,A/B Testing,Statistics / Analytics
freehire:data-analyst-tekfriday-ptvqxpwm,AWS,Cloud
freehire:data-analyst-tekfriday-ptvqxpwm,Data Modeling,Data Engineering
freehire:data-analyst-tekfriday-ptvqxpwm,ETL,Data Engineering
freehire:data-analyst-tekfriday-ptvqxpwm,Forecasting,Statistics / Analytics
freehire:data-analyst-tekfriday-ptvqxpwm,Git,Developer Tool
freehire:data-analyst-tekfriday-ptvqxpwm,Jira,Collaboration Tool
freehire:data-analyst-tekfriday-ptvqxpwm,Machine Learning,Machine Learning
freehire:data-analyst-tekfriday-ptvqxpwm,NumPy,Programming
freehire:data-analyst-tekfriday-ptvqxpwm,Pandas,Programming
freehire:data-analyst-tekfriday-ptvqxpwm,Python,Programming
freehire:data-analyst-tekfriday-ptvqxpwm,SQL,Database / Query
freehire:data-analyst-tekfriday-ptvqxpwm,Snowflake,Cloud / Warehouse
freehire:data-analyst-tekfriday-ptvqxpwm,Statistics,Statistics / Analytics
freehire:data-analyst-tekfriday-ptvqxpwm,Tableau,BI / Visualization
freehire:business-analyst-investment-banking-operations-luxoft-46momkpa,SQL,Database / Query
freehire:gis-data-analyst-wsp-aicdrnqk,Power BI,BI / Visualization
freehire:gis-data-analyst-wsp-aicdrnqk,Python,Programming
freehire:gis-data-analyst-wsp-aicdrnqk,SQL,Database / Query
freehire:gis-data-analyst-wsp-aicdrnqk,SQL Server,Database / Query
freehire:sr-analyst-process-analytics-fcrm-4a-genpact-cykiu2mo,Statistics,Statistics / Analytics
freehire:gis-data-analyst-wsp-in-africa-jzjvszfr,Power BI,BI / Visualization
freehire:gis-data-analyst-wsp-in-africa-jzjvszfr,Python,Programming
freehire:gis-data-analyst-wsp-in-africa-jzjvszfr,SQL,Database / Query
freehire:gis-data-analyst-wsp-in-africa-jzjvszfr,SQL Server,Database / Query
freehire:data-analyst-exl-35uudoz6,Statistics,Statistics / Analytics
freehire:research-data-analyst-avasant-r6vzzslj,Excel,Spreadsheet
freehire:research-data-analyst-avasant-r6vzzslj,Statistics,Statistics / Analytics
freehire:equity-strategy-analyst-barclays-loxul6nr,Excel,Spreadsheet
freehire:equity-strategy-analyst-barclays-loxul6nr,Python,Programming
freehire:senior-data-analyst-theapexgroup-o2qh3jk4,AWS,Cloud
freehire:senior-data-analyst-theapexgroup-o2qh3jk4,Azure,Cloud
freehire:senior-data-analyst-theapexgroup-o2qh3jk4,Data Warehousing,Data Engineering
freehire:senior-data-analyst-theapexgroup-o2qh3jk4,Hadoop,Data Engineering
freehire:senior-data-analyst-theapexgroup-o2qh3jk4,Machine Learning,Machine Learning
freehire:senior-data-analyst-theapexgroup-o2qh3jk4,Power BI,BI / Visualization
freehire:senior-data-analyst-theapexgroup-o2qh3jk4,Python,Programming
freehire:senior-data-analyst-theapexgroup-o2qh3jk4,SQL,Database / Query
freehire:senior-data-analyst-theapexgroup-o2qh3jk4,Spark,Data Engineering
freehire:senior-data-analyst-theapexgroup-o2qh3jk4,Statistics,Statistics / Analytics
freehire:senior-data-analyst-theapexgroup-o2qh3jk4,Tableau,BI / Visualization
freehire:sr-analyst-process-analytics-s-m-4a-genpact-75a7yxjc,Alteryx,Analytics Tool
freehire:sr-analyst-process-analytics-s-m-4a-genpact-75a7yxjc,Data Modeling,Data Engineering
freehire:sr-analyst-process-analytics-s-m-4a-genpact-75a7yxjc,ETL,Data Engineering
freehire:sr-analyst-process-analytics-s-m-4a-genpact-75a7yxjc,Forecasting,Statistics / Analytics
freehire:sr-analyst-process-analytics-s-m-4a-genpact-75a7yxjc,Statistics,Statistics / Analytics
freehire:business-analyst-ic-exl-bpg2goqn,Data Warehousing,Data Engineering
freehire:business-analyst-ic-exl-bpg2goqn,SQL,Database / Query
freehire:analyst-process-analytics-fcrm-5b-genpact-lwj4yxmt,Statistics,Statistics / Analytics
freehire:analyst-process-analytics-fcrm-5a-genpact-hixwani7,Statistics,Statistics / Analytics
freehire:sr-analyst-process-analytics-fcrm-4b-genpact-eye4bpv5,Statistics,Statistics / Analytics
freehire:analyst-process-analytics-scm-5a-genpact-vhwbg76p,Excel,Spreadsheet
freehire:analyst-process-analytics-scm-5a-genpact-vhwbg76p,Statistics,Statistics / Analytics
freehire:business-analyst-4a-genpact-w7ltxfch,Excel,Spreadsheet
freehire:business-analyst-4a-genpact-w7ltxfch,SQL,Database / Query
freehire:business-analyst-4a-genpact-w7ltxfch,SQL Server,Database / Query
freehire:business-analyst-4a-genpact-w7ltxfch,Snowflake,Cloud / Warehouse
freehire:senior-data-analyst-ii-elsevier-ynlp5iop,Data Modeling,Data Engineering
freehire:senior-data-analyst-ii-elsevier-ynlp5iop,Data Warehousing,Data Engineering
freehire:senior-data-analyst-ii-elsevier-ynlp5iop,Databricks,Data Engineering
freehire:senior-data-analyst-ii-elsevier-ynlp5iop,Machine Learning,Machine Learning
freehire:senior-data-analyst-ii-elsevier-ynlp5iop,Power BI,BI / Visualization
freehire:senior-data-analyst-ii-elsevier-ynlp5iop,Python,Programming
freehire:senior-data-analyst-ii-elsevier-ynlp5iop,SQL,Database / Query
freehire:senior-data-analyst-ii-elsevier-ynlp5iop,Snowflake,Cloud / Warehouse
freehire:senior-data-analyst-ii-elsevier-ynlp5iop,Statistics,Statistics / Analytics
freehire:senior-data-analyst-ii-elsevier-ynlp5iop,Tableau,BI / Visualization
freehire:senior-data-analyst-ii-relx-dids6bqd,Data Modeling,Data Engineering
freehire:senior-data-analyst-ii-relx-dids6bqd,Data Warehousing,Data Engineering
freehire:senior-data-analyst-ii-relx-dids6bqd,Databricks,Data Engineering
freehire:senior-data-analyst-ii-relx-dids6bqd,Machine Learning,Machine Learning
freehire:senior-data-analyst-ii-relx-dids6bqd,Power BI,BI / Visualization
freehire:senior-data-analyst-ii-relx-dids6bqd,Python,Programming
freehire:senior-data-analyst-ii-relx-dids6bqd,SQL,Database / Query
freehire:senior-data-analyst-ii-relx-dids6bqd,Snowflake,Cloud / Warehouse
freehire:senior-data-analyst-ii-relx-dids6bqd,Statistics,Statistics / Analytics
freehire:senior-data-analyst-ii-relx-dids6bqd,Tableau,BI / Visualization
freehire:product-analyst-bolna-2yz2gjhp,Azure,Cloud
freehire:product-analyst-bolna-2yz2gjhp,Pandas,Programming
freehire:product-analyst-bolna-2yz2gjhp,Python,Programming
freehire:product-analyst-bolna-2yz2gjhp,SQL,Database / Query
freehire:operations-mis-data-analyst-avery-dennison-q7wll26n,Excel,Spreadsheet
freehire:operations-mis-data-analyst-avery-dennison-q7wll26n,Looker,BI / Visualization
freehire:operations-mis-data-analyst-avery-dennison-q7wll26n,Power BI,BI / Visualization
freehire:operations-mis-data-analyst-avery-dennison-q7wll26n,Power Query,BI / Visualization
freehire:operations-mis-data-analyst-avery-dennison-q7wll26n,SQL,Database / Query
freehire:operations-mis-data-analyst-avery-dennison-q7wll26n,Statistics,Statistics / Analytics
freehire:operations-mis-data-analyst-avery-dennison-q7wll26n,Tableau,BI / Visualization
freehire:data-analyst-moving-walls-hm4pu5b6,Excel,Spreadsheet
freehire:data-analyst-moving-walls-hm4pu5b6,Forecasting,Statistics / Analytics
freehire:data-analyst-moving-walls-hm4pu5b6,Python,Programming
freehire:data-analyst-moving-walls-hm4pu5b6,SQL,Database / Query
freehire:data-analyst-moving-walls-hm4pu5b6,Statistics,Statistics / Analytics
freehire:data-analyst-moving-walls-hm4pu5b6,Tableau,BI / Visualization
freehire:senior-analyst-business-intelligence-analytics-empower-w3e2jv7n,AWS,Cloud
freehire:senior-analyst-business-intelligence-analytics-empower-w3e2jv7n,SAS,Statistics / Analytics
freehire:senior-analyst-business-intelligence-analytics-empower-w3e2jv7n,SQL,Database / Query
freehire:senior-analyst-business-intelligence-analytics-empower-w3e2jv7n,Statistics,Statistics / Analytics
freehire:senior-analyst-business-intelligence-analytics-empower-w3e2jv7n,Tableau,BI / Visualization
freehire:advanced-analytics-analyst-cba-gbtojsg5,Machine Learning,Machine Learning
freehire:advanced-analytics-analyst-cba-gbtojsg5,Power BI,BI / Visualization
freehire:advanced-analytics-analyst-cba-gbtojsg5,SQL,Database / Query
freehire:advanced-analytics-analyst-cba-gbtojsg5,Snowflake,Cloud / Warehouse
freehire:advanced-analytics-analyst-cba-gbtojsg5,Tableau,BI / Visualization
freehire:product-analyst-sap-reporting-analytics-zoetis-djflj3rp,Data Modeling,Data Engineering
freehire:product-analyst-sap-reporting-analytics-zoetis-djflj3rp,Python,Programming
freehire:product-analyst-sap-reporting-analytics-zoetis-djflj3rp,SAP,Enterprise Tool
freehire:product-analyst-sap-reporting-analytics-zoetis-djflj3rp,SQL,Database / Query
freehire:data-analyst-cisco-mfzaefkm,AWS,Cloud
freehire:data-analyst-cisco-mfzaefkm,Azure,Cloud
freehire:data-analyst-cisco-mfzaefkm,Data Modeling,Data Engineering
freehire:data-analyst-cisco-mfzaefkm,GCP,Cloud
freehire:data-analyst-cisco-mfzaefkm,Machine Learning,Machine Learning
freehire:data-analyst-cisco-mfzaefkm,SAP,Enterprise Tool
freehire:data-analyst-cisco-mfzaefkm,SQL,Database / Query
freehire:data-analyst-cisco-mfzaefkm,Snowflake,Cloud / Warehouse
freehire:data-analyst-cisco-mfzaefkm,Statistics,Statistics / Analytics
freehire:risk-reporting-analyst-barclays-i2fydnjt,Python,Programming
freehire:risk-reporting-analyst-barclays-i2fydnjt,SAS,Statistics / Analytics
freehire:risk-reporting-analyst-barclays-i2fydnjt,SQL,Database / Query
freehire:senior-business-analyst-commercial-ai-digital-solutions-thermo-fisher-scientific-kyxag5fv,Azure,Cloud
freehire:senior-business-analyst-commercial-ai-digital-solutions-thermo-fisher-scientific-kyxag5fv,Excel,Spreadsheet
freehire:senior-business-analyst-commercial-ai-digital-solutions-thermo-fisher-scientific-kyxag5fv,Forecasting,Statistics / Analytics
freehire:senior-business-analyst-commercial-ai-digital-solutions-thermo-fisher-scientific-kyxag5fv,Jira,Collaboration Tool
freehire:senior-business-analyst-commercial-ai-digital-solutions-thermo-fisher-scientific-kyxag5fv,Power BI,BI / Visualization
freehire:senior-business-analyst-commercial-ai-digital-solutions-thermo-fisher-scientific-kyxag5fv,SAP,Enterprise Tool
freehire:senior-business-analyst-commercial-ai-digital-solutions-thermo-fisher-scientific-kyxag5fv,SQL,Database / Query
freehire:data-strategy-acquisition-analyst-roche-zx23d5cm,Power BI,BI / Visualization
freehire:data-strategy-acquisition-analyst-roche-zx23d5cm,SQL,Database / Query
freehire:data-strategy-acquisition-analyst-roche-zx23d5cm,Tableau,BI / Visualization
freehire:it-lead-business-analyst-global-transportation-and-trade-compliance-stryker-loytnnqg,SAP,Enterprise Tool
freehire:assistant-manager-business-analyst-exl-joegm535,AWS,Cloud
freehire:assistant-manager-business-analyst-exl-joegm535,Azure,Cloud
freehire:assistant-manager-business-analyst-exl-joegm535,Data Modeling,Data Engineering
freehire:assistant-manager-business-analyst-exl-joegm535,Data Warehousing,Data Engineering
freehire:assistant-manager-business-analyst-exl-joegm535,ETL,Data Engineering
freehire:assistant-manager-business-analyst-exl-joegm535,GCP,Cloud
freehire:assistant-manager-business-analyst-exl-joegm535,Jira,Collaboration Tool
freehire:assistant-manager-business-analyst-exl-joegm535,Machine Learning,Machine Learning
freehire:assistant-manager-business-analyst-exl-joegm535,Power BI,BI / Visualization
freehire:assistant-manager-business-analyst-exl-joegm535,Python,Programming
freehire:assistant-manager-business-analyst-exl-joegm535,SQL,Database / Query
freehire:assistant-manager-business-analyst-exl-joegm535,SSIS,Data Engineering
freehire:assistant-manager-business-analyst-exl-joegm535,Snowflake,Cloud / Warehouse
freehire:assistant-manager-business-analyst-exl-joegm535,Spark,Data Engineering
freehire:assistant-manager-business-analyst-exl-joegm535,Statistics,Statistics / Analytics
freehire:assistant-manager-business-analyst-exl-joegm535,Tableau,BI / Visualization
freehire:business-analyst-amzl-s-op-s-op-amazon-ndh5xnkc,ETL,Data Engineering
freehire:business-analyst-amzl-s-op-s-op-amazon-ndh5xnkc,Python,Programming
freehire:business-analyst-amzl-s-op-s-op-amazon-ndh5xnkc,SQL,Database / Query
freehire:insights-and-analytics-business-analyst-barclays-gan3b2hx,Azure,Cloud
freehire:insights-and-analytics-business-analyst-barclays-gan3b2hx,Excel,Spreadsheet
freehire:insights-and-analytics-business-analyst-barclays-gan3b2hx,Jira,Collaboration Tool
freehire:insights-and-analytics-business-analyst-barclays-gan3b2hx,Power BI,BI / Visualization
freehire:insights-and-analytics-business-analyst-barclays-gan3b2hx,Tableau,BI / Visualization
freehire:associate-business-analyst-2-gea-ewbbi2y5,SAP,Enterprise Tool
freehire:associate-business-analyst-2-gea-ewbbi2y5,Spark,Data Engineering
freehire:data-analyst-5b-genpact-en5hz4sx,Databricks,Data Engineering
freehire:data-analyst-5b-genpact-en5hz4sx,Excel,Spreadsheet
freehire:data-analyst-5b-genpact-en5hz4sx,Oracle,Database / Query
freehire:data-analyst-5b-genpact-en5hz4sx,Spark,Data Engineering
freehire:data-analyst-5b-genpact-en5hz4sx,Statistics,Statistics / Analytics
freehire:business-analyst-project-financial-management-bristol-myers-squibb-xmdqy26w,Excel,Spreadsheet
freehire:business-analyst-project-financial-management-bristol-myers-squibb-xmdqy26w,Forecasting,Statistics / Analytics
freehire:business-analyst-project-financial-management-bristol-myers-squibb-xmdqy26w,Power BI,BI / Visualization
freehire:business-analyst-project-financial-management-bristol-myers-squibb-xmdqy26w,Power Query,BI / Visualization
freehire:business-analyst-project-financial-management-bristol-myers-squibb-xmdqy26w,SAP,Enterprise Tool
freehire:business-analyst-avp-natwest-group-xzduhwdt,Jira,Collaboration Tool
freehire:data-analyst-digital-banking-kotak-811-regional-sales-kotak-mahindra-bank-4lp4nuh5,Excel,Spreadsheet
freehire:data-analyst-digital-banking-kotak-811-regional-sales-kotak-mahindra-bank-4lp4nuh5,Power BI,BI / Visualization
freehire:data-analyst-digital-banking-kotak-811-regional-sales-kotak-mahindra-bank-4lp4nuh5,Python,Programming
freehire:data-analyst-digital-banking-kotak-811-regional-sales-kotak-mahindra-bank-4lp4nuh5,Qlik,BI / Visualization
freehire:data-analyst-digital-banking-kotak-811-regional-sales-kotak-mahindra-bank-4lp4nuh5,SAP,Enterprise Tool
freehire:data-analyst-digital-banking-kotak-811-regional-sales-kotak-mahindra-bank-4lp4nuh5,SQL,Database / Query
freehire:data-analyst-digital-banking-kotak-811-regional-sales-kotak-mahindra-bank-4lp4nuh5,Statistics,Statistics / Analytics
freehire:data-analyst-digital-banking-kotak-811-regional-sales-kotak-mahindra-bank-4lp4nuh5,Tableau,BI / Visualization
freehire:crm-business-analyst-zoetis-mmuswaq7,Jira,Collaboration Tool
freehire:healthcare-research-data-analyst-clarivate-hzercpzv,Excel,Spreadsheet
freehire:healthcare-research-data-analyst-clarivate-hzercpzv,Forecasting,Statistics / Analytics
freehire:senior-data-analyst-avp-barclays-rjgwqvxr,Data Warehousing,Data Engineering
freehire:senior-data-analyst-avp-barclays-rjgwqvxr,ETL,Data Engineering
freehire:senior-data-analyst-avp-barclays-rjgwqvxr,Excel,Spreadsheet
freehire:senior-data-analyst-avp-barclays-rjgwqvxr,Machine Learning,Machine Learning
freehire:senior-data-analyst-avp-barclays-rjgwqvxr,NumPy,Programming
freehire:senior-data-analyst-avp-barclays-rjgwqvxr,Pandas,Programming
freehire:senior-data-analyst-avp-barclays-rjgwqvxr,PostgreSQL,Database / Query
freehire:senior-data-analyst-avp-barclays-rjgwqvxr,Power BI,BI / Visualization
freehire:senior-data-analyst-avp-barclays-rjgwqvxr,Python,Programming
freehire:senior-data-analyst-avp-barclays-rjgwqvxr,SQL,Database / Query
freehire:senior-data-analyst-avp-barclays-rjgwqvxr,SQL Server,Database / Query
freehire:senior-data-analyst-avp-barclays-rjgwqvxr,Statistics,Statistics / Analytics
freehire:senior-data-analyst-avp-barclays-rjgwqvxr,Tableau,BI / Visualization
freehire:product-marketing-data-analyst-danaher-corporation-27z7s7gh,Machine Learning,Machine Learning
freehire:product-marketing-data-analyst-danaher-corporation-27z7s7gh,Power BI,BI / Visualization
freehire:product-marketing-data-analyst-danaher-corporation-27z7s7gh,Python,Programming
freehire:product-marketing-data-analyst-danaher-corporation-27z7s7gh,SAP,Enterprise Tool
freehire:product-marketing-data-analyst-danaher-corporation-27z7s7gh,SQL,Database / Query
freehire:product-marketing-data-analyst-danaher-corporation-27z7s7gh,Statistics,Statistics / Analytics
freehire:product-marketing-data-analyst-danaher-corporation-27z7s7gh,Tableau,BI / Visualization
freehire:billing-transformation-business-analyst-data-hub-senior-associate-state-street-3wv5o3t2,Excel,Spreadsheet
freehire:billing-transformation-business-analyst-data-hub-senior-associate-state-street-3wv5o3t2,SQL,Database / Query
freehire:staff-business-data-analyst-network-planning-intuit-7eqpejsi,Excel,Spreadsheet
freehire:staff-business-data-analyst-network-planning-intuit-7eqpejsi,Forecasting,Statistics / Analytics
freehire:staff-business-data-analyst-network-planning-intuit-7eqpejsi,Qlik,BI / Visualization
freehire:staff-business-data-analyst-network-planning-intuit-7eqpejsi,Redshift,Cloud / Warehouse
freehire:staff-business-data-analyst-network-planning-intuit-7eqpejsi,SQL,Database / Query
freehire:staff-business-data-analyst-network-planning-intuit-7eqpejsi,Spark,Data Engineering
freehire:staff-business-data-analyst-network-planning-intuit-7eqpejsi,Tableau,BI / Visualization
freehire:data-operation-analyst-english-egon-zehnder-ud2kmdhj,Excel,Spreadsheet
freehire:data-analyst-ness-digital-engineering-flijwtdq,Excel,Spreadsheet
freehire:data-analyst-ness-digital-engineering-flijwtdq,SQL,Database / Query
freehire:data-analyst-scopely-lorxoe5u,A/B Testing,Statistics / Analytics
freehire:data-analyst-scopely-lorxoe5u,Forecasting,Statistics / Analytics
freehire:data-analyst-scopely-lorxoe5u,Looker,BI / Visualization
freehire:data-analyst-scopely-lorxoe5u,Python,Programming
freehire:data-analyst-scopely-lorxoe5u,SAS,Statistics / Analytics
freehire:data-analyst-scopely-lorxoe5u,SPSS,Statistics / Analytics
freehire:data-analyst-scopely-lorxoe5u,SQL,Database / Query
freehire:data-analyst-scopely-lorxoe5u,Statistics,Statistics / Analytics
freehire:data-analyst-scopely-lorxoe5u,Tableau,BI / Visualization
freehire:data-analyst-sia-partners-tj4pklu5,AWS,Cloud
freehire:data-analyst-sia-partners-tj4pklu5,Azure,Cloud
freehire:data-analyst-sia-partners-tj4pklu5,DAX,BI / Visualization
freehire:data-analyst-sia-partners-tj4pklu5,ETL,Data Engineering
freehire:data-analyst-sia-partners-tj4pklu5,GCP,Cloud
freehire:data-analyst-sia-partners-tj4pklu5,Power BI,BI / Visualization
freehire:data-analyst-sia-partners-tj4pklu5,Power Query,BI / Visualization
freehire:data-analyst-sia-partners-tj4pklu5,Python,Programming
freehire:data-analyst-sia-partners-tj4pklu5,SQL,Database / Query
freehire:data-analyst-sia-partners-tj4pklu5,SSIS,Data Engineering
freehire:senior-data-analyst-sia-partners-qh77gxgv,Azure,Cloud
freehire:senior-data-analyst-sia-partners-qh77gxgv,DAX,BI / Visualization
freehire:senior-data-analyst-sia-partners-qh77gxgv,Data Modeling,Data Engineering
freehire:senior-data-analyst-sia-partners-qh77gxgv,Data Warehousing,Data Engineering
freehire:senior-data-analyst-sia-partners-qh77gxgv,ETL,Data Engineering
freehire:senior-data-analyst-sia-partners-qh77gxgv,Power BI,BI / Visualization
freehire:senior-data-analyst-sia-partners-qh77gxgv,Power Query,BI / Visualization
freehire:senior-data-analyst-sia-partners-qh77gxgv,SQL,Database / Query
freehire:senior-data-analyst-sia-partners-qh77gxgv,Statistics,Statistics / Analytics
freehire:senior-data-analyst-jll-2mt2sycw,BigQuery,Cloud / Warehouse
freehire:senior-data-analyst-jll-2mt2sycw,Excel,Spreadsheet
freehire:senior-data-analyst-jll-2mt2sycw,GCP,Cloud
freehire:senior-data-analyst-jll-2mt2sycw,Python,Programming
freehire:senior-data-analyst-jll-2mt2sycw,SQL,Database / Query
freehire:senior-data-analyst-jll-2mt2sycw,Statistics,Statistics / Analytics
freehire:senior-business-analytics-analyst-sanofi-r-d-driven-and-ai-powered-biopharmaceutical-company-rvdd4lf2,AWS,Cloud
freehire:senior-business-analytics-analyst-sanofi-r-d-driven-and-ai-powered-biopharmaceutical-company-rvdd4lf2,Azure,Cloud
freehire:senior-business-analytics-analyst-sanofi-r-d-driven-and-ai-powered-biopharmaceutical-company-rvdd4lf2,Data Warehousing,Data Engineering
freehire:senior-business-analytics-analyst-sanofi-r-d-driven-and-ai-powered-biopharmaceutical-company-rvdd4lf2,GCP,Cloud
freehire:senior-business-analytics-analyst-sanofi-r-d-driven-and-ai-powered-biopharmaceutical-company-rvdd4lf2,Machine Learning,Machine Learning
freehire:senior-business-analytics-analyst-sanofi-r-d-driven-and-ai-powered-biopharmaceutical-company-rvdd4lf2,NumPy,Programming
freehire:senior-business-analytics-analyst-sanofi-r-d-driven-and-ai-powered-biopharmaceutical-company-rvdd4lf2,Pandas,Programming
freehire:senior-business-analytics-analyst-sanofi-r-d-driven-and-ai-powered-biopharmaceutical-company-rvdd4lf2,Power BI,BI / Visualization
freehire:senior-business-analytics-analyst-sanofi-r-d-driven-and-ai-powered-biopharmaceutical-company-rvdd4lf2,Python,Programming
freehire:senior-business-analytics-analyst-sanofi-r-d-driven-and-ai-powered-biopharmaceutical-company-rvdd4lf2,Regression,Statistics / Analytics
freehire:senior-business-analytics-analyst-sanofi-r-d-driven-and-ai-powered-biopharmaceutical-company-rvdd4lf2,SQL,Database / Query
freehire:senior-business-analytics-analyst-sanofi-r-d-driven-and-ai-powered-biopharmaceutical-company-rvdd4lf2,Statistics,Statistics / Analytics
freehire:senior-business-analytics-analyst-sanofi-r-d-driven-and-ai-powered-biopharmaceutical-company-rvdd4lf2,Tableau,BI / Visualization
freehire:business-data-analyst-corporate-website-of-orange-ea7blle7,ETL,Data Engineering
freehire:business-data-analyst-corporate-website-of-orange-ea7blle7,Forecasting,Statistics / Analytics
freehire:business-data-analyst-corporate-website-of-orange-ea7blle7,Machine Learning,Machine Learning
freehire:business-data-analyst-corporate-website-of-orange-ea7blle7,Power BI,BI / Visualization
freehire:salesforce-data-reporting-analyst-carlisle-companies-cbql53k6,Azure,Cloud
freehire:salesforce-data-reporting-analyst-carlisle-companies-cbql53k6,Power BI,BI / Visualization
freehire:salesforce-data-reporting-analyst-carlisle-companies-cbql53k6,Tableau,BI / Visualization
freehire:business-intelligence-developer-jobgether-hcd6eqex,BigQuery,Cloud / Warehouse
freehire:business-intelligence-developer-jobgether-hcd6eqex,Data Modeling,Data Engineering
freehire:business-intelligence-developer-jobgether-hcd6eqex,Data Warehousing,Data Engineering
freehire:business-intelligence-developer-jobgether-hcd6eqex,Looker,BI / Visualization
freehire:business-intelligence-developer-jobgether-hcd6eqex,Power BI,BI / Visualization
freehire:business-intelligence-developer-jobgether-hcd6eqex,Python,Programming
freehire:business-intelligence-developer-jobgether-hcd6eqex,SQL,Database / Query
freehire:business-intelligence-developer-jobgether-hcd6eqex,Snowflake,Cloud / Warehouse
freehire:business-intelligence-developer-jobgether-hcd6eqex,Statistics,Statistics / Analytics
freehire:business-intelligence-developer-jobgether-hcd6eqex,Tableau,BI / Visualization
freehire:data-analyst-adtech-omnichannel-jobgether-b32dliat,Airflow,Data Engineering
freehire:data-analyst-adtech-omnichannel-jobgether-b32dliat,ELT,Data Engineering
freehire:data-analyst-adtech-omnichannel-jobgether-b32dliat,ETL,Data Engineering
freehire:data-analyst-adtech-omnichannel-jobgether-b32dliat,Excel,Spreadsheet
freehire:data-analyst-adtech-omnichannel-jobgether-b32dliat,Looker,BI / Visualization
freehire:data-analyst-adtech-omnichannel-jobgether-b32dliat,Python,Programming
freehire:data-analyst-adtech-omnichannel-jobgether-b32dliat,SQL,Database / Query
freehire:data-analyst-adtech-omnichannel-jobgether-b32dliat,Statistics,Statistics / Analytics
freehire:data-analyst-adtech-omnichannel-jobgether-b32dliat,Tableau,BI / Visualization
freehire:product-analyst-vistex-vq42pbci,SAP,Enterprise Tool
freehire:performance-reporting-analytics-analyst-haleon-tj5ieaft,Power BI,BI / Visualization
freehire:aes-guidewire-claimcenter-business-analyst-senior-associate-sr-analyst-consult-pwc-ov72osh4,Jira,Collaboration Tool
freehire:aes-guidewire-claimcenter-business-analyst-senior-associate-sr-analyst-consult-pwc-ov72osh4,SQL,Database / Query
freehire:risk-reporting-analyst-barclays-tpgywx3c,Excel,Spreadsheet
freehire:risk-reporting-analyst-barclays-tpgywx3c,Python,Programming
freehire:risk-reporting-analyst-barclays-tpgywx3c,SAS,Statistics / Analytics
freehire:risk-reporting-analyst-barclays-tpgywx3c,SQL,Database / Query
freehire:data-analyst-equifax-idwwkkub,BigQuery,Cloud / Warehouse
freehire:data-analyst-equifax-idwwkkub,Excel,Spreadsheet
freehire:data-analyst-equifax-idwwkkub,GCP,Cloud
freehire:data-analyst-equifax-idwwkkub,Looker,BI / Visualization
freehire:data-analyst-equifax-idwwkkub,Python,Programming
freehire:data-analyst-equifax-idwwkkub,SQL,Database / Query
freehire:data-analyst-equifax-idwwkkub,Tableau,BI / Visualization
freehire:senior-business-analyst-it-enterprise-applications-micron-technology-kteeqf6t,SAP,Enterprise Tool
freehire:professional-data-product-analyst-lplfinancial-xaurp4sd,Data Modeling,Data Engineering
freehire:professional-data-product-analyst-lplfinancial-xaurp4sd,Jira,Collaboration Tool
freehire:professional-data-product-analyst-lplfinancial-xaurp4sd,SQL,Database / Query
freehire:product-information-pim-and-digital-asset-dam-data-analyst-alcon-rjnhkpha,Excel,Spreadsheet
freehire:product-information-pim-and-digital-asset-dam-data-analyst-alcon-rjnhkpha,Qlik,BI / Visualization
freehire:product-information-pim-and-digital-asset-dam-data-analyst-alcon-rjnhkpha,Tableau,BI / Visualization
freehire:pricing-analyst-iii-astreya-gu6dkibr,SAP,Enterprise Tool
freehire:senior-professional-data-product-analyst-lplfinancial-vtgz26hu,Data Modeling,Data Engineering
freehire:senior-professional-data-product-analyst-lplfinancial-vtgz26hu,Jira,Collaboration Tool
freehire:senior-professional-data-product-analyst-lplfinancial-vtgz26hu,SQL,Database / Query
freehire:thg-corporate-senior-hr-reporting-analyst-thgrp-tqtwxed7,Alteryx,Analytics Tool
freehire:thg-corporate-senior-hr-reporting-analyst-thgrp-tqtwxed7,Power BI,BI / Visualization
freehire:thg-corporate-senior-hr-reporting-analyst-thgrp-tqtwxed7,Tableau,BI / Visualization
freehire:business-analyst-takeda-7rt3uajt,AWS,Cloud
freehire:business-analyst-takeda-7rt3uajt,Azure,Cloud
freehire:business-analyst-takeda-7rt3uajt,Excel,Spreadsheet
freehire:business-analyst-takeda-7rt3uajt,Jira,Collaboration Tool
freehire:business-analyst-takeda-7rt3uajt,SQL,Database / Query
freehire:business-analyst-takeda-7rt3uajt,SQL Server,Database / Query
freehire:data-analyst-guidehouse-yff3zsbn,Data Modeling,Data Engineering
freehire:data-analyst-guidehouse-yff3zsbn,Excel,Spreadsheet
freehire:data-analyst-guidehouse-yff3zsbn,Power BI,BI / Visualization
freehire:data-analyst-guidehouse-yff3zsbn,Power Query,BI / Visualization
freehire:senior-business-analyst-rtx-yjppbzty,Excel,Spreadsheet
freehire:senior-business-analyst-rtx-yjppbzty,Forecasting,Statistics / Analytics
freehire:salesforce-data-reporting-analyst-cushman-wakefield-473epxim,Azure,Cloud
freehire:salesforce-data-reporting-analyst-cushman-wakefield-473epxim,Power BI,BI / Visualization
freehire:salesforce-data-reporting-analyst-cushman-wakefield-473epxim,Tableau,BI / Visualization
freehire:junior-business-analyst-regnology-fddegrfy,Data Modeling,Data Engineering
freehire:junior-business-analyst-regnology-fddegrfy,Excel,Spreadsheet
freehire:junior-business-analyst-regnology-fddegrfy,Jira,Collaboration Tool
freehire:junior-business-analyst-regnology-fddegrfy,Regression,Statistics / Analytics
freehire:junior-business-analyst-regnology-fddegrfy,SQL,Database / Query
freehire:master-data-analyst-kimberly-clark-rbduoo4h,Excel,Spreadsheet
freehire:master-data-analyst-kimberly-clark-rbduoo4h,Power BI,BI / Visualization
freehire:master-data-analyst-kimberly-clark-rbduoo4h,SAP,Enterprise Tool
freehire:data-strategy-analyst-citi-jvpghy6w,Machine Learning,Machine Learning
freehire:data-strategy-analyst-citi-jvpghy6w,Python,Programming
freehire:data-strategy-analyst-citi-jvpghy6w,SQL,Database / Query
freehire:data-strategy-analyst-citi-jvpghy6w,Snowflake,Cloud / Warehouse
freehire:reporting-and-insights-analyst-citi-zq5l7o4l,Machine Learning,Machine Learning
freehire:reporting-and-insights-analyst-citi-zq5l7o4l,Python,Programming
freehire:reporting-and-insights-analyst-citi-zq5l7o4l,SAS,Statistics / Analytics
freehire:reporting-and-insights-analyst-citi-zq5l7o4l,SPSS,Statistics / Analytics
freehire:adobe-analytics-analyst-citi-yj6nnld2,Python,Programming
freehire:adobe-analytics-analyst-citi-yj6nnld2,SQL,Database / Query
freehire:adobe-analytics-analyst-citi-yj6nnld2,Statistics,Statistics / Analytics
freehire:specialized-analytics-analyst-citi-gb3wmhfk,SQL,Database / Query
freehire:specialized-analytics-analyst-citi-gb3wmhfk,Statistics,Statistics / Analytics
freehire:business-analyst-e-commerce-luxasia-kg7366k4,Data Warehousing,Data Engineering
freehire:business-analyst-e-commerce-luxasia-kg7366k4,Excel,Spreadsheet
freehire:business-analyst-e-commerce-luxasia-kg7366k4,MySQL,Database / Query
freehire:business-analyst-e-commerce-luxasia-kg7366k4,PostgreSQL,Database / Query
freehire:business-analyst-e-commerce-luxasia-kg7366k4,Power BI,BI / Visualization
freehire:business-analyst-e-commerce-luxasia-kg7366k4,SQL,Database / Query
freehire:business-analyst-e-commerce-luxasia-kg7366k4,Tableau,BI / Visualization
freehire:techno-functional-business-analyst-end-to-end-project-delivery-interscripts-sru36eaw,Azure,Cloud
freehire:techno-functional-business-analyst-end-to-end-project-delivery-interscripts-sru36eaw,Data Modeling,Data Engineering
freehire:techno-functional-business-analyst-end-to-end-project-delivery-interscripts-sru36eaw,Git,Developer Tool
freehire:techno-functional-business-analyst-end-to-end-project-delivery-interscripts-sru36eaw,Jira,Collaboration Tool
freehire:techno-functional-business-analyst-end-to-end-project-delivery-interscripts-sru36eaw,SQL,Database / Query
freehire:senior-data-analyst-i-nielsen-xdzrawik,Excel,Spreadsheet
freehire:senior-data-analyst-i-nielsen-xdzrawik,Forecasting,Statistics / Analytics
freehire:senior-data-analyst-i-nielsen-xdzrawik,Power BI,BI / Visualization
freehire:senior-data-analyst-i-nielsen-xdzrawik,Python,Programming
freehire:senior-data-analyst-i-nielsen-xdzrawik,SPSS,Statistics / Analytics
freehire:senior-data-analyst-i-nielsen-xdzrawik,SQL,Database / Query
freehire:senior-data-analyst-i-nielsen-xdzrawik,Statistics,Statistics / Analytics
freehire:senior-data-analyst-i-nielsen-xdzrawik,Tableau,BI / Visualization
freehire:senior-business-analyst-moniepoint-as6r4mqp,A/B Testing,Statistics / Analytics
freehire:senior-business-analyst-moniepoint-as6r4mqp,Looker,BI / Visualization
freehire:senior-business-analyst-moniepoint-as6r4mqp,Pandas,Programming
freehire:senior-business-analyst-moniepoint-as6r4mqp,Python,Programming
freehire:senior-business-analyst-moniepoint-as6r4mqp,SQL,Database / Query
freehire:senior-business-analyst-moniepoint-as6r4mqp,SciPy,Programming
freehire:senior-business-analyst-moniepoint-as6r4mqp,Statistics,Statistics / Analytics
freehire:senior-business-analyst-moniepoint-as6r4mqp,Tableau,BI / Visualization
freehire:netsuite-senior-financial-operations-reporting-analyst-eproductivity-software-wqh5q4ai,Excel,Spreadsheet
freehire:senior-data-analyst-thomson-reuters-ccvxanei,A/B Testing,Statistics / Analytics
freehire:senior-data-analyst-thomson-reuters-ccvxanei,Airflow,Data Engineering
freehire:senior-data-analyst-thomson-reuters-ccvxanei,DAX,BI / Visualization
freehire:senior-data-analyst-thomson-reuters-ccvxanei,Data Modeling,Data Engineering
freehire:senior-data-analyst-thomson-reuters-ccvxanei,Machine Learning,Machine Learning
freehire:senior-data-analyst-thomson-reuters-ccvxanei,Power BI,BI / Visualization
freehire:senior-data-analyst-thomson-reuters-ccvxanei,Python,Programming
freehire:senior-data-analyst-thomson-reuters-ccvxanei,SQL,Database / Query
freehire:senior-data-analyst-thomson-reuters-ccvxanei,Snowflake,Cloud / Warehouse
freehire:senior-data-analyst-thomson-reuters-ccvxanei,Tableau,BI / Visualization
freehire:senior-data-analyst-thomson-reuters-ccvxanei,dbt,Data Engineering
freehire:business-analyst-content-enablement-novartis-5c6lin2d,Jira,Collaboration Tool
freehire:business-analyst-avp-barclays-ligprcyh,Excel,Spreadsheet
freehire:business-analyst-avp-barclays-ligprcyh,Jira,Collaboration Tool
freehire:business-analyst-avp-barclays-ligprcyh,SQL,Database / Query
freehire:senior-business-intelligence-analyst-diebold-nixdorf-pgvalnap,DAX,BI / Visualization
freehire:senior-business-intelligence-analyst-diebold-nixdorf-pgvalnap,Data Modeling,Data Engineering
freehire:senior-business-intelligence-analyst-diebold-nixdorf-pgvalnap,Data Warehousing,Data Engineering
freehire:senior-business-intelligence-analyst-diebold-nixdorf-pgvalnap,ETL,Data Engineering
freehire:senior-business-intelligence-analyst-diebold-nixdorf-pgvalnap,Machine Learning,Machine Learning
freehire:senior-business-intelligence-analyst-diebold-nixdorf-pgvalnap,Power BI,BI / Visualization
freehire:senior-business-intelligence-analyst-diebold-nixdorf-pgvalnap,Python,Programming
freehire:senior-data-product-analyst-data-integrity-group-lplfinancial-oyw72o3v,Data Modeling,Data Engineering
freehire:senior-data-product-analyst-data-integrity-group-lplfinancial-oyw72o3v,SQL,Database / Query
freehire:professional-data-product-analyst-data-integrity-group-lplfinancial-6znetol4,Data Modeling,Data Engineering
freehire:professional-data-product-analyst-data-integrity-group-lplfinancial-6znetol4,SQL,Database / Query
freehire:senior-data-product-analyst-data-distribution-data-share-capabilities-lplfinancial-4pmy5rxn,Data Modeling,Data Engineering
freehire:senior-data-product-analyst-data-distribution-data-share-capabilities-lplfinancial-4pmy5rxn,Jira,Collaboration Tool
freehire:senior-data-product-analyst-data-distribution-data-share-capabilities-lplfinancial-4pmy5rxn,SQL,Database / Query
freehire:business-analyst-travelhrportal-4yhle7gm,Excel,Spreadsheet
freehire:business-analyst-travelhrportal-4yhle7gm,Jira,Collaboration Tool
freehire:senior-consultant-business-analyst-wsp-otgtqj4h,Azure,Cloud
freehire:senior-consultant-business-analyst-wsp-otgtqj4h,Git,Developer Tool
freehire:reporting-analyst-exl-xwranvsq,Machine Learning,Machine Learning
freehire:reporting-analyst-exl-xwranvsq,Python,Programming
freehire:senior-consultant-business-analyst-wsp-in-africa-t62l7wb2,Azure,Cloud
freehire:senior-consultant-business-analyst-wsp-in-africa-t62l7wb2,Git,Developer Tool
freehire:it-business-analyst-bst-gi-hitachi-energy-bbj2ymku,Azure,Cloud
freehire:it-business-analyst-bst-gi-hitachi-energy-bbj2ymku,Jira,Collaboration Tool
freehire:banking-business-analytics-int-analyst-officer-citi-ppw4cmnx,Excel,Spreadsheet
freehire:banking-business-analytics-int-analyst-officer-citi-ppw4cmnx,SQL,Database / Query
freehire:banking-business-analytics-int-analyst-officer-citi-ppw4cmnx,Tableau,BI / Visualization
freehire:risk-analyst-strategy-capabilities-toast-7cgbcgg3,Excel,Spreadsheet
freehire:risk-analyst-strategy-capabilities-toast-7cgbcgg3,Python,Programming
freehire:risk-analyst-strategy-capabilities-toast-7cgbcgg3,SQL,Database / Query
freehire:risk-analyst-strategy-capabilities-toast-7cgbcgg3,Snowflake,Cloud / Warehouse
freehire:data-solutions-analyst-india-sensor-tower-t4tinml3,SQL,Database / Query
freehire:senior-insights-analyst-powerbi-fmcg-blend-360-plu7ook2,Azure,Cloud
freehire:senior-insights-analyst-powerbi-fmcg-blend-360-plu7ook2,DAX,BI / Visualization
freehire:senior-insights-analyst-powerbi-fmcg-blend-360-plu7ook2,Data Warehousing,Data Engineering
freehire:senior-insights-analyst-powerbi-fmcg-blend-360-plu7ook2,Databricks,Data Engineering
freehire:senior-insights-analyst-powerbi-fmcg-blend-360-plu7ook2,ETL,Data Engineering
freehire:senior-insights-analyst-powerbi-fmcg-blend-360-plu7ook2,Power BI,BI / Visualization
freehire:senior-insights-analyst-powerbi-fmcg-blend-360-plu7ook2,Power Query,BI / Visualization
freehire:senior-insights-analyst-powerbi-fmcg-blend-360-plu7ook2,SQL,Database / Query
freehire:assistant-manager-operations-data-analyst-avery-dennison-pazx2qrv,Excel,Spreadsheet
freehire:assistant-manager-operations-data-analyst-avery-dennison-pazx2qrv,Looker,BI / Visualization
freehire:assistant-manager-operations-data-analyst-avery-dennison-pazx2qrv,Power BI,BI / Visualization
freehire:assistant-manager-operations-data-analyst-avery-dennison-pazx2qrv,Power Query,BI / Visualization
freehire:assistant-manager-operations-data-analyst-avery-dennison-pazx2qrv,Python,Programming
freehire:assistant-manager-operations-data-analyst-avery-dennison-pazx2qrv,SQL,Database / Query
freehire:assistant-manager-operations-data-analyst-avery-dennison-pazx2qrv,Statistics,Statistics / Analytics
freehire:assistant-manager-operations-data-analyst-avery-dennison-pazx2qrv,Tableau,BI / Visualization
freehire:senior-data-analyst-sia-ja2tk5mw,Azure,Cloud
freehire:senior-data-analyst-sia-ja2tk5mw,DAX,BI / Visualization
freehire:senior-data-analyst-sia-ja2tk5mw,Data Modeling,Data Engineering
freehire:senior-data-analyst-sia-ja2tk5mw,Data Warehousing,Data Engineering
freehire:senior-data-analyst-sia-ja2tk5mw,ETL,Data Engineering
freehire:senior-data-analyst-sia-ja2tk5mw,Power BI,BI / Visualization
freehire:senior-data-analyst-sia-ja2tk5mw,Power Query,BI / Visualization
freehire:senior-data-analyst-sia-ja2tk5mw,SQL,Database / Query
freehire:senior-data-analyst-sia-ja2tk5mw,Statistics,Statistics / Analytics
freehire:data-analyst-sia-ydsdqpfz,AWS,Cloud
freehire:data-analyst-sia-ydsdqpfz,Azure,Cloud
freehire:data-analyst-sia-ydsdqpfz,DAX,BI / Visualization
freehire:data-analyst-sia-ydsdqpfz,ETL,Data Engineering
freehire:data-analyst-sia-ydsdqpfz,GCP,Cloud
freehire:data-analyst-sia-ydsdqpfz,Power BI,BI / Visualization
freehire:data-analyst-sia-ydsdqpfz,Power Query,BI / Visualization
freehire:data-analyst-sia-ydsdqpfz,Python,Programming
freehire:data-analyst-sia-ydsdqpfz,SQL,Database / Query
freehire:data-analyst-sia-ydsdqpfz,SSIS,Data Engineering
freehire:staff-business-analyst-employer-of-record-credit-acceptance-careers-ohv3r7gr,SQL,Database / Query
freehire:data-analyst-avp-barclays-r5mpkvwm,Excel,Spreadsheet
freehire:data-analyst-avp-barclays-r5mpkvwm,Machine Learning,Machine Learning
freehire:data-analyst-avp-barclays-r5mpkvwm,Power BI,BI / Visualization
freehire:data-analyst-avp-barclays-r5mpkvwm,Python,Programming
freehire:data-analyst-avp-barclays-r5mpkvwm,Qlik,BI / Visualization
freehire:master-data-analyst-mdtkangaroo-l3xojcik,Databricks,Data Engineering
freehire:master-data-analyst-mdtkangaroo-l3xojcik,Forecasting,Statistics / Analytics
freehire:master-data-analyst-mdtkangaroo-l3xojcik,Power BI,BI / Visualization
freehire:master-data-analyst-mdtkangaroo-l3xojcik,Power Query,BI / Visualization
freehire:master-data-analyst-mdtkangaroo-l3xojcik,SAP,Enterprise Tool
freehire:master-data-analyst-mdtkangaroo-l3xojcik,SQL,Database / Query
freehire:master-data-analyst-mdtkangaroo-l3xojcik,Statistics,Statistics / Analytics
freehire:data-analytics-lead-analyst-citi-hqcaxt4c,Excel,Spreadsheet
freehire:data-analytics-lead-analyst-citi-hqcaxt4c,SQL,Database / Query
freehire:principal-data-analyst-ingram-micro-ibjvwigi,GCP,Cloud
freehire:principal-data-analyst-ingram-micro-ibjvwigi,Looker,BI / Visualization
freehire:principal-data-analyst-ingram-micro-ibjvwigi,Machine Learning,Machine Learning
freehire:principal-data-analyst-ingram-micro-ibjvwigi,NumPy,Programming
freehire:principal-data-analyst-ingram-micro-ibjvwigi,Pandas,Programming
freehire:principal-data-analyst-ingram-micro-ibjvwigi,Power BI,BI / Visualization
freehire:principal-data-analyst-ingram-micro-ibjvwigi,Python,Programming
freehire:principal-data-analyst-ingram-micro-ibjvwigi,Qlik,BI / Visualization
freehire:principal-data-analyst-ingram-micro-ibjvwigi,SQL,Database / Query
freehire:senior-business-analyst-trinet-ejnr7jq3,Excel,Spreadsheet
freehire:senior-business-analyst-trinet-ejnr7jq3,Power BI,BI / Visualization
freehire:senior-business-analyst-trinet-ejnr7jq3,SQL,Database / Query
freehire:senior-business-analyst-trinet-ejnr7jq3,Tableau,BI / Visualization
freehire:alteryx-data-analyst-exl-5gcx3lph,Alteryx,Analytics Tool
freehire:alteryx-data-analyst-exl-5gcx3lph,Data Modeling,Data Engineering
freehire:alteryx-data-analyst-exl-5gcx3lph,Hadoop,Data Engineering
freehire:alteryx-data-analyst-exl-5gcx3lph,Jira,Collaboration Tool
freehire:alteryx-data-analyst-exl-5gcx3lph,Python,Programming
freehire:alteryx-data-analyst-exl-5gcx3lph,SQL,Database / Query
freehire:alteryx-data-analyst-exl-5gcx3lph,Spark,Data Engineering
freehire:business-analyst-black-box-vh3aligp,Power BI,BI / Visualization
freehire:business-analyst-black-box-vh3aligp,Python,Programming
freehire:business-analyst-black-box-vh3aligp,SAP,Enterprise Tool
freehire:business-analyst-black-box-vh3aligp,SQL,Database / Query
freehire:lead-data-analyst-exl-isbg5fvg,Data Modeling,Data Engineering
freehire:lead-data-analyst-exl-isbg5fvg,Jira,Collaboration Tool
freehire:lead-data-analyst-exl-isbg5fvg,Python,Programming
freehire:lead-data-analyst-exl-isbg5fvg,SQL,Database / Query
freehire:lead-data-analyst-exl-isbg5fvg,Spark,Data Engineering
freehire:senior-professional-business-analyst-cotality-7zyn2cqi,Excel,Spreadsheet
freehire:senior-professional-business-analyst-cotality-7zyn2cqi,Looker,BI / Visualization
freehire:senior-professional-business-analyst-cotality-7zyn2cqi,Power Query,BI / Visualization
freehire:senior-professional-business-analyst-cotality-7zyn2cqi,SQL,Database / Query
freehire:senior-professional-business-analyst-cotality-7zyn2cqi,Tableau,BI / Visualization
freehire:business-analyst-theapexgroup-aey5eoy5,Azure,Cloud
freehire:data-analyst-5b-genpact-cvlyzapm,Databricks,Data Engineering
freehire:data-analyst-5b-genpact-cvlyzapm,Oracle,Database / Query
freehire:data-analyst-5b-genpact-cvlyzapm,Spark,Data Engineering
freehire:data-analyst-5b-genpact-cvlyzapm,Statistics,Statistics / Analytics
freehire:salesforce-business-analyst-hitachi-energy-al4bcpzt,Excel,Spreadsheet
freehire:salesforce-business-analyst-hitachi-energy-al4bcpzt,Jira,Collaboration Tool
freehire:salesforce-business-analyst-hitachi-energy-al4bcpzt,SQL,Database / Query
freehire:finance-business-analyst-hewlett-packard-hp-7qwt7gh7,SAP,Enterprise Tool
freehire:product-analyst-ii-glance-g76kpoxi,Excel,Spreadsheet
freehire:product-analyst-ii-glance-g76kpoxi,Machine Learning,Machine Learning
freehire:product-analyst-ii-glance-g76kpoxi,Power BI,BI / Visualization
freehire:product-analyst-ii-glance-g76kpoxi,Python,Programming
freehire:product-analyst-ii-glance-g76kpoxi,SQL,Database / Query
freehire:product-analyst-ii-glance-g76kpoxi,Statistics,Statistics / Analytics
freehire:product-analyst-ii-glance-g76kpoxi,Tableau,BI / Visualization
freehire:rpa-business-analyst-flight-centre-hji5h6wm,Jira,Collaboration Tool
freehire:rpa-business-analyst-flight-centre-hji5h6wm,Machine Learning,Machine Learning
freehire:business-analyst-master-data-management-genpact-bouoehet,Excel,Spreadsheet
freehire:business-analyst-master-data-management-genpact-bouoehet,Forecasting,Statistics / Analytics
freehire:business-analyst-master-data-management-genpact-bouoehet,SAP,Enterprise Tool
freehire:business-analyst-master-data-management-genpact-bouoehet,Statistics,Statistics / Analytics
freehire:pcc-program-business-analyst-assistant-manager-state-street-wthonnuc,Jira,Collaboration Tool
freehire:enterprise-data-and-governance-analyst-barclays-e7elxpfn,Tableau,BI / Visualization
freehire:master-data-management-analyst-ii-columbiasportswearcompany-xwwss4v6,Excel,Spreadsheet
freehire:master-data-management-analyst-ii-columbiasportswearcompany-xwwss4v6,Power BI,BI / Visualization
freehire:master-data-management-analyst-ii-columbiasportswearcompany-xwwss4v6,SAP,Enterprise Tool
freehire:master-data-management-analyst-ii-columbiasportswearcompany-xwwss4v6,SQL,Database / Query
freehire:business-intelligence-analyst-clinical-operations-india-hybrid-remote-mms-y4crz2wg,DAX,BI / Visualization
freehire:business-intelligence-analyst-clinical-operations-india-hybrid-remote-mms-y4crz2wg,Power BI,BI / Visualization
freehire:business-intelligence-analyst-clinical-operations-india-hybrid-remote-mms-y4crz2wg,R,Programming
freehire:business-intelligence-analyst-clinical-operations-india-hybrid-remote-mms-y4crz2wg,Statistics,Statistics / Analytics
freehire:business-intelligence-analyst-clinical-operations-india-hybrid-remote-mms-y4crz2wg,Tableau,BI / Visualization
freehire:operational-risk-control-testing-wm-risk-analyst-wealth-management-morgan-stanley-xd7rfvlr,Excel,Spreadsheet
freehire:data-analyst-exl-7jyb7omd,Data Modeling,Data Engineering
freehire:data-analyst-exl-7jyb7omd,Hadoop,Data Engineering
freehire:data-analyst-exl-7jyb7omd,Python,Programming
freehire:data-analyst-exl-7jyb7omd,SQL,Database / Query
freehire:data-analyst-exl-7jyb7omd,Spark,Data Engineering
freehire:senior-data-analyst-exl-qevpps44,Data Modeling,Data Engineering
freehire:senior-data-analyst-exl-qevpps44,Hadoop,Data Engineering
freehire:senior-data-analyst-exl-qevpps44,Python,Programming
freehire:senior-data-analyst-exl-qevpps44,SQL,Database / Query
freehire:senior-data-analyst-exl-qevpps44,Spark,Data Engineering
freehire:services-business-analyst-hewlett-packard-hp-62bg47c7,SAP,Enterprise Tool
freehire:services-business-analyst-hewlett-packard-hp-62bg47c7,SQL,Database / Query
freehire:services-business-analyst-hewlett-packard-hp-62bg47c7,Statistics,Statistics / Analytics
freehire:data-analyst-5b-genpact-fdrptukv,Databricks,Data Engineering
freehire:data-analyst-5b-genpact-fdrptukv,Oracle,Database / Query
freehire:data-analyst-5b-genpact-fdrptukv,Spark,Data Engineering
freehire:data-analyst-5b-genpact-fdrptukv,Statistics,Statistics / Analytics
freehire:sr-analyst-gpp-payments-business-analyst-mufgub-k6fqga42,Jira,Collaboration Tool
freehire:sr-analyst-gpp-payments-business-analyst-mufgub-k6fqga42,Machine Learning,Machine Learning
freehire:avp-manager-gpp-payments-business-analyst-mufgub-smneemmh,Jira,Collaboration Tool
freehire:avp-manager-gpp-payments-business-analyst-mufgub-smneemmh,Machine Learning,Machine Learning
freehire:senior-data-analyst-tjx-ius4vuua,Data Modeling,Data Engineering
freehire:senior-data-analyst-tjx-ius4vuua,Excel,Spreadsheet
freehire:senior-data-analyst-tjx-ius4vuua,Power BI,BI / Visualization
freehire:senior-data-analyst-tjx-ius4vuua,Power Query,BI / Visualization
freehire:insight-analyst-chloe-6sxxzbad,A/B Testing,Statistics / Analytics
freehire:insight-analyst-chloe-6sxxzbad,Data Modeling,Data Engineering
freehire:insight-analyst-chloe-6sxxzbad,Power BI,BI / Visualization
freehire:insight-analyst-chloe-6sxxzbad,Tableau,BI / Visualization
freehire:senior-financial-data-analyst-moody-s-kupqpmb2,Alteryx,Analytics Tool
freehire:senior-financial-data-analyst-moody-s-kupqpmb2,Excel,Spreadsheet
freehire:senior-financial-data-analyst-moody-s-kupqpmb2,Power BI,BI / Visualization
freehire:senior-financial-data-analyst-moody-s-kupqpmb2,Python,Programming
freehire:analyst-business-intelligence-nielseniq-ivl3f3h6,AWS,Cloud
freehire:analyst-business-intelligence-nielseniq-ivl3f3h6,Azure,Cloud
freehire:analyst-business-intelligence-nielseniq-ivl3f3h6,GCP,Cloud
freehire:analyst-business-intelligence-nielseniq-ivl3f3h6,Git,Developer Tool
freehire:analyst-business-intelligence-nielseniq-ivl3f3h6,Pandas,Programming
freehire:analyst-business-intelligence-nielseniq-ivl3f3h6,Python,Programming
freehire:analyst-business-intelligence-nielseniq-ivl3f3h6,SQL,Database / Query
freehire:engineering-portfolio-analytics-java-developer-analyst-aqr-jokldkqf,PostgreSQL,Database / Query
freehire:engineering-portfolio-analytics-java-developer-analyst-aqr-jokldkqf,Python,Programming
freehire:engineering-portfolio-analytics-java-developer-analyst-aqr-jokldkqf,SQL,Database / Query
freehire:engineering-portfolio-analytics-java-developer-analyst-aqr-jokldkqf,SQL Server,Database / Query
freehire:operations-tax-operations-analyst-aqr-india-liroprjo,Excel,Spreadsheet
freehire:operations-tax-operations-analyst-aqr-india-liroprjo,Python,Programming
freehire:data-analyst-arcana-analytics-ugb5i7pc,Python,Programming
freehire:data-analyst-arcana-analytics-ugb5i7pc,SQL,Database / Query
freehire:data-analyst-arcana-analytics-ugb5i7pc,Statistics,Statistics / Analytics
freehire:portfolio-data-analyst-arcana-analytics-rdkhcjsx,Data Modeling,Data Engineering
freehire:supply-chain-senior-business-analyst-consultant-lingaro-group-fvclddsw,Excel,Spreadsheet
freehire:supply-chain-senior-business-analyst-consultant-lingaro-group-fvclddsw,Forecasting,Statistics / Analytics
freehire:supply-chain-senior-business-analyst-consultant-lingaro-group-fvclddsw,Power BI,BI / Visualization
freehire:supply-chain-senior-business-analyst-consultant-lingaro-group-fvclddsw,Python,Programming
freehire:supply-chain-senior-business-analyst-consultant-lingaro-group-fvclddsw,SAP,Enterprise Tool
freehire:supply-chain-senior-business-analyst-consultant-lingaro-group-fvclddsw,SQL,Database / Query
freehire:supply-chain-senior-business-analyst-consultant-lingaro-group-fvclddsw,Tableau,BI / Visualization
freehire:financial-data-analyst-moody-s-kz5mnujw,Power BI,BI / Visualization
freehire:financial-data-analyst-moody-s-kz5mnujw,Python,Programming
freehire:financial-data-analyst-moody-s-kz5mnujw,SQL,Database / Query
freehire:business-intelligence-analyst-cummins-inc-w6jjkmdu,DAX,BI / Visualization
freehire:business-intelligence-analyst-cummins-inc-w6jjkmdu,Data Modeling,Data Engineering
freehire:business-intelligence-analyst-cummins-inc-w6jjkmdu,Databricks,Data Engineering
freehire:business-intelligence-analyst-cummins-inc-w6jjkmdu,Machine Learning,Machine Learning
freehire:business-intelligence-analyst-cummins-inc-w6jjkmdu,Power BI,BI / Visualization
freehire:business-intelligence-analyst-cummins-inc-w6jjkmdu,Python,Programming
freehire:business-intelligence-analyst-cummins-inc-w6jjkmdu,SQL,Database / Query
freehire:business-intelligence-analyst-cummins-inc-w6jjkmdu,SQL Server,Database / Query
freehire:business-intelligence-analyst-cummins-inc-w6jjkmdu,Snowflake,Cloud / Warehouse
freehire:business-intelligence-analyst-cummins-inc-w6jjkmdu,Statistics,Statistics / Analytics
freehire:p2b-data-analyst-principal-cummins-inc-anyncqr5,ETL,Data Engineering
freehire:p2b-data-analyst-principal-cummins-inc-anyncqr5,SAP,Enterprise Tool
freehire:p2b-data-analyst-principal-cummins-inc-anyncqr5,SQL,Database / Query
freehire:hsw-data-analyst-arcadis-jct5yozo,Power BI,BI / Visualization
freehire:senior-business-analyst-sap-otc-fashion-levi-strauss-co-jwdx5pfs,SAP,Enterprise Tool
freehire:global-banking-markets-operations-nbfc-lending-funding-regulatory-reporting-analyst-associate-mumbai-goldman-sachs-nw7lowjj,Excel,Spreadsheet
freehire:data-analyst-hitachi-energy-4ha7v6ga,Power BI,BI / Visualization
freehire:data-analyst-hitachi-energy-4ha7v6ga,SAP,Enterprise Tool
freehire:data-analyst-hitachi-energy-4ha7v6ga,SQL,Database / Query
freehire:data-analyst-ii-fedex-mkhr4uqf,Azure,Cloud
freehire:data-analyst-ii-fedex-mkhr4uqf,GCP,Cloud
freehire:data-analyst-ii-fedex-mkhr4uqf,Git,Developer Tool
freehire:data-analyst-ii-fedex-mkhr4uqf,Oracle,Database / Query
freehire:data-analyst-ii-fedex-mkhr4uqf,Power BI,BI / Visualization
freehire:data-analyst-ii-fedex-mkhr4uqf,Python,Programming
freehire:data-analyst-ii-fedex-mkhr4uqf,SQL,Database / Query
freehire:data-analyst-ii-fedex-mkhr4uqf,SQL Server,Database / Query
freehire:lead-data-analyst-ameriprise-financial-3p5qvwup,AWS,Cloud
freehire:lead-data-analyst-ameriprise-financial-3p5qvwup,Power BI,BI / Visualization
freehire:lead-data-analyst-ameriprise-financial-3p5qvwup,Python,Programming
freehire:lead-data-analyst-ameriprise-financial-3p5qvwup,SQL,Database / Query
freehire:sr-business-analyst-fiserv-jl4pbssi,Forecasting,Statistics / Analytics
freehire:sr-business-analyst-fiserv-jl4pbssi,Jira,Collaboration Tool
freehire:credit-risk-analyst-fiserv-puoy3xp5,Excel,Spreadsheet
freehire:fraud-risk-analyst-fiserv-jypetxl2,Excel,Spreadsheet
freehire:business-analyst-agilent-epyjtg2f,Excel,Spreadsheet
freehire:business-analyst-agilent-epyjtg2f,Forecasting,Statistics / Analytics
freehire:business-analyst-agilent-epyjtg2f,Power BI,BI / Visualization
freehire:business-analyst-agilent-epyjtg2f,Power Query,BI / Visualization
freehire:business-analyst-agilent-epyjtg2f,SAP,Enterprise Tool
freehire:group-product-analyst-ii-dp-world-p2tl4fhv,A/B Testing,Statistics / Analytics
freehire:group-product-analyst-ii-dp-world-p2tl4fhv,Excel,Spreadsheet
freehire:group-product-analyst-ii-dp-world-p2tl4fhv,Power BI,BI / Visualization
freehire:group-product-analyst-ii-dp-world-p2tl4fhv,Python,Programming
freehire:group-product-analyst-ii-dp-world-p2tl4fhv,SQL,Database / Query
freehire:group-product-analyst-ii-dp-world-p2tl4fhv,Statistics,Statistics / Analytics
freehire:group-product-analyst-ii-dp-world-p2tl4fhv,Tableau,BI / Visualization
freehire:sr-analyst-process-analytics-claims-underwriting-4a-genpact-getvboza,Data Modeling,Data Engineering
freehire:sr-analyst-process-analytics-claims-underwriting-4a-genpact-getvboza,Excel,Spreadsheet
freehire:sr-analyst-process-analytics-claims-underwriting-4a-genpact-getvboza,SQL,Database / Query
freehire:sr-analyst-process-analytics-claims-underwriting-4a-genpact-getvboza,Statistics,Statistics / Analytics
freehire:business-analyst-genpact-abkjkx4h,Data Modeling,Data Engineering
freehire:business-analyst-genpact-abkjkx4h,Data Warehousing,Data Engineering
freehire:business-analyst-genpact-abkjkx4h,ETL,Data Engineering
freehire:business-analyst-genpact-abkjkx4h,Power BI,BI / Visualization
freehire:business-analyst-genpact-abkjkx4h,Python,Programming
freehire:business-analyst-genpact-abkjkx4h,Statistics,Statistics / Analytics
freehire:business-analyst-genpact-abkjkx4h,Tableau,BI / Visualization
freehire:senior-it-analyst-applications-manufacturing-business-analyst-caterpillar-inc-ivu2udw3,Excel,Spreadsheet
freehire:senior-it-analyst-applications-manufacturing-business-analyst-caterpillar-inc-ivu2udw3,SQL,Database / Query
freehire:data-analyst-skeps-o5pzj7b4,Excel,Spreadsheet
freehire:data-analyst-skeps-o5pzj7b4,Forecasting,Statistics / Analytics
freehire:data-analyst-skeps-o5pzj7b4,NumPy,Programming
freehire:data-analyst-skeps-o5pzj7b4,Pandas,Programming
freehire:data-analyst-skeps-o5pzj7b4,Python,Programming
freehire:data-analyst-skeps-o5pzj7b4,Regression,Statistics / Analytics
freehire:data-analyst-skeps-o5pzj7b4,SQL,Database / Query
freehire:data-analyst-skeps-o5pzj7b4,Statistics,Statistics / Analytics
freehire:data-analyst-skeps-o5pzj7b4,Tableau,BI / Visualization
freehire:senior-pricing-analyst-scan-it-442d6npa,Excel,Spreadsheet
freehire:performance-analyst-ii-invesco-fjdhm5gz,Excel,Spreadsheet
freehire:performance-analyst-ii-invesco-fjdhm5gz,Power BI,BI / Visualization
freehire:performance-analyst-ii-invesco-fjdhm5gz,Python,Programming
freehire:performance-analyst-ii-invesco-fjdhm5gz,SQL,Database / Query
freehire:performance-analyst-ii-invesco-fjdhm5gz,Tableau,BI / Visualization
freehire:senior-pricing-and-insights-analyst-carrier-global-hbnatcwh,DAX,BI / Visualization
freehire:senior-pricing-and-insights-analyst-carrier-global-hbnatcwh,Data Modeling,Data Engineering
freehire:senior-pricing-and-insights-analyst-carrier-global-hbnatcwh,Excel,Spreadsheet
freehire:senior-pricing-and-insights-analyst-carrier-global-hbnatcwh,Power BI,BI / Visualization
freehire:senior-pricing-and-insights-analyst-carrier-global-hbnatcwh,SAP,Enterprise Tool
freehire:senior-it-business-analyst-medtronic-54meni76,Jira,Collaboration Tool
freehire:reporting-insights-analyst-mufg-pension-market-services-42r3hfh3,Excel,Spreadsheet
freehire:reporting-insights-analyst-mufg-pension-market-services-42r3hfh3,Power BI,BI / Visualization
freehire:reporting-insights-analyst-mufg-pension-market-services-42r3hfh3,Python,Programming
freehire:reporting-insights-analyst-mufg-pension-market-services-42r3hfh3,SQL,Database / Query
freehire:business-analyst-i-sps-finance-insights-analytics-amazon-xxue2toe,Excel,Spreadsheet
freehire:business-analyst-i-sps-finance-insights-analytics-amazon-xxue2toe,SQL,Database / Query
freehire:business-analyst-aviation-nayara-energy-qcavcu25,Forecasting,Statistics / Analytics
freehire:business-analyst-aviation-nayara-energy-qcavcu25,SAP,Enterprise Tool
freehire:senior-data-analyst-guidehouse-jmhveuk3,ETL,Data Engineering
freehire:senior-data-analyst-guidehouse-jmhveuk3,Excel,Spreadsheet
freehire:senior-data-analyst-guidehouse-jmhveuk3,Python,Programming
freehire:senior-data-analyst-guidehouse-jmhveuk3,SQL,Database / Query
freehire:senior-data-analyst-guidehouse-jmhveuk3,Statistics,Statistics / Analytics
freehire:sr-business-analyst-change-management-invesco-vfkialog,Excel,Spreadsheet
freehire:sr-business-analyst-change-management-invesco-vfkialog,Power BI,BI / Visualization
freehire:sr-business-analyst-change-management-invesco-vfkialog,Tableau,BI / Visualization
freehire:business-analyst-ameriprise-financial-6j7doort,Jira,Collaboration Tool
freehire:business-analyst-ameriprise-financial-6j7doort,Regression,Statistics / Analytics
freehire:analyst-process-analytics-claims-underwriting-5a-genpact-rfnkjver,Excel,Spreadsheet
freehire:analyst-process-analytics-claims-underwriting-5a-genpact-rfnkjver,Statistics,Statistics / Analytics
freehire:rcm-mis-reporting-analyst-neolytix-ynpxgkmj,Excel,Spreadsheet
freehire:rcm-mis-reporting-analyst-neolytix-ynpxgkmj,Power BI,BI / Visualization
freehire:rcm-mis-reporting-analyst-neolytix-ynpxgkmj,Python,Programming
freehire:rcm-mis-reporting-analyst-neolytix-ynpxgkmj,SQL,Database / Query
freehire:hih-business-analytics-lead-analyst-cigna-group-fdx5rry4,Azure,Cloud
freehire:hih-business-analytics-lead-analyst-cigna-group-fdx5rry4,Databricks,Data Engineering
freehire:hih-business-analytics-lead-analyst-cigna-group-fdx5rry4,Forecasting,Statistics / Analytics
freehire:hih-business-analytics-lead-analyst-cigna-group-fdx5rry4,Machine Learning,Machine Learning
freehire:hih-business-analytics-lead-analyst-cigna-group-fdx5rry4,Power BI,BI / Visualization
freehire:hih-business-analytics-lead-analyst-cigna-group-fdx5rry4,Python,Programming
freehire:analytics-senior-analyst-avp-db-qpwtrzav,Excel,Spreadsheet
freehire:hih-business-analytics-lead-analyst-allegiance-benefit-plan-management-4qxcgtm6,Azure,Cloud
freehire:hih-business-analytics-lead-analyst-allegiance-benefit-plan-management-4qxcgtm6,Databricks,Data Engineering
freehire:hih-business-analytics-lead-analyst-allegiance-benefit-plan-management-4qxcgtm6,Forecasting,Statistics / Analytics
freehire:hih-business-analytics-lead-analyst-allegiance-benefit-plan-management-4qxcgtm6,Machine Learning,Machine Learning
freehire:hih-business-analytics-lead-analyst-allegiance-benefit-plan-management-4qxcgtm6,Power BI,BI / Visualization
freehire:hih-business-analytics-lead-analyst-allegiance-benefit-plan-management-4qxcgtm6,Python,Programming
freehire:business-analyst-logistics-marketplaces-arting-digital-eakmddag,Looker,BI / Visualization
freehire:business-analyst-logistics-marketplaces-arting-digital-eakmddag,SQL,Database / Query
freehire:business-analyst-global-banking-digital-transformation-capco-rxtsavad,Jira,Collaboration Tool
freehire:business-analyst-barclays-ujdqfoyd,Excel,Spreadsheet
freehire:business-analyst-barclays-ujdqfoyd,Jira,Collaboration Tool
freehire:senior-business-analyst-saxo-bank-a2f3i2vn,Regression,Statistics / Analytics
freehire:data-analyst-ii-rm-amer-criteo-izjnpnwv,Excel,Spreadsheet
freehire:data-analyst-ii-rm-amer-criteo-izjnpnwv,Git,Developer Tool
freehire:data-analyst-ii-rm-amer-criteo-izjnpnwv,Hadoop,Data Engineering
freehire:data-analyst-ii-rm-amer-criteo-izjnpnwv,Python,Programming
freehire:data-analyst-ii-rm-amer-criteo-izjnpnwv,SQL,Database / Query
freehire:data-analyst-ii-rm-amer-criteo-izjnpnwv,Statistics,Statistics / Analytics
freehire:data-analyst-ii-rm-amer-criteo-izjnpnwv,Tableau,BI / Visualization
freehire:data-analyst-research-barclays-gtpxkfl3,Excel,Spreadsheet
freehire:data-analyst-research-barclays-gtpxkfl3,SAP,Enterprise Tool
freehire:data-analyst-research-barclays-gtpxkfl3,Tableau,BI / Visualization
freehire:analytics-solutions-analyst-jp-morgan-chase-wyvldaxw,AWS,Cloud
freehire:analytics-solutions-analyst-jp-morgan-chase-wyvldaxw,Hadoop,Data Engineering
freehire:analytics-solutions-analyst-jp-morgan-chase-wyvldaxw,Jira,Collaboration Tool
freehire:analytics-solutions-analyst-jp-morgan-chase-wyvldaxw,Python,Programming
freehire:analytics-solutions-analyst-jp-morgan-chase-wyvldaxw,SQL,Database / Query
freehire:analytics-solutions-analyst-jp-morgan-chase-wyvldaxw,Statistics,Statistics / Analytics
freehire:analytics-solutions-analyst-jpmorganchase-akv4fray,AWS,Cloud
freehire:analytics-solutions-analyst-jpmorganchase-akv4fray,Hadoop,Data Engineering
freehire:analytics-solutions-analyst-jpmorganchase-akv4fray,Jira,Collaboration Tool
freehire:analytics-solutions-analyst-jpmorganchase-akv4fray,Python,Programming
freehire:analytics-solutions-analyst-jpmorganchase-akv4fray,SQL,Database / Query
freehire:analytics-solutions-analyst-jpmorganchase-akv4fray,Statistics,Statistics / Analytics
freehire:data-analyst-ecolab-mu2azhha,AWS,Cloud
freehire:data-analyst-ecolab-mu2azhha,Azure,Cloud
freehire:data-analyst-ecolab-mu2azhha,DAX,BI / Visualization
freehire:data-analyst-ecolab-mu2azhha,Data Modeling,Data Engineering
freehire:data-analyst-ecolab-mu2azhha,Forecasting,Statistics / Analytics
freehire:data-analyst-ecolab-mu2azhha,Power BI,BI / Visualization
freehire:data-analyst-ecolab-mu2azhha,Python,Programming
freehire:data-analyst-ecolab-mu2azhha,SAP,Enterprise Tool
freehire:data-analyst-ecolab-mu2azhha,SQL,Database / Query
freehire:senior-business-data-analyst-ameriprise-financial-la5e4xib,AWS,Cloud
freehire:senior-business-data-analyst-ameriprise-financial-la5e4xib,Forecasting,Statistics / Analytics
freehire:senior-business-data-analyst-ameriprise-financial-la5e4xib,Machine Learning,Machine Learning
freehire:senior-business-data-analyst-ameriprise-financial-la5e4xib,Power BI,BI / Visualization
freehire:senior-business-data-analyst-ameriprise-financial-la5e4xib,Python,Programming
freehire:senior-business-data-analyst-ameriprise-financial-la5e4xib,SQL,Database / Query
freehire:senior-business-data-analyst-ameriprise-financial-la5e4xib,Snowflake,Cloud / Warehouse
freehire:senior-business-data-analyst-ameriprise-financial-la5e4xib,Tableau,BI / Visualization
freehire:lead-business-analyst-zageno-it5i6p4z,Machine Learning,Machine Learning
freehire:lead-business-analyst-zageno-it5i6p4z,Python,Programming
freehire:lead-business-analyst-zageno-it5i6p4z,SQL,Database / Query
freehire:lead-business-analyst-zageno-it5i6p4z,Statistics,Statistics / Analytics
freehire:advanced-analytics-senior-analyst-cba-i4yvecpe,Alteryx,Analytics Tool
freehire:advanced-analytics-senior-analyst-cba-i4yvecpe,Machine Learning,Machine Learning
freehire:advanced-analytics-senior-analyst-cba-i4yvecpe,Power BI,BI / Visualization
freehire:advanced-analytics-senior-analyst-cba-i4yvecpe,Python,Programming
freehire:advanced-analytics-senior-analyst-cba-i4yvecpe,SQL,Database / Query
freehire:advanced-analytics-senior-analyst-cba-i4yvecpe,Statistics,Statistics / Analytics
freehire:advanced-analytics-senior-analyst-cba-i4yvecpe,Tableau,BI / Visualization
freehire:business-analyst-gco-fle-hitachi-energy-oklp4srn,Excel,Spreadsheet
freehire:business-analyst-gco-fle-hitachi-energy-oklp4srn,Power BI,BI / Visualization
freehire:analytics-senior-analyst-avp-db-mutnumvy,Excel,Spreadsheet
freehire:analytics-senior-analyst-avp-db-mutnumvy,Statistics,Statistics / Analytics
freehire:in-manager-business-analyst-d-a-advisory-hyderabad-pwc-u4d4uzce,SQL,Database / Query
freehire:senior-business-analyst-modelling-quantitative-analytics-moody-s-723r5b3j,Excel,Spreadsheet
freehire:senior-business-analyst-modelling-quantitative-analytics-moody-s-723r5b3j,Statistics,Statistics / Analytics
freehire:senior-business-intelligence-analyst-dexcarehealth-cwldeubh,Excel,Spreadsheet
freehire:senior-business-intelligence-analyst-dexcarehealth-cwldeubh,PostgreSQL,Database / Query
freehire:senior-business-intelligence-analyst-dexcarehealth-cwldeubh,Power BI,BI / Visualization
freehire:senior-business-intelligence-analyst-dexcarehealth-cwldeubh,SQL,Database / Query
freehire:senior-business-intelligence-analyst-dexcarehealth-cwldeubh,Statistics,Statistics / Analytics
freehire:junior-power-bi-analyst-statusneo-v44qrv7o,Power BI,BI / Visualization
freehire:revenue-analyst-hyatt-3onrmrst,Forecasting,Statistics / Analytics
freehire:associate-scientific-business-analyst-biological-studies-lims-amgen-vwre7fst,AWS,Cloud
freehire:associate-scientific-business-analyst-biological-studies-lims-amgen-vwre7fst,GCP,Cloud
freehire:associate-scientific-business-analyst-biological-studies-lims-amgen-vwre7fst,Jira,Collaboration Tool
freehire:associate-scientific-business-analyst-biological-studies-lims-amgen-vwre7fst,Machine Learning,Machine Learning
freehire:data-analyst-hitachi-energy-ocxecufz,Azure,Cloud
freehire:data-analyst-hitachi-energy-ocxecufz,Power BI,BI / Visualization
freehire:business-analyst-webbee-global-bve56z6k,Regression,Statistics / Analytics
freehire:mantle-solutions-data-analyst-l1-l2-l3-nexthire-rxekefpl,A/B Testing,Statistics / Analytics
freehire:mantle-solutions-data-analyst-l1-l2-l3-nexthire-rxekefpl,Excel,Spreadsheet
freehire:mantle-solutions-data-analyst-l1-l2-l3-nexthire-rxekefpl,Machine Learning,Machine Learning
freehire:mantle-solutions-data-analyst-l1-l2-l3-nexthire-rxekefpl,NumPy,Programming
freehire:mantle-solutions-data-analyst-l1-l2-l3-nexthire-rxekefpl,Pandas,Programming
freehire:mantle-solutions-data-analyst-l1-l2-l3-nexthire-rxekefpl,Power BI,BI / Visualization
freehire:mantle-solutions-data-analyst-l1-l2-l3-nexthire-rxekefpl,Python,Programming
freehire:mantle-solutions-data-analyst-l1-l2-l3-nexthire-rxekefpl,SQL,Database / Query
freehire:mantle-solutions-data-analyst-l1-l2-l3-nexthire-rxekefpl,Spark,Data Engineering
freehire:mantle-solutions-data-analyst-l1-l2-l3-nexthire-rxekefpl,Statistics,Statistics / Analytics
freehire:mantle-solutions-data-analyst-l1-l2-l3-nexthire-rxekefpl,Tableau,BI / Visualization
freehire:data-management-analyst-experian-elr5r4lm,AWS,Cloud
freehire:data-management-analyst-experian-elr5r4lm,Azure,Cloud
freehire:data-management-analyst-experian-elr5r4lm,Data Modeling,Data Engineering
freehire:data-management-analyst-experian-elr5r4lm,Data Warehousing,Data Engineering
freehire:data-management-analyst-experian-elr5r4lm,ETL,Data Engineering
freehire:data-management-analyst-experian-elr5r4lm,Excel,Spreadsheet
freehire:data-management-analyst-experian-elr5r4lm,Forecasting,Statistics / Analytics
freehire:data-management-analyst-experian-elr5r4lm,GCP,Cloud
freehire:data-management-analyst-experian-elr5r4lm,Machine Learning,Machine Learning
freehire:data-management-analyst-experian-elr5r4lm,Power BI,BI / Visualization
freehire:data-management-analyst-experian-elr5r4lm,Python,Programming
freehire:data-management-analyst-experian-elr5r4lm,SQL,Database / Query
freehire:data-management-analyst-experian-elr5r4lm,Spark,Data Engineering
freehire:data-management-analyst-experian-elr5r4lm,Statistics,Statistics / Analytics
freehire:data-management-analyst-experian-elr5r4lm,Tableau,BI / Visualization
freehire:senior-healthcare-research-and-data-analyst-clarivate-yxhhcro7,Excel,Spreadsheet
freehire:senior-healthcare-research-and-data-analyst-clarivate-yxhhcro7,Forecasting,Statistics / Analytics
freehire:senior-healthcare-research-and-data-analyst-clarivate-yxhhcro7,Power BI,BI / Visualization
freehire:senior-healthcare-research-and-data-analyst-clarivate-yxhhcro7,Python,Programming
freehire:senior-healthcare-research-and-data-analyst-clarivate-yxhhcro7,SQL,Database / Query
freehire:senior-healthcare-research-and-data-analyst-clarivate-yxhhcro7,Tableau,BI / Visualization
freehire:pricing-data-analyst-nvent-uwp2vnuu,Git,Developer Tool
freehire:pricing-data-analyst-nvent-uwp2vnuu,Python,Programming
freehire:pricing-data-analyst-nvent-uwp2vnuu,SQL,Database / Query
freehire:pricing-data-analyst-nvent-uwp2vnuu,Snowflake,Cloud / Warehouse
freehire:pricing-data-analyst-nvent-uwp2vnuu,Tableau,BI / Visualization
freehire:data-analyst-mdm-arrow-2oobrqut,SQL,Database / Query
freehire:data-analyst-mdm-arrow-2oobrqut,Statistics,Statistics / Analytics
freehire:senior-business-analyst-supply-chain-smith-nephew-afuqj5f3,AWS,Cloud
freehire:senior-business-analyst-supply-chain-smith-nephew-afuqj5f3,Snowflake,Cloud / Warehouse
freehire:insights-analyst-flutterbe-yfoi5rwh,Excel,Spreadsheet
freehire:tpm-rgm-process-bi-analyst-associate-bangalore-pwc-iieg4z75,Alteryx,Analytics Tool
freehire:tpm-rgm-process-bi-analyst-associate-bangalore-pwc-iieg4z75,Excel,Spreadsheet
freehire:tpm-rgm-process-bi-analyst-associate-bangalore-pwc-iieg4z75,Power BI,BI / Visualization
freehire:tpm-rgm-process-bi-analyst-associate-bangalore-pwc-iieg4z75,Python,Programming
freehire:tpm-rgm-process-bi-analyst-associate-bangalore-pwc-iieg4z75,SAP,Enterprise Tool
freehire:tpm-rgm-process-bi-analyst-associate-bangalore-pwc-iieg4z75,SQL,Database / Query
freehire:tpm-rgm-process-bi-analyst-associate-bangalore-pwc-iieg4z75,Tableau,BI / Visualization
freehire:hris-reporting-analyst-veradigm-ircm3h4q,Excel,Spreadsheet
freehire:hris-reporting-analyst-veradigm-ircm3h4q,Power BI,BI / Visualization
freehire:hris-reporting-analyst-veradigm-ircm3h4q,Power Query,BI / Visualization
freehire:associate-data-analyst-data-chapter-dbs-xaq7qyko,Excel,Spreadsheet
freehire:associate-data-analyst-data-chapter-dbs-xaq7qyko,Jira,Collaboration Tool
freehire:associate-data-analyst-data-chapter-dbs-xaq7qyko,Machine Learning,Machine Learning
freehire:associate-data-analyst-data-chapter-dbs-xaq7qyko,Power Query,BI / Visualization
freehire:associate-data-analyst-data-chapter-dbs-xaq7qyko,SQL,Database / Query
freehire:associate-data-analyst-data-chapter-dbs-xaq7qyko,Spark,Data Engineering
freehire:associate-data-analyst-data-chapter-dbs-xaq7qyko,Statistics,Statistics / Analytics
freehire:tpm-rgm-process-bi-analyst-experienced-associate-pwc-gmtk6cew,Alteryx,Analytics Tool
freehire:tpm-rgm-process-bi-analyst-experienced-associate-pwc-gmtk6cew,Excel,Spreadsheet
freehire:tpm-rgm-process-bi-analyst-experienced-associate-pwc-gmtk6cew,Power BI,BI / Visualization
freehire:tpm-rgm-process-bi-analyst-experienced-associate-pwc-gmtk6cew,Python,Programming
freehire:tpm-rgm-process-bi-analyst-experienced-associate-pwc-gmtk6cew,SAP,Enterprise Tool
freehire:tpm-rgm-process-bi-analyst-experienced-associate-pwc-gmtk6cew,SQL,Database / Query
freehire:tpm-rgm-process-bi-analyst-experienced-associate-pwc-gmtk6cew,Tableau,BI / Visualization
freehire:business-data-analyst-netapp-lxqicfwq,Data Modeling,Data Engineering
freehire:business-data-analyst-netapp-lxqicfwq,ELT,Data Engineering
freehire:business-data-analyst-netapp-lxqicfwq,ETL,Data Engineering
freehire:business-data-analyst-netapp-lxqicfwq,Machine Learning,Machine Learning
freehire:business-data-analyst-netapp-lxqicfwq,Power BI,BI / Visualization
freehire:business-data-analyst-netapp-lxqicfwq,Power Query,BI / Visualization
freehire:business-data-analyst-netapp-lxqicfwq,Python,Programming
freehire:business-data-analyst-netapp-lxqicfwq,SQL,Database / Query
freehire:business-data-analyst-netapp-lxqicfwq,Snowflake,Cloud / Warehouse
freehire:analyst-4-data-analytics-senior-hr-data-analyst-8-years-sql-data-visualization-analytics-tableau-power-bi-western-digital-pnp5lje2,Data Modeling,Data Engineering
freehire:analyst-4-data-analytics-senior-hr-data-analyst-8-years-sql-data-visualization-analytics-tableau-power-bi-western-digital-pnp5lje2,Excel,Spreadsheet
freehire:analyst-4-data-analytics-senior-hr-data-analyst-8-years-sql-data-visualization-analytics-tableau-power-bi-western-digital-pnp5lje2,Machine Learning,Machine Learning
freehire:analyst-4-data-analytics-senior-hr-data-analyst-8-years-sql-data-visualization-analytics-tableau-power-bi-western-digital-pnp5lje2,Power BI,BI / Visualization
freehire:analyst-4-data-analytics-senior-hr-data-analyst-8-years-sql-data-visualization-analytics-tableau-power-bi-western-digital-pnp5lje2,Python,Programming
freehire:analyst-4-data-analytics-senior-hr-data-analyst-8-years-sql-data-visualization-analytics-tableau-power-bi-western-digital-pnp5lje2,SQL,Database / Query
freehire:analyst-4-data-analytics-senior-hr-data-analyst-8-years-sql-data-visualization-analytics-tableau-power-bi-western-digital-pnp5lje2,Statistics,Statistics / Analytics
freehire:analyst-4-data-analytics-senior-hr-data-analyst-8-years-sql-data-visualization-analytics-tableau-power-bi-western-digital-pnp5lje2,Tableau,BI / Visualization
freehire:sap-sd-pricing-conditions-business-analyst-sap-ecc-emagine-polska-x7cudibq,SAP,Enterprise Tool
freehire:nostro-risk-reporting-business-analyst-capco-nonom6nz,Jira,Collaboration Tool
freehire:nostro-risk-reporting-business-analyst-capco-nonom6nz,SQL,Database / Query
freehire:business-analyst-benchmark-it-solutions-p24xm4t7,Jira,Collaboration Tool
freehire:business-analyst-benchmark-it-solutions-p24xm4t7,SQL,Database / Query
freehire:senior-data-analyst-business-analyst-power-bi-power-platform-for-leads-activities-bosch-group-rsundayt,Azure,Cloud
freehire:senior-data-analyst-business-analyst-power-bi-power-platform-for-leads-activities-bosch-group-rsundayt,DAX,BI / Visualization
freehire:senior-data-analyst-business-analyst-power-bi-power-platform-for-leads-activities-bosch-group-rsundayt,Data Modeling,Data Engineering
freehire:senior-data-analyst-business-analyst-power-bi-power-platform-for-leads-activities-bosch-group-rsundayt,Data Warehousing,Data Engineering
freehire:senior-data-analyst-business-analyst-power-bi-power-platform-for-leads-activities-bosch-group-rsundayt,ETL,Data Engineering
freehire:senior-data-analyst-business-analyst-power-bi-power-platform-for-leads-activities-bosch-group-rsundayt,Power BI,BI / Visualization
freehire:senior-data-analyst-business-analyst-power-bi-power-platform-for-leads-activities-bosch-group-rsundayt,Power Query,BI / Visualization
freehire:senior-data-analyst-business-analyst-power-bi-power-platform-for-leads-activities-bosch-group-rsundayt,Python,Programming
freehire:senior-data-analyst-business-analyst-power-bi-power-platform-for-leads-activities-bosch-group-rsundayt,SQL,Database / Query
freehire:avp-loaniq-business-analyst-mufgub-xwohddi3,Excel,Spreadsheet
freehire:avp-loaniq-business-analyst-mufgub-xwohddi3,Jira,Collaboration Tool
freehire:yardi-business-analyst-cushman-wakefield-7ivupsxa,Excel,Spreadsheet
freehire:yardi-business-analyst-cushman-wakefield-7ivupsxa,Jira,Collaboration Tool
freehire:yardi-business-analyst-cushman-wakefield-7ivupsxa,Power BI,BI / Visualization
freehire:yardi-business-analyst-cushman-wakefield-7ivupsxa,SQL,Database / Query
freehire:yardi-business-analyst-cushman-wakefield-7ivupsxa,Tableau,BI / Visualization
freehire:sr-product-analyst-miq-zwajfkv2,A/B Testing,Statistics / Analytics
freehire:sr-product-analyst-miq-zwajfkv2,AWS,Cloud
freehire:sr-product-analyst-miq-zwajfkv2,Databricks,Data Engineering
freehire:sr-product-analyst-miq-zwajfkv2,Python,Programming
freehire:sr-product-analyst-miq-zwajfkv2,Spark,Data Engineering
freehire:sr-product-analyst-miq-zwajfkv2,Statistics,Statistics / Analytics
freehire:business-analyst-i-automation-reporting-and-tech-sciences-arts-amazon-c6zabmjc,Data Warehousing,Data Engineering
freehire:business-analyst-i-automation-reporting-and-tech-sciences-arts-amazon-c6zabmjc,Excel,Spreadsheet
freehire:business-analyst-i-automation-reporting-and-tech-sciences-arts-amazon-c6zabmjc,SQL,Database / Query
freehire:business-analyst-i-automation-reporting-and-tech-sciences-arts-amazon-c6zabmjc,Tableau,BI / Visualization
freehire:data-analyst-dxc-technology-3wyzduom,AWS,Cloud
freehire:data-analyst-dxc-technology-3wyzduom,Azure,Cloud
freehire:data-analyst-dxc-technology-3wyzduom,Jira,Collaboration Tool
freehire:data-analyst-dxc-technology-3wyzduom,SQL,Database / Query
freehire:business-analyst-barclays-kivwkxvp,Excel,Spreadsheet
freehire:business-analyst-barclays-kivwkxvp,Jira,Collaboration Tool
freehire:senior-data-analyst-barclays-4cpi326n,Excel,Spreadsheet
freehire:senior-data-analyst-barclays-4cpi326n,Jira,Collaboration Tool
freehire:senior-data-analyst-barclays-4cpi326n,Power BI,BI / Visualization
freehire:senior-master-data-analyst-scm-hitachi-energy-ufnmrref,Data Warehousing,Data Engineering
freehire:senior-master-data-analyst-scm-hitachi-energy-ufnmrref,Power BI,BI / Visualization
freehire:senior-master-data-analyst-scm-hitachi-energy-ufnmrref,SAP,Enterprise Tool
freehire:senior-master-data-analyst-scm-hitachi-energy-ufnmrref,SQL,Database / Query
freehire:senior-master-data-analyst-scm-hitachi-energy-ufnmrref,SQL Server,Database / Query
freehire:senior-data-analyst-ameriprise-financial-nfiegpoc,AWS,Cloud
freehire:senior-data-analyst-ameriprise-financial-nfiegpoc,Excel,Spreadsheet
freehire:senior-data-analyst-ameriprise-financial-nfiegpoc,Power BI,BI / Visualization
freehire:senior-data-analyst-ameriprise-financial-nfiegpoc,Python,Programming
freehire:senior-data-analyst-ameriprise-financial-nfiegpoc,SQL,Database / Query
freehire:team-lead-vermilion-reporting-analyst-ameriprise-financial-4sh56tax,AWS,Cloud
freehire:team-lead-vermilion-reporting-analyst-ameriprise-financial-4sh56tax,Data Modeling,Data Engineering
freehire:team-lead-vermilion-reporting-analyst-ameriprise-financial-4sh56tax,Power BI,BI / Visualization
freehire:team-lead-vermilion-reporting-analyst-ameriprise-financial-4sh56tax,SQL,Database / Query
freehire:business-analyst-egon-zehnder-fao3aa46,Azure,Cloud
freehire:revenue-analyst-hilton-bengaluru-embassy-manyata-business-park-hilton-xairi26y,Excel,Spreadsheet
freehire:data-analyst-flare-capital-partners-rieshyzr,Excel,Spreadsheet
freehire:data-analyst-flare-capital-partners-rieshyzr,Forecasting,Statistics / Analytics
freehire:data-analyst-flare-capital-partners-rieshyzr,Looker,BI / Visualization
freehire:data-analyst-flare-capital-partners-rieshyzr,Power BI,BI / Visualization
freehire:data-analyst-flare-capital-partners-rieshyzr,Python,Programming
freehire:data-analyst-flare-capital-partners-rieshyzr,SQL,Database / Query
freehire:data-analyst-flare-capital-partners-rieshyzr,Statistics,Statistics / Analytics
freehire:data-analyst-flare-capital-partners-rieshyzr,Tableau,BI / Visualization
freehire:associate-business-analyst-esyasoft-orzwnuq5,Azure,Cloud
freehire:associate-business-analyst-esyasoft-orzwnuq5,Excel,Spreadsheet
freehire:associate-business-analyst-esyasoft-orzwnuq5,Forecasting,Statistics / Analytics
freehire:associate-business-analyst-esyasoft-orzwnuq5,Jira,Collaboration Tool
freehire:associate-business-analyst-esyasoft-orzwnuq5,Power BI,BI / Visualization
freehire:associate-business-analyst-esyasoft-orzwnuq5,SQL,Database / Query
freehire:associate-business-analyst-esyasoft-orzwnuq5,SQL Server,Database / Query
freehire:data-analyst-nucleusteq-fvzwkgbp,SQL,Database / Query
freehire:commercial-performance-analyst-juniper-travelwings-3ygyznpu,Excel,Spreadsheet
freehire:senior-business-analyst-consilio-llc-s2s23pmz,Excel,Spreadsheet
freehire:senior-business-analyst-consilio-llc-s2s23pmz,Jira,Collaboration Tool
freehire:senior-business-analyst-consilio-llc-s2s23pmz,Power BI,BI / Visualization
freehire:senior-business-analyst-consilio-llc-s2s23pmz,SQL,Database / Query
freehire:group-tax-reporting-analyst-systra-4srcev5m,Excel,Spreadsheet
freehire:group-tax-reporting-analyst-systra-4srcev5m,SAP,Enterprise Tool
freehire:data-insights-and-business-intelligence-bi-visualization-analyst-state-street-lrsxv6w3,Excel,Spreadsheet
freehire:data-insights-and-business-intelligence-bi-visualization-analyst-state-street-lrsxv6w3,Python,Programming
freehire:data-insights-and-business-intelligence-bi-visualization-analyst-state-street-lrsxv6w3,Regression,Statistics / Analytics
freehire:data-insights-and-business-intelligence-bi-visualization-analyst-state-street-lrsxv6w3,SAS,Statistics / Analytics
freehire:data-insights-and-business-intelligence-bi-visualization-analyst-state-street-lrsxv6w3,Statistics,Statistics / Analytics
freehire:data-insights-and-business-intelligence-bi-visualization-analyst-state-street-lrsxv6w3,Tableau,BI / Visualization
freehire:advanced-analytics-senior-analyst-cba-fmifco7j,Machine Learning,Machine Learning
freehire:advanced-analytics-senior-analyst-cba-fmifco7j,Power BI,BI / Visualization
freehire:advanced-analytics-senior-analyst-cba-fmifco7j,SQL,Database / Query
freehire:advanced-analytics-senior-analyst-cba-fmifco7j,Statistics,Statistics / Analytics
freehire:advanced-analytics-senior-analyst-cba-fmifco7j,Tableau,BI / Visualization
freehire:lead-data-analyst-u-s-bank-2b7ha7cw,Excel,Spreadsheet
freehire:business-analytics-analyst-cigna-group-owm2ylqf,Excel,Spreadsheet
freehire:quant-analytics-analyst-jp-morgan-chase-jncaeyzi,Databricks,Data Engineering
freehire:quant-analytics-analyst-jp-morgan-chase-jncaeyzi,Excel,Spreadsheet
freehire:quant-analytics-analyst-jp-morgan-chase-jncaeyzi,Python,Programming
freehire:quant-analytics-analyst-jp-morgan-chase-jncaeyzi,SQL,Database / Query
freehire:business-analyst-amazon-pharmacy-amazon-tlaow4o6,Forecasting,Statistics / Analytics
freehire:quant-analytics-analyst-jpmorganchase-ejj5kl4g,Databricks,Data Engineering
freehire:quant-analytics-analyst-jpmorganchase-ejj5kl4g,Excel,Spreadsheet
freehire:quant-analytics-analyst-jpmorganchase-ejj5kl4g,Python,Programming
freehire:quant-analytics-analyst-jpmorganchase-ejj5kl4g,SQL,Database / Query
freehire:lead-analyst-process-analytics-f-a-4c-genpact-aa5xpobh,Statistics,Statistics / Analytics
freehire:pmg-reporting-analyst-abglobal-pxwrjv2g,Excel,Spreadsheet
freehire:senior-it-business-analyst-edi-ocr-medtronic-uadshhez,SAP,Enterprise Tool
freehire:sr-analyst-business-intelligence-medline-exfzy3u4,Alteryx,Analytics Tool
freehire:sr-analyst-business-intelligence-medline-exfzy3u4,Azure,Cloud
freehire:sr-analyst-business-intelligence-medline-exfzy3u4,Data Modeling,Data Engineering
freehire:sr-analyst-business-intelligence-medline-exfzy3u4,Data Warehousing,Data Engineering
freehire:sr-analyst-business-intelligence-medline-exfzy3u4,ETL,Data Engineering
freehire:sr-analyst-business-intelligence-medline-exfzy3u4,Power BI,BI / Visualization
freehire:sr-analyst-business-intelligence-medline-exfzy3u4,Python,Programming
freehire:sr-analyst-business-intelligence-medline-exfzy3u4,SAP,Enterprise Tool
freehire:sr-analyst-business-intelligence-medline-exfzy3u4,SQL,Database / Query
freehire:sr-analyst-business-intelligence-medline-exfzy3u4,SSIS,Data Engineering
freehire:sr-analyst-business-intelligence-medline-exfzy3u4,Tableau,BI / Visualization
freehire:digital-product-analyst-millerknoll-7h753itu,Jira,Collaboration Tool
freehire:digital-product-analyst-millerknoll-7h753itu,Statistics,Statistics / Analytics
freehire:pricing-analyst-badger-infrastructure-solutions-xjymgmg4,Forecasting,Statistics / Analytics
freehire:pricing-analyst-badger-infrastructure-solutions-xjymgmg4,Statistics,Statistics / Analytics
freehire:advanced-analytics-analyst-cba-vuo7baj2,Machine Learning,Machine Learning
freehire:advanced-analytics-analyst-cba-vuo7baj2,Power BI,BI / Visualization
freehire:advanced-analytics-analyst-cba-vuo7baj2,SQL,Database / Query
freehire:advanced-analytics-analyst-cba-vuo7baj2,Tableau,BI / Visualization
freehire:rpa-business-analyst-valenta-nyiuwfdw,Excel,Spreadsheet
freehire:rpa-business-analyst-valenta-nyiuwfdw,Jira,Collaboration Tool
freehire:data-analyst-celonis-micron-technology-j6swflss,Power BI,BI / Visualization
freehire:data-analyst-celonis-micron-technology-j6swflss,Snowflake,Cloud / Warehouse
freehire:data-analyst-celonis-micron-technology-j6swflss,Tableau,BI / Visualization
freehire:business-data-analyst-capco-pk4bisch,Pandas,Programming
freehire:business-data-analyst-capco-pk4bisch,Power BI,BI / Visualization
freehire:business-data-analyst-capco-pk4bisch,Python,Programming
freehire:business-data-analyst-capco-pk4bisch,SQL,Database / Query
freehire:senior-finance-data-analyst-informagroupplc-avjzcrwn,Alteryx,Analytics Tool
freehire:senior-finance-data-analyst-informagroupplc-avjzcrwn,DAX,BI / Visualization
freehire:senior-finance-data-analyst-informagroupplc-avjzcrwn,Data Modeling,Data Engineering
freehire:senior-finance-data-analyst-informagroupplc-avjzcrwn,Excel,Spreadsheet
freehire:senior-finance-data-analyst-informagroupplc-avjzcrwn,Forecasting,Statistics / Analytics
freehire:senior-finance-data-analyst-informagroupplc-avjzcrwn,Jira,Collaboration Tool
freehire:senior-finance-data-analyst-informagroupplc-avjzcrwn,Power BI,BI / Visualization
freehire:senior-finance-data-analyst-informagroupplc-avjzcrwn,Power Query,BI / Visualization
freehire:senior-finance-data-analyst-informagroupplc-avjzcrwn,SQL,Database / Query
freehire:business-analyst-network-transformation-pune-vois-vodafone-rgxjur4n,Power BI,BI / Visualization
freehire:senior-business-analyst-godaddy-fsvyo25i,Excel,Spreadsheet
freehire:senior-business-analyst-godaddy-fsvyo25i,Forecasting,Statistics / Analytics
freehire:senior-business-analyst-godaddy-fsvyo25i,Python,Programming
freehire:senior-business-analyst-godaddy-fsvyo25i,SQL,Database / Query
freehire:senior-it-business-analyst-itil-medtronic-2dmne4xv,A/B Testing,Statistics / Analytics
freehire:power-bi-analyst-developer-agilent-sec5tigy,Azure,Cloud
freehire:power-bi-analyst-developer-agilent-sec5tigy,DAX,BI / Visualization
freehire:power-bi-analyst-developer-agilent-sec5tigy,Data Modeling,Data Engineering
freehire:power-bi-analyst-developer-agilent-sec5tigy,Excel,Spreadsheet
freehire:power-bi-analyst-developer-agilent-sec5tigy,Forecasting,Statistics / Analytics
freehire:power-bi-analyst-developer-agilent-sec5tigy,Power BI,BI / Visualization
freehire:power-bi-analyst-developer-agilent-sec5tigy,Power Query,BI / Visualization
freehire:power-bi-analyst-developer-agilent-sec5tigy,SAP,Enterprise Tool
freehire:power-bi-analyst-developer-agilent-sec5tigy,SQL,Database / Query
freehire:power-bi-analyst-developer-agilent-sec5tigy,Snowflake,Cloud / Warehouse
freehire:power-bi-analyst-developer-agilent-sec5tigy,Tableau,BI / Visualization
freehire:business-analyst-ii-gfs-ppt-amazon-m344wq7q,Excel,Spreadsheet
freehire:business-analyst-ii-gfs-ppt-amazon-m344wq7q,Forecasting,Statistics / Analytics
freehire:business-analyst-ii-gfs-ppt-amazon-m344wq7q,Tableau,BI / Visualization
freehire:business-analyst-barclays-jj7rnqcp,Excel,Spreadsheet
freehire:business-analyst-barclays-jj7rnqcp,Jira,Collaboration Tool
freehire:data-analyst-solenis-33lkyokx,Alteryx,Analytics Tool
freehire:data-analyst-solenis-33lkyokx,Excel,Spreadsheet
freehire:data-analyst-solenis-33lkyokx,Forecasting,Statistics / Analytics
freehire:data-analyst-solenis-33lkyokx,Machine Learning,Machine Learning
freehire:data-analyst-solenis-33lkyokx,Power BI,BI / Visualization
freehire:data-analyst-solenis-33lkyokx,Python,Programming
freehire:data-analyst-solenis-33lkyokx,SQL,Database / Query
freehire:data-analyst-solenis-33lkyokx,Snowflake,Cloud / Warehouse
freehire:business-analyst-zageno-dw36roon,Machine Learning,Machine Learning
freehire:business-analyst-zageno-dw36roon,Python,Programming
freehire:business-analyst-zageno-dw36roon,SQL,Database / Query
freehire:business-analyst-zageno-dw36roon,Statistics,Statistics / Analytics
freehire:data-analyst-trinet-azkhyb5l,Excel,Spreadsheet
freehire:data-analyst-trinet-azkhyb5l,Power BI,BI / Visualization
freehire:data-analyst-trinet-azkhyb5l,Statistics,Statistics / Analytics
freehire:data-analyst-trinet-azkhyb5l,Tableau,BI / Visualization
freehire:manufacturing-business-analyst-howmet-aerospace-t3fgbywj,Excel,Spreadsheet
freehire:manufacturing-business-analyst-howmet-aerospace-t3fgbywj,Power BI,BI / Visualization
freehire:manufacturing-business-analyst-howmet-aerospace-t3fgbywj,SAP,Enterprise Tool
freehire:manufacturing-business-analyst-howmet-aerospace-t3fgbywj,Statistics,Statistics / Analytics
freehire:data-analyst-senior-data-analyst-dynata-xc4eo6sy,Excel,Spreadsheet
freehire:data-analyst-senior-data-analyst-dynata-xc4eo6sy,SPSS,Statistics / Analytics
freehire:sr-data-analyst-4b-genpact-l5p36aac,Azure,Cloud
freehire:sr-data-analyst-4b-genpact-l5p36aac,Databricks,Data Engineering
freehire:sr-data-analyst-4b-genpact-l5p36aac,ETL,Data Engineering
freehire:sr-data-analyst-4b-genpact-l5p36aac,Oracle,Database / Query
freehire:sr-data-analyst-4b-genpact-l5p36aac,SQL,Database / Query
freehire:sr-data-analyst-4b-genpact-l5p36aac,Spark,Data Engineering
freehire:sr-data-analyst-4b-genpact-l5p36aac,Statistics,Statistics / Analytics
freehire:kinaxis-maestro-business-analyst-global-supply-chain-transformation-thermo-fisher-scientific-44xkntxi,Jira,Collaboration Tool
freehire:kinaxis-maestro-business-analyst-global-supply-chain-transformation-thermo-fisher-scientific-44xkntxi,SAP,Enterprise Tool
freehire:kinaxis-maestro-business-analyst-global-supply-chain-transformation-thermo-fisher-scientific-44xkntxi,SQL,Database / Query
freehire:analyst-process-analytics-s-m-5b-genpact-ys7ckiac,Forecasting,Statistics / Analytics
freehire:analyst-process-analytics-s-m-5b-genpact-ys7ckiac,Statistics,Statistics / Analytics
freehire:sr-business-analyst-rezo-ai-r54nownw,SQL,Database / Query
freehire:analyst-process-analytics-fcrm-5b-genpact-it44yl3i,Excel,Spreadsheet
freehire:analyst-process-analytics-fcrm-5b-genpact-it44yl3i,Statistics,Statistics / Analytics
freehire:data-analyst-3-amadeus-3qygwcgx,Azure,Cloud
freehire:data-analyst-3-amadeus-3qygwcgx,Databricks,Data Engineering
freehire:data-analyst-3-amadeus-3qygwcgx,Hadoop,Data Engineering
freehire:data-analyst-3-amadeus-3qygwcgx,Power BI,BI / Visualization
freehire:data-analyst-3-amadeus-3qygwcgx,Python,Programming
freehire:data-analyst-3-amadeus-3qygwcgx,Qlik,BI / Visualization
freehire:data-analyst-3-amadeus-3qygwcgx,SQL,Database / Query
freehire:data-analyst-3-amadeus-3qygwcgx,Snowflake,Cloud / Warehouse
freehire:data-analyst-3-amadeus-3qygwcgx,Spark,Data Engineering
freehire:data-analyst-3-amadeus-3qygwcgx,Tableau,BI / Visualization
freehire:business-analyst-business-analysis-india-photon-5ppajwrd,SQL,Database / Query
freehire:business-analyst-india-supply-chain-in-supply-chain-analytics-and-automation-amazon-5nwe5ocn,ETL,Data Engineering
freehire:business-analyst-india-supply-chain-in-supply-chain-analytics-and-automation-amazon-5nwe5ocn,Python,Programming
freehire:business-analyst-india-supply-chain-in-supply-chain-analytics-and-automation-amazon-5nwe5ocn,SQL,Database / Query
freehire:business-analyst-india-supply-chain-in-supply-chain-analytics-and-automation-amazon-5nwe5ocn,Tableau,BI / Visualization
freehire:product-analyst-operations-reference-data-avp-db-juk4jzlq,Excel,Spreadsheet
freehire:senior-technology-recharges-business-analyst-dentsu-fgx223b7,Forecasting,Statistics / Analytics
freehire:prin-it-business-analyst-sap-ibp-mdtkangaroo-uj66jg7b,Forecasting,Statistics / Analytics
freehire:prin-it-business-analyst-sap-ibp-mdtkangaroo-uj66jg7b,Regression,Statistics / Analytics
freehire:prin-it-business-analyst-sap-ibp-mdtkangaroo-uj66jg7b,SAP,Enterprise Tool
freehire:data-analyst-guidehouse-ifne7asy,ETL,Data Engineering
freehire:data-analyst-guidehouse-ifne7asy,Excel,Spreadsheet
freehire:data-analyst-guidehouse-ifne7asy,Python,Programming
freehire:data-analyst-guidehouse-ifne7asy,SQL,Database / Query
freehire:data-analyst-guidehouse-ifne7asy,Statistics,Statistics / Analytics
freehire:business-analyst-regnology-ais43fjs,Data Modeling,Data Engineering
freehire:business-analyst-regnology-ais43fjs,Excel,Spreadsheet
freehire:business-analyst-regnology-ais43fjs,Jira,Collaboration Tool
freehire:business-analyst-regnology-ais43fjs,Regression,Statistics / Analytics
freehire:business-analyst-regnology-ais43fjs,SQL,Database / Query
freehire:data-analyst-india-jumpcloud-ggajtsqg,A/B Testing,Statistics / Analytics
freehire:data-analyst-india-jumpcloud-ggajtsqg,Excel,Spreadsheet
freehire:data-analyst-india-jumpcloud-ggajtsqg,Forecasting,Statistics / Analytics
freehire:data-analyst-india-jumpcloud-ggajtsqg,Python,Programming
freehire:data-analyst-india-jumpcloud-ggajtsqg,SQL,Database / Query
freehire:data-analyst-india-jumpcloud-ggajtsqg,Snowflake,Cloud / Warehouse
freehire:data-analyst-india-jumpcloud-ggajtsqg,Statistics,Statistics / Analytics
freehire:data-analyst-india-jumpcloud-ggajtsqg,Tableau,BI / Visualization
freehire:business-analyst-cash-management-intraday-liquidity-capco-6sfsxnjv,Excel,Spreadsheet
freehire:business-analyst-cash-management-intraday-liquidity-capco-6sfsxnjv,SQL,Database / Query
freehire:pricing-analyst-clinical-trials-cold-chain-logistics-1260175-ocasa-rcsjh2op,Excel,Spreadsheet
freehire:senior-data-analyst-ameriprise-financial-lku23nkg,AWS,Cloud
freehire:senior-data-analyst-ameriprise-financial-lku23nkg,Forecasting,Statistics / Analytics
freehire:senior-data-analyst-ameriprise-financial-lku23nkg,Power BI,BI / Visualization
freehire:senior-data-analyst-ameriprise-financial-lku23nkg,Python,Programming
freehire:senior-data-analyst-ameriprise-financial-lku23nkg,SQL,Database / Query
freehire:senior-data-analyst-ameriprise-financial-lku23nkg,Snowflake,Cloud / Warehouse
freehire:senior-data-analyst-ameriprise-financial-lku23nkg,Tableau,BI / Visualization
freehire:it-business-intelligence-analyst-bst-gi-hitachi-energy-zrejbd2r,Data Warehousing,Data Engineering
freehire:senior-business-analyst-dentsu-s5whdidn,Jira,Collaboration Tool
freehire:senior-business-analyst-dentsu-s5whdidn,SAP,Enterprise Tool
freehire:data-analyst-ecolab-djvohu4q,DAX,BI / Visualization
freehire:data-analyst-ecolab-djvohu4q,Data Modeling,Data Engineering
freehire:data-analyst-ecolab-djvohu4q,Power BI,BI / Visualization
freehire:data-analyst-ecolab-djvohu4q,SAP,Enterprise Tool
freehire:data-analyst-ecolab-djvohu4q,Snowflake,Cloud / Warehouse
freehire:business-data-analyst-exl-gswmhf7r,Data Modeling,Data Engineering
freehire:business-data-analyst-exl-gswmhf7r,SQL,Database / Query
freehire:business-data-analyst-exl-gswmhf7r,Snowflake,Cloud / Warehouse
freehire:incred-business-analyst-nexthire-twr2xiv4,Power BI,BI / Visualization
freehire:incred-business-analyst-nexthire-twr2xiv4,Python,Programming
freehire:incred-business-analyst-nexthire-twr2xiv4,SQL,Database / Query
freehire:incred-business-analyst-nexthire-twr2xiv4,Statistics,Statistics / Analytics
freehire:incred-business-analyst-nexthire-twr2xiv4,Tableau,BI / Visualization
freehire:senior-business-analyst-computershare-lvfxysoi,Azure,Cloud
freehire:lead-assistant-manager-business-analyst-exl-7l3iyu6f,Jira,Collaboration Tool
freehire:sr-contract-and-revenue-analyst-cwan-jsovgfar,Excel,Spreadsheet
freehire:sr-contract-and-revenue-analyst-cwan-jsovgfar,SQL,Database / Query
freehire:engineering-division-data-quality-governance-analyst-bengaluru-goldman-sachs-g3cmb6en,Machine Learning,Machine Learning
freehire:bi-analyst-ingram-micro-f4223dnc,AWS,Cloud
freehire:bi-analyst-ingram-micro-f4223dnc,Azure,Cloud
freehire:bi-analyst-ingram-micro-f4223dnc,DAX,BI / Visualization
freehire:bi-analyst-ingram-micro-f4223dnc,Data Modeling,Data Engineering
freehire:bi-analyst-ingram-micro-f4223dnc,Excel,Spreadsheet
freehire:bi-analyst-ingram-micro-f4223dnc,Power BI,BI / Visualization
freehire:bi-analyst-ingram-micro-f4223dnc,Power Query,BI / Visualization
freehire:bi-analyst-ingram-micro-f4223dnc,SQL,Database / Query
freehire:bi-analyst-ingram-micro-f4223dnc,Statistics,Statistics / Analytics
freehire:data-analyst-power-transformer-hitachi-energy-fmdog5ag,Data Warehousing,Data Engineering
freehire:data-analyst-power-transformer-hitachi-energy-fmdog5ag,Excel,Spreadsheet
freehire:data-analyst-power-transformer-hitachi-energy-fmdog5ag,Power BI,BI / Visualization
freehire:data-analyst-power-transformer-hitachi-energy-fmdog5ag,Python,Programming
freehire:data-analyst-power-transformer-hitachi-energy-fmdog5ag,SAP,Enterprise Tool
freehire:data-analyst-power-transformer-hitachi-energy-fmdog5ag,SQL,Database / Query
freehire:data-analyst-ecolab-knsa3ie7,Excel,Spreadsheet
freehire:business-analyst-kyndryl-b4qu75mk,AWS,Cloud
freehire:business-analyst-kyndryl-b4qu75mk,Azure,Cloud
freehire:senior-analyst-risk-analytics-mufgub-oy5rwafv,Excel,Spreadsheet
freehire:senior-analyst-risk-analytics-mufgub-oy5rwafv,Python,Programming
freehire:senior-analyst-risk-analytics-mufgub-oy5rwafv,Statistics,Statistics / Analytics
freehire:lead-quantitative-analyst-new-product-development-morningstar-mdeu5f3m,Git,Developer Tool
freehire:lead-quantitative-analyst-new-product-development-morningstar-mdeu5f3m,Machine Learning,Machine Learning
freehire:lead-quantitative-analyst-new-product-development-morningstar-mdeu5f3m,Python,Programming
freehire:analyst-business-data-analyst-endava-eh7pul6z,SQL,Database / Query
freehire:analyst-business-data-analyst-endava-eh7pul6z,Snowflake,Cloud / Warehouse
freehire:lead-data-analyst-profiling-cleansing-chevron-o4ch2qyp,SAP,Enterprise Tool
freehire:business-intelligence-analyst-cummins-4j5hb7w4,DAX,BI / Visualization
freehire:business-intelligence-analyst-cummins-4j5hb7w4,Data Modeling,Data Engineering
freehire:business-intelligence-analyst-cummins-4j5hb7w4,Databricks,Data Engineering
freehire:business-intelligence-analyst-cummins-4j5hb7w4,Machine Learning,Machine Learning
freehire:business-intelligence-analyst-cummins-4j5hb7w4,Power BI,BI / Visualization
freehire:business-intelligence-analyst-cummins-4j5hb7w4,Python,Programming
freehire:business-intelligence-analyst-cummins-4j5hb7w4,SQL,Database / Query
freehire:business-intelligence-analyst-cummins-4j5hb7w4,SQL Server,Database / Query
freehire:business-intelligence-analyst-cummins-4j5hb7w4,Snowflake,Cloud / Warehouse
freehire:business-intelligence-analyst-cummins-4j5hb7w4,Statistics,Statistics / Analytics
freehire:credit-risk-analyst-middle-market-corporates-jp-morgan-chase-zedmkyh6,Excel,Spreadsheet
freehire:credit-risk-analyst-middle-market-corporates-jpmorganchase-2nfyihls,Excel,Spreadsheet
freehire:business-analyst-newperkinelmer-5ogcdz3w,Forecasting,Statistics / Analytics
freehire:business-analyst-newperkinelmer-5ogcdz3w,Power BI,BI / Visualization
freehire:in-manager-business-analyst-data-and-analytics-advisory-hyderabad-pwc-gzinunp6,Alteryx,Analytics Tool
freehire:in-manager-business-analyst-data-and-analytics-advisory-hyderabad-pwc-gzinunp6,Data Modeling,Data Engineering
freehire:in-manager-business-analyst-data-and-analytics-advisory-hyderabad-pwc-gzinunp6,Excel,Spreadsheet
freehire:in-manager-business-analyst-data-and-analytics-advisory-hyderabad-pwc-gzinunp6,Forecasting,Statistics / Analytics
freehire:in-manager-business-analyst-data-and-analytics-advisory-hyderabad-pwc-gzinunp6,Power BI,BI / Visualization
freehire:in-manager-business-analyst-data-and-analytics-advisory-hyderabad-pwc-gzinunp6,Qlik,BI / Visualization
freehire:in-manager-business-analyst-data-and-analytics-advisory-hyderabad-pwc-gzinunp6,SAP,Enterprise Tool
freehire:in-manager-business-analyst-data-and-analytics-advisory-hyderabad-pwc-gzinunp6,SQL,Database / Query
freehire:in-manager-business-analyst-data-and-analytics-advisory-hyderabad-pwc-gzinunp6,Statistics,Statistics / Analytics
freehire:in-manager-business-analyst-data-and-analytics-advisory-hyderabad-pwc-gzinunp6,Tableau,BI / Visualization
freehire:business-data-analyst-finance-or-banking-work-from-office-emagine-polska-yvrw55ul,Data Warehousing,Data Engineering
freehire:business-data-analyst-finance-or-banking-work-from-office-emagine-polska-yvrw55ul,PostgreSQL,Database / Query
freehire:business-data-analyst-finance-or-banking-work-from-office-emagine-polska-yvrw55ul,SQL,Database / Query
freehire:associate-business-analyst-scan-it-oltuuani,Excel,Spreadsheet
freehire:associate-business-analyst-scan-it-oltuuani,Jira,Collaboration Tool
freehire:associate-business-analyst-scan-it-oltuuani,Power BI,BI / Visualization
freehire:associate-business-analyst-scan-it-oltuuani,SQL,Database / Query
freehire:associate-business-analyst-scan-it-oltuuani,Tableau,BI / Visualization
freehire:senior-business-analyst-scan-it-734qzowj,Excel,Spreadsheet
freehire:senior-business-analyst-scan-it-734qzowj,Jira,Collaboration Tool
freehire:senior-business-analyst-scan-it-734qzowj,SQL,Database / Query
freehire:product-analyst-flatirons-solutions-hdyoioi2,Jira,Collaboration Tool
freehire:business-analyst-paytm-4mtpj6kf,Excel,Spreadsheet
freehire:business-analyst-paytm-4mtpj6kf,Power BI,BI / Visualization
freehire:business-analyst-paytm-4mtpj6kf,Python,Programming
freehire:business-analyst-paytm-4mtpj6kf,SQL,Database / Query
freehire:data-analyst-procurement-rews-wpp-3jbrp5i7,Data Modeling,Data Engineering
freehire:data-analyst-procurement-rews-wpp-3jbrp5i7,Excel,Spreadsheet
freehire:data-analyst-procurement-rews-wpp-3jbrp5i7,Power BI,BI / Visualization
freehire:competitive-data-eng-analyst-ebay-b7vvfjsw,Data Modeling,Data Engineering
freehire:competitive-data-eng-analyst-ebay-b7vvfjsw,Data Warehousing,Data Engineering
freehire:competitive-data-eng-analyst-ebay-b7vvfjsw,ELT,Data Engineering
freehire:competitive-data-eng-analyst-ebay-b7vvfjsw,ETL,Data Engineering
freehire:competitive-data-eng-analyst-ebay-b7vvfjsw,Python,Programming
freehire:competitive-data-eng-analyst-ebay-b7vvfjsw,SQL,Database / Query
freehire:competitive-data-eng-analyst-ebay-b7vvfjsw,Tableau,BI / Visualization
freehire:data-analyst-ecolab-wrzkia7u,Azure,Cloud
freehire:data-analyst-ecolab-wrzkia7u,Data Warehousing,Data Engineering
freehire:data-analyst-ecolab-wrzkia7u,ETL,Data Engineering
freehire:data-analyst-ecolab-wrzkia7u,Power BI,BI / Visualization
freehire:data-analyst-ecolab-wrzkia7u,Python,Programming
freehire:data-analyst-ecolab-wrzkia7u,SAP,Enterprise Tool
freehire:data-analyst-ecolab-wrzkia7u,SQL,Database / Query
freehire:data-analyst-ecolab-wrzkia7u,Snowflake,Cloud / Warehouse
freehire:analyst-process-analytics-claims-underwriting-5b-genpact-lujffgis,Excel,Spreadsheet
freehire:analyst-process-analytics-claims-underwriting-5b-genpact-lujffgis,Statistics,Statistics / Analytics
freehire:lead-product-analyst-operations-wise-ttqms67y,Airflow,Data Engineering
freehire:lead-product-analyst-operations-wise-ttqms67y,Forecasting,Statistics / Analytics
freehire:lead-product-analyst-operations-wise-ttqms67y,Git,Developer Tool
freehire:lead-product-analyst-operations-wise-ttqms67y,Looker,BI / Visualization
freehire:lead-product-analyst-operations-wise-ttqms67y,Python,Programming
freehire:lead-product-analyst-operations-wise-ttqms67y,Regression,Statistics / Analytics
freehire:lead-product-analyst-operations-wise-ttqms67y,SQL,Database / Query
freehire:lead-product-analyst-operations-wise-ttqms67y,Snowflake,Cloud / Warehouse
freehire:lead-product-analyst-operations-wise-ttqms67y,Tableau,BI / Visualization
freehire:lead-product-analyst-operations-wise-ttqms67y,dbt,Data Engineering
freehire:algotale-financial-business-analyst-nexthire-uct6ljh6,Databricks,Data Engineering
freehire:data-analyst-ubisoft2-ytfxnhzn,Databricks,Data Engineering
freehire:data-analyst-ubisoft2-ytfxnhzn,Power BI,BI / Visualization
freehire:data-analyst-ubisoft2-ytfxnhzn,Python,Programming
freehire:data-analyst-ubisoft2-ytfxnhzn,SQL,Database / Query
freehire:data-analyst-ubisoft2-ytfxnhzn,Statistics,Statistics / Analytics
freehire:data-analyst-exl-qg5bsgnv,DAX,BI / Visualization
freehire:data-analyst-exl-qg5bsgnv,Data Modeling,Data Engineering
freehire:data-analyst-exl-qg5bsgnv,Data Warehousing,Data Engineering
freehire:data-analyst-exl-qg5bsgnv,Power BI,BI / Visualization
freehire:data-analyst-exl-qg5bsgnv,Power Query,BI / Visualization
freehire:data-analyst-exl-qg5bsgnv,SQL,Database / Query
freehire:ptsi-business-intelligence-analyst-prudential-um3x5ovd,DAX,BI / Visualization
freehire:ptsi-business-intelligence-analyst-prudential-um3x5ovd,Data Modeling,Data Engineering
freehire:ptsi-business-intelligence-analyst-prudential-um3x5ovd,Excel,Spreadsheet
freehire:ptsi-business-intelligence-analyst-prudential-um3x5ovd,Power BI,BI / Visualization
freehire:ptsi-business-intelligence-analyst-prudential-um3x5ovd,Python,Programming
freehire:ptsi-business-intelligence-analyst-prudential-um3x5ovd,SQL,Database / Query
freehire:ptsi-business-intelligence-analyst-prudential-um3x5ovd,Statistics,Statistics / Analytics
freehire:principal-consultant-business-analyst-genpact-ru7vhoms,AWS,Cloud
freehire:senior-data-analyst-guidehouse-hzrj7bke,ETL,Data Engineering
freehire:senior-data-analyst-guidehouse-hzrj7bke,Excel,Spreadsheet
freehire:senior-data-analyst-guidehouse-hzrj7bke,Python,Programming
freehire:senior-data-analyst-guidehouse-hzrj7bke,SQL,Database / Query
freehire:senior-data-analyst-guidehouse-hzrj7bke,Statistics,Statistics / Analytics
freehire:bi-analyst-rockwell-automation-nsvtc3ur,Azure,Cloud
freehire:bi-analyst-rockwell-automation-nsvtc3ur,DAX,BI / Visualization
freehire:bi-analyst-rockwell-automation-nsvtc3ur,Data Modeling,Data Engineering
freehire:bi-analyst-rockwell-automation-nsvtc3ur,Data Warehousing,Data Engineering
freehire:bi-analyst-rockwell-automation-nsvtc3ur,ETL,Data Engineering
freehire:bi-analyst-rockwell-automation-nsvtc3ur,Forecasting,Statistics / Analytics
freehire:bi-analyst-rockwell-automation-nsvtc3ur,Power BI,BI / Visualization
freehire:bi-analyst-rockwell-automation-nsvtc3ur,Power Query,BI / Visualization
freehire:bi-analyst-rockwell-automation-nsvtc3ur,SQL,Database / Query
freehire:bi-analyst-rockwell-automation-nsvtc3ur,SQL Server,Database / Query
freehire:business-analyst-oms-anchanto-suxziv26,AWS,Cloud
freehire:business-analyst-oms-anchanto-suxziv26,Azure,Cloud
freehire:business-analyst-oms-anchanto-suxziv26,GCP,Cloud
freehire:business-analyst-oms-anchanto-suxziv26,Jira,Collaboration Tool
freehire:business-analyst-oms-anchanto-suxziv26,Tableau,BI / Visualization
freehire:product-analyst-iii-mri-software-zf74zrma,DAX,BI / Visualization
freehire:product-analyst-iii-mri-software-zf74zrma,Data Modeling,Data Engineering
freehire:product-analyst-iii-mri-software-zf74zrma,Excel,Spreadsheet
freehire:product-analyst-iii-mri-software-zf74zrma,Git,Developer Tool
freehire:product-analyst-iii-mri-software-zf74zrma,Jira,Collaboration Tool
freehire:product-analyst-iii-mri-software-zf74zrma,Power BI,BI / Visualization
freehire:product-analyst-iii-mri-software-zf74zrma,Python,Programming
freehire:product-analyst-iii-mri-software-zf74zrma,SQL,Database / Query
freehire:product-analyst-iii-mri-software-zf74zrma,SQL Server,Database / Query
freehire:p2b-data-analyst-principal-cummins-23s4qe46,ETL,Data Engineering
freehire:p2b-data-analyst-principal-cummins-23s4qe46,SAP,Enterprise Tool
freehire:p2b-data-analyst-principal-cummins-23s4qe46,SQL,Database / Query
freehire:lead-data-analyst-cloud-finops-dowjones-o5py46o4,AWS,Cloud
freehire:lead-data-analyst-cloud-finops-dowjones-o5py46o4,Data Warehousing,Data Engineering
freehire:lead-data-analyst-cloud-finops-dowjones-o5py46o4,ETL,Data Engineering
freehire:lead-data-analyst-cloud-finops-dowjones-o5py46o4,Python,Programming
freehire:lead-data-analyst-cloud-finops-dowjones-o5py46o4,SQL,Database / Query
freehire:sr-data-analyst-4b-genpact-5vyk3yom,Azure,Cloud
freehire:sr-data-analyst-4b-genpact-5vyk3yom,Databricks,Data Engineering
freehire:sr-data-analyst-4b-genpact-5vyk3yom,Forecasting,Statistics / Analytics
freehire:sr-data-analyst-4b-genpact-5vyk3yom,Oracle,Database / Query
freehire:sr-data-analyst-4b-genpact-5vyk3yom,Spark,Data Engineering
freehire:sr-data-analyst-4b-genpact-5vyk3yom,Statistics,Statistics / Analytics
freehire:product-analyst-integrichain1-lewjjgdh,Excel,Spreadsheet
freehire:product-analyst-integrichain1-lewjjgdh,Jira,Collaboration Tool
freehire:lead-data-analyst-oac-soprasteria1-a35n3oy3,Data Warehousing,Data Engineering
freehire:lead-data-analyst-oac-soprasteria1-a35n3oy3,Power BI,BI / Visualization
freehire:lead-data-analyst-oac-soprasteria1-a35n3oy3,SQL,Database / Query
freehire:lead-data-analyst-oac-soprasteria1-a35n3oy3,Tableau,BI / Visualization
freehire:data-analyst-oac-soprasteria1-wra6uui2,Data Warehousing,Data Engineering
freehire:data-analyst-oac-soprasteria1-wra6uui2,Power BI,BI / Visualization
freehire:data-analyst-oac-soprasteria1-wra6uui2,SQL,Database / Query
freehire:data-analyst-oac-soprasteria1-wra6uui2,Tableau,BI / Visualization
freehire:sr-sap-business-analyst-retail-levi-strauss-co-pnmhnynn,SAP,Enterprise Tool
freehire:technical-product-analyst-clinical-operations-johnson-johnson-nbaoushm,Azure,Cloud
freehire:technical-product-analyst-clinical-operations-johnson-johnson-nbaoushm,Excel,Spreadsheet
freehire:technical-product-analyst-clinical-operations-johnson-johnson-nbaoushm,Forecasting,Statistics / Analytics
freehire:technical-product-analyst-clinical-operations-johnson-johnson-nbaoushm,Jira,Collaboration Tool
freehire:technical-product-analyst-clinical-operations-johnson-johnson-nbaoushm,Power BI,BI / Visualization
freehire:advanced-data-analyst-honeywell-s2bse6qj,Data Modeling,Data Engineering
freehire:advanced-data-analyst-honeywell-s2bse6qj,Data Warehousing,Data Engineering
freehire:advanced-data-analyst-honeywell-s2bse6qj,Power BI,BI / Visualization
freehire:advanced-data-analyst-honeywell-s2bse6qj,SQL,Database / Query
freehire:quality-analyst-gen-ai-data-quality-welocalize-lgvm6dxu,ETL,Data Engineering
freehire:lead-analyst-quantitative-risk-analytics-4c-genpact-3uquwvne,Azure,Cloud
freehire:lead-analyst-quantitative-risk-analytics-4c-genpact-3uquwvne,Forecasting,Statistics / Analytics
freehire:lead-analyst-quantitative-risk-analytics-4c-genpact-3uquwvne,Statistics,Statistics / Analytics
freehire:sr-analyst-quantitative-risk-analytics-4a-genpact-fsbsdbpy,Azure,Cloud
freehire:sr-analyst-quantitative-risk-analytics-4a-genpact-fsbsdbpy,Forecasting,Statistics / Analytics
freehire:sr-analyst-quantitative-risk-analytics-4a-genpact-fsbsdbpy,Statistics,Statistics / Analytics
freehire:sr-analyst-quantitative-risk-analytics-4b-genpact-xcvktcvs,Azure,Cloud
freehire:sr-analyst-quantitative-risk-analytics-4b-genpact-xcvktcvs,Statistics,Statistics / Analytics
freehire:business-analyst-barclays-nwqifplh,Excel,Spreadsheet
freehire:business-analyst-barclays-nwqifplh,Jira,Collaboration Tool
freehire:business-analyst-barclays-nwqifplh,SQL,Database / Query
freehire:avp-fincrime-agile-testing-data-analyst-barclays-x2b4p7oe,AWS,Cloud
freehire:avp-fincrime-agile-testing-data-analyst-barclays-x2b4p7oe,Machine Learning,Machine Learning
freehire:avp-fincrime-agile-testing-data-analyst-barclays-x2b4p7oe,Python,Programming
freehire:avp-fincrime-agile-testing-data-analyst-barclays-x2b4p7oe,SAS,Statistics / Analytics
freehire:avp-fincrime-agile-testing-data-analyst-barclays-x2b4p7oe,SQL,Database / Query
freehire:avp-fincrime-agile-testing-data-analyst-barclays-x2b4p7oe,Statistics,Statistics / Analytics
freehire:avp-fincrime-agile-testing-data-analyst-barclays-x2b4p7oe,Tableau,BI / Visualization
freehire:sr-data-analyst-4a-genpact-amwoxdsp,Azure,Cloud
freehire:sr-data-analyst-4a-genpact-amwoxdsp,Databricks,Data Engineering
freehire:sr-data-analyst-4a-genpact-amwoxdsp,Forecasting,Statistics / Analytics
freehire:sr-data-analyst-4a-genpact-amwoxdsp,Oracle,Database / Query
freehire:sr-data-analyst-4a-genpact-amwoxdsp,Spark,Data Engineering
freehire:sr-data-analyst-4a-genpact-amwoxdsp,Statistics,Statistics / Analytics
freehire:data-analyst-5b-genpact-243ple2c,Databricks,Data Engineering
freehire:data-analyst-5b-genpact-243ple2c,Oracle,Database / Query
freehire:data-analyst-5b-genpact-243ple2c,Spark,Data Engineering
freehire:data-analyst-5b-genpact-243ple2c,Statistics,Statistics / Analytics
freehire:data-measurement-reporting-analyst-allegiance-benefit-plan-management-wrjcn6pa,Excel,Spreadsheet
freehire:data-measurement-reporting-analyst-allegiance-benefit-plan-management-wrjcn6pa,Qlik,BI / Visualization
freehire:data-measurement-reporting-analyst-allegiance-benefit-plan-management-wrjcn6pa,SQL,Database / Query
freehire:data-analyst-ad-operations-xapads-jztwmivo,Excel,Spreadsheet
freehire:data-analyst-ad-operations-xapads-jztwmivo,Machine Learning,Machine Learning
freehire:data-analyst-ad-operations-xapads-jztwmivo,Statistics,Statistics / Analytics
freehire:staff-engineer-data-migration-analyst-nagarro1-m32hpq2s,ETL,Data Engineering
freehire:staff-engineer-data-migration-analyst-nagarro1-m32hpq2s,Excel,Spreadsheet
freehire:staff-engineer-data-migration-analyst-nagarro1-m32hpq2s,Power BI,BI / Visualization
freehire:staff-engineer-data-migration-analyst-nagarro1-m32hpq2s,SQL,Database / Query
freehire:business-analyst-warehouse-operations-kushal-s-fashion-jewellery-wjjxezly,Excel,Spreadsheet
freehire:learning-analytics-analyst-fedex-nvgbjhmb,Excel,Spreadsheet
freehire:learning-analytics-analyst-fedex-nvgbjhmb,Statistics,Statistics / Analytics
freehire:learning-analytics-analyst-associate-fedex-xfad6uhy,Excel,Spreadsheet
freehire:learning-analytics-analyst-associate-fedex-xfad6uhy,Statistics,Statistics / Analytics
freehire:advanced-analytics-analyst-cba-buqwizdu,Excel,Spreadsheet
freehire:advanced-analytics-analyst-cba-buqwizdu,Python,Programming
freehire:advanced-analytics-analyst-cba-buqwizdu,Regression,Statistics / Analytics
freehire:advanced-analytics-analyst-cba-buqwizdu,SQL,Database / Query
freehire:business-analyst-i-takeda-7zzvmcae,Jira,Collaboration Tool
freehire:product-analyst-elemica-a2mfe36y,Jira,Collaboration Tool
freehire:product-analyst-elemica-a2mfe36y,SAP,Enterprise Tool
freehire:business-analyst-i-takeda-pharmaceutical-ssvuqqhn,Jira,Collaboration Tool
freehire:business-analyst-consultant-category-senior-engineer-codvo-team-pgcyt5wg,Power BI,BI / Visualization
freehire:business-analyst-consultant-category-senior-engineer-codvo-team-pgcyt5wg,SAP,Enterprise Tool
freehire:business-strategy-analyst-qure-ai-amzcnxb2,Excel,Spreadsheet
freehire:business-analyst-barclays-7uubg75u,Excel,Spreadsheet
freehire:business-analyst-barclays-7uubg75u,Jira,Collaboration Tool
freehire:oracle-fusion-it-business-analyst-averydennison-isqbtbij,Excel,Spreadsheet
freehire:oracle-fusion-it-business-analyst-averydennison-isqbtbij,SQL,Database / Query
freehire:sr-fraud-strategy-data-analyst-rippling-adoe7mjl,Python,Programming
freehire:sr-fraud-strategy-data-analyst-rippling-adoe7mjl,SQL,Database / Query
freehire:sr-fraud-strategy-data-analyst-rippling-adoe7mjl,Statistics,Statistics / Analytics
freehire:senior-data-analyst-revenue-ops-arcadia-tdl3vz62,Data Modeling,Data Engineering
freehire:senior-data-analyst-revenue-ops-arcadia-tdl3vz62,Looker,BI / Visualization
freehire:senior-data-analyst-revenue-ops-arcadia-tdl3vz62,Python,Programming
freehire:senior-data-analyst-revenue-ops-arcadia-tdl3vz62,SQL,Database / Query
freehire:senior-data-analyst-revenue-ops-arcadia-tdl3vz62,Statistics,Statistics / Analytics
freehire:senior-data-analyst-revenue-ops-arcadia-tdl3vz62,Tableau,BI / Visualization
freehire:senior-data-analyst-revenue-ops-arcadia-tdl3vz62,dbt,Data Engineering
freehire:business-analyst-netapp-tbyj4a5z,Data Modeling,Data Engineering
freehire:business-analyst-netapp-tbyj4a5z,Data Warehousing,Data Engineering
freehire:business-analyst-netapp-tbyj4a5z,Excel,Spreadsheet
freehire:business-analyst-netapp-tbyj4a5z,Power BI,BI / Visualization
freehire:business-analyst-netapp-tbyj4a5z,SQL,Database / Query
freehire:business-analyst-netapp-tbyj4a5z,Tableau,BI / Visualization
freehire:data-analyst-dataeconomy-67kedy27,Excel,Spreadsheet
freehire:data-analyst-dataeconomy-67kedy27,Power BI,BI / Visualization
freehire:data-analyst-dataeconomy-67kedy27,Python,Programming
freehire:data-analyst-dataeconomy-67kedy27,SQL,Database / Query
freehire:data-analyst-dataeconomy-67kedy27,Snowflake,Cloud / Warehouse
freehire:data-analyst-dataeconomy-67kedy27,Tableau,BI / Visualization
freehire:data-analyst-exly-f5j6hdr7,Data Modeling,Data Engineering
freehire:data-analyst-exly-f5j6hdr7,Data Warehousing,Data Engineering
freehire:data-analyst-exly-f5j6hdr7,ETL,Data Engineering
freehire:data-analyst-exly-f5j6hdr7,PostgreSQL,Database / Query
freehire:data-analyst-exly-f5j6hdr7,Python,Programming
freehire:data-analyst-exly-f5j6hdr7,SQL,Database / Query
freehire:data-analyst-exly-f5j6hdr7,Statistics,Statistics / Analytics
freehire:data-analyst-exly-f5j6hdr7,Tableau,BI / Visualization
freehire:counterparty-risk-analyst-associate-jp-morgan-chase-nqbtfiog,Alteryx,Analytics Tool
freehire:counterparty-risk-analyst-associate-jp-morgan-chase-nqbtfiog,Excel,Spreadsheet
freehire:counterparty-risk-analyst-associate-jp-morgan-chase-nqbtfiog,Python,Programming
freehire:counterparty-risk-analyst-associate-jp-morgan-chase-nqbtfiog,SQL,Database / Query
freehire:counterparty-risk-analyst-associate-jp-morgan-chase-nqbtfiog,Statistics,Statistics / Analytics
freehire:counterparty-risk-analyst-associate-jp-morgan-chase-nqbtfiog,Tableau,BI / Visualization
freehire:counterparty-risk-analyst-associate-jpmorganchase-w2t2swy7,Alteryx,Analytics Tool
freehire:counterparty-risk-analyst-associate-jpmorganchase-w2t2swy7,Excel,Spreadsheet
freehire:counterparty-risk-analyst-associate-jpmorganchase-w2t2swy7,Python,Programming
freehire:counterparty-risk-analyst-associate-jpmorganchase-w2t2swy7,SQL,Database / Query
freehire:counterparty-risk-analyst-associate-jpmorganchase-w2t2swy7,Statistics,Statistics / Analytics
freehire:counterparty-risk-analyst-associate-jpmorganchase-w2t2swy7,Tableau,BI / Visualization
freehire:senior-bi-analyst-russell-do3kw2kr,Data Modeling,Data Engineering
freehire:senior-bi-analyst-russell-do3kw2kr,Data Warehousing,Data Engineering
freehire:senior-bi-analyst-russell-do3kw2kr,ELT,Data Engineering
freehire:senior-bi-analyst-russell-do3kw2kr,ETL,Data Engineering
freehire:senior-bi-analyst-russell-do3kw2kr,Power BI,BI / Visualization
freehire:senior-bi-analyst-russell-do3kw2kr,Python,Programming
freehire:senior-bi-analyst-russell-do3kw2kr,SQL,Database / Query
freehire:senior-bi-analyst-russell-do3kw2kr,Snowflake,Cloud / Warehouse
freehire:senior-bi-analyst-russell-do3kw2kr,Statistics,Statistics / Analytics
freehire:lead-business-analyst-mufg-pension-market-services-5uyn4iog,Data Modeling,Data Engineering
freehire:data-analyst-5b-genpact-76k4d5hf,Databricks,Data Engineering
freehire:data-analyst-5b-genpact-76k4d5hf,Oracle,Database / Query
freehire:data-analyst-5b-genpact-76k4d5hf,Spark,Data Engineering
freehire:data-analyst-5b-genpact-76k4d5hf,Statistics,Statistics / Analytics
freehire:business-analyst-process-intelligence-amgen-sjydfwqp,SAP,Enterprise Tool
freehire:data-analyst-laundryheap-le6jabkv,A/B Testing,Statistics / Analytics
freehire:data-analyst-laundryheap-le6jabkv,Data Modeling,Data Engineering
freehire:data-analyst-laundryheap-le6jabkv,Excel,Spreadsheet
freehire:data-analyst-laundryheap-le6jabkv,Forecasting,Statistics / Analytics
freehire:data-analyst-laundryheap-le6jabkv,Looker,BI / Visualization
freehire:data-analyst-laundryheap-le6jabkv,Python,Programming
freehire:data-analyst-laundryheap-le6jabkv,SQL,Database / Query
freehire:data-analyst-laundryheap-le6jabkv,Tableau,BI / Visualization
freehire:business-analyst-broadridge-xvopernd,SQL,Database / Query
freehire:business-analyst-product-cost-management-genpact-v5tgv5n7,Excel,Spreadsheet
freehire:business-analyst-product-cost-management-genpact-v5tgv5n7,Statistics,Statistics / Analytics
freehire:guidewire-senior-business-analyst-policycenter-consult-pwc-h35cwwzt,Jira,Collaboration Tool
freehire:guidewire-senior-business-analyst-policycenter-consult-pwc-h35cwwzt,SQL,Database / Query
freehire:guidewire-senior-business-analyst-policycenter-consult-pwc-h35cwwzt,Statistics,Statistics / Analytics
freehire:business-analyst-4a-genpact-7vbnvalh,Excel,Spreadsheet
freehire:transfer-pricing-analyst-healthcare-rk7trlfu,Excel,Spreadsheet
freehire:senior-data-analyst-zeta-global-qjswpe4l,Excel,Spreadsheet
freehire:senior-data-analyst-zeta-global-qjswpe4l,SQL,Database / Query
freehire:senior-data-analyst-zeta-global-qjswpe4l,Statistics,Statistics / Analytics
freehire:algotale-group-netscribes-data-analyst-information-technology-nexthire-sax3rkw6,Data Modeling,Data Engineering
freehire:algotale-group-netscribes-data-analyst-information-technology-nexthire-sax3rkw6,Machine Learning,Machine Learning
freehire:algotale-group-netscribes-data-analyst-information-technology-nexthire-sax3rkw6,Power BI,BI / Visualization
freehire:algotale-group-netscribes-data-analyst-information-technology-nexthire-sax3rkw6,Python,Programming
freehire:algotale-group-netscribes-data-analyst-information-technology-nexthire-sax3rkw6,SAP,Enterprise Tool
freehire:algotale-group-netscribes-data-analyst-information-technology-nexthire-sax3rkw6,SQL,Database / Query
freehire:algotale-group-netscribes-data-analyst-information-technology-nexthire-sax3rkw6,SSIS,Data Engineering
freehire:algotale-group-netscribes-data-analyst-information-technology-nexthire-sax3rkw6,Snowflake,Cloud / Warehouse
freehire:algotale-group-netscribes-data-analyst-information-technology-nexthire-sax3rkw6,Statistics,Statistics / Analytics
freehire:algotale-group-netscribes-technical-business-analyst-nexthire-qzgejyxm,Machine Learning,Machine Learning
freehire:algotale-group-netscribes-technical-business-analyst-nexthire-qzgejyxm,SAP,Enterprise Tool
freehire:algotale-group-netscribes-technical-business-analyst-nexthire-qzgejyxm,SQL,Database / Query
freehire:algotale-group-netscribes-technical-business-analyst-nexthire-qzgejyxm,Statistics,Statistics / Analytics
freehire:sr-analyst-quantitative-risk-analytics-4b-genpact-wsp3af3z,Azure,Cloud
freehire:sr-analyst-quantitative-risk-analytics-4b-genpact-wsp3af3z,Statistics,Statistics / Analytics
freehire:senior-data-analyst-and-power-bi-expert-nextracker-hlj365r5,Excel,Spreadsheet
freehire:senior-data-analyst-and-power-bi-expert-nextracker-hlj365r5,Power BI,BI / Visualization
freehire:quant-model-risk-analyst-jp-morgan-chase-33bwddsn,Python,Programming
freehire:quant-model-risk-analyst-jp-morgan-chase-33bwddsn,Statistics,Statistics / Analytics
freehire:rm-c-reporting-automation-analytics-analyst-jp-morgan-chase-oh3ft32u,Alteryx,Analytics Tool
freehire:rm-c-reporting-automation-analytics-analyst-jp-morgan-chase-oh3ft32u,Databricks,Data Engineering
freehire:rm-c-reporting-automation-analytics-analyst-jp-morgan-chase-oh3ft32u,Excel,Spreadsheet
freehire:rm-c-reporting-automation-analytics-analyst-jp-morgan-chase-oh3ft32u,Python,Programming
freehire:rm-c-reporting-automation-analytics-analyst-jp-morgan-chase-oh3ft32u,SQL,Database / Query
freehire:rm-c-reporting-automation-analytics-analyst-jp-morgan-chase-oh3ft32u,Tableau,BI / Visualization
freehire:pricing-analyst-ii-thermo-fisher-scientific-ly5czq6u,Excel,Spreadsheet
freehire:pricing-analyst-ii-thermo-fisher-scientific-ly5czq6u,Forecasting,Statistics / Analytics
freehire:pricing-analyst-ii-thermo-fisher-scientific-ly5czq6u,Git,Developer Tool
freehire:pricing-analyst-ii-thermo-fisher-scientific-ly5czq6u,NumPy,Programming
freehire:pricing-analyst-ii-thermo-fisher-scientific-ly5czq6u,Pandas,Programming
freehire:pricing-analyst-ii-thermo-fisher-scientific-ly5czq6u,Power BI,BI / Visualization
freehire:pricing-analyst-ii-thermo-fisher-scientific-ly5czq6u,Power Query,BI / Visualization
freehire:pricing-analyst-ii-thermo-fisher-scientific-ly5czq6u,Python,Programming
freehire:pricing-analyst-ii-thermo-fisher-scientific-ly5czq6u,SAP,Enterprise Tool
freehire:pricing-analyst-ii-thermo-fisher-scientific-ly5czq6u,SQL,Database / Query
freehire:pricing-analyst-ii-thermo-fisher-scientific-ly5czq6u,SciPy,Programming
freehire:pricing-analyst-ii-thermo-fisher-scientific-ly5czq6u,Statistics,Statistics / Analytics
freehire:cib-risk-analyst-jp-morgan-chase-mkdiegrt,Alteryx,Analytics Tool
freehire:cib-risk-analyst-jp-morgan-chase-mkdiegrt,Excel,Spreadsheet
freehire:cib-risk-analyst-jp-morgan-chase-mkdiegrt,Python,Programming
freehire:cib-risk-analyst-jp-morgan-chase-mkdiegrt,Statistics,Statistics / Analytics
freehire:cib-risk-analyst-jp-morgan-chase-mkdiegrt,Tableau,BI / Visualization
freehire:quant-model-risk-analyst-jpmorganchase-ihluouj2,Python,Programming
freehire:quant-model-risk-analyst-jpmorganchase-ihluouj2,Statistics,Statistics / Analytics
freehire:rm-c-reporting-automation-analytics-analyst-jpmorganchase-pnmhgvti,Alteryx,Analytics Tool
freehire:rm-c-reporting-automation-analytics-analyst-jpmorganchase-pnmhgvti,Databricks,Data Engineering
freehire:rm-c-reporting-automation-analytics-analyst-jpmorganchase-pnmhgvti,Excel,Spreadsheet
freehire:rm-c-reporting-automation-analytics-analyst-jpmorganchase-pnmhgvti,Python,Programming
freehire:rm-c-reporting-automation-analytics-analyst-jpmorganchase-pnmhgvti,SQL,Database / Query
freehire:rm-c-reporting-automation-analytics-analyst-jpmorganchase-pnmhgvti,Tableau,BI / Visualization
freehire:cib-risk-analyst-jpmorganchase-jk2qitfm,Alteryx,Analytics Tool
freehire:cib-risk-analyst-jpmorganchase-jk2qitfm,Excel,Spreadsheet
freehire:cib-risk-analyst-jpmorganchase-jk2qitfm,Python,Programming
freehire:cib-risk-analyst-jpmorganchase-jk2qitfm,Statistics,Statistics / Analytics
freehire:cib-risk-analyst-jpmorganchase-jk2qitfm,Tableau,BI / Visualization
freehire:business-analyst-escheatment-unclaimed-property-blackbaud-glcpn4kf,Excel,Spreadsheet
freehire:data-analyst-wadhwani-ai-lt5coayk,ETL,Data Engineering
freehire:data-analyst-wadhwani-ai-lt5coayk,MySQL,Database / Query
freehire:data-analyst-wadhwani-ai-lt5coayk,Power BI,BI / Visualization
freehire:data-analyst-wadhwani-ai-lt5coayk,Python,Programming
freehire:data-analyst-wadhwani-ai-lt5coayk,Qlik,BI / Visualization
freehire:data-analyst-wadhwani-ai-lt5coayk,SQL,Database / Query
freehire:data-analyst-wadhwani-ai-lt5coayk,Statistics,Statistics / Analytics
freehire:data-analyst-wadhwani-ai-lt5coayk,Tableau,BI / Visualization
freehire:business-analyst-weblineindia-5cvijyfb,Power BI,BI / Visualization
freehire:business-analyst-weblineindia-5cvijyfb,Tableau,BI / Visualization
freehire:business-analyst-payment-gateway-travelwings-szm7rs5u,Excel,Spreadsheet
freehire:business-analyst-payment-gateway-travelwings-szm7rs5u,SQL,Database / Query
freehire:business-analyst-spectra-technovision-2qax3ffc,Jira,Collaboration Tool
freehire:revenue-mis-analyst-roshanspace-a2t7e6iw,Excel,Spreadsheet
freehire:revenue-mis-analyst-roshanspace-a2t7e6iw,Forecasting,Statistics / Analytics
freehire:data-protection-analyst-tsaaro-iaovd2bm,Power BI,BI / Visualization
freehire:data-analyst-skylink-fibernet-hdk3w5yo,Excel,Spreadsheet
freehire:data-analyst-skylink-fibernet-hdk3w5yo,Power BI,BI / Visualization
freehire:data-analyst-skylink-fibernet-hdk3w5yo,Python,Programming
freehire:data-analyst-skylink-fibernet-hdk3w5yo,SQL,Database / Query
freehire:data-analyst-skylink-fibernet-hdk3w5yo,Statistics,Statistics / Analytics
freehire:data-analyst-skylink-fibernet-hdk3w5yo,Tableau,BI / Visualization
freehire:data-analyst-iide-nimkqcrb,AWS,Cloud
freehire:data-analyst-iide-nimkqcrb,Airflow,Data Engineering
freehire:data-analyst-iide-nimkqcrb,Azure,Cloud
freehire:data-analyst-iide-nimkqcrb,BigQuery,Cloud / Warehouse
freehire:data-analyst-iide-nimkqcrb,Data Modeling,Data Engineering
freehire:data-analyst-iide-nimkqcrb,ETL,Data Engineering
freehire:data-analyst-iide-nimkqcrb,Excel,Spreadsheet
freehire:data-analyst-iide-nimkqcrb,GCP,Cloud
freehire:data-analyst-iide-nimkqcrb,Looker,BI / Visualization
freehire:data-analyst-iide-nimkqcrb,MySQL,Database / Query
freehire:data-analyst-iide-nimkqcrb,PostgreSQL,Database / Query
freehire:data-analyst-iide-nimkqcrb,Power BI,BI / Visualization
freehire:data-analyst-iide-nimkqcrb,Python,Programming
freehire:data-analyst-iide-nimkqcrb,Redshift,Cloud / Warehouse
freehire:data-analyst-iide-nimkqcrb,SQL,Database / Query
freehire:data-analyst-iide-nimkqcrb,Statistics,Statistics / Analytics
freehire:data-analyst-iide-nimkqcrb,Tableau,BI / Visualization
freehire:data-analyst-iide-nimkqcrb,dbt,Data Engineering
freehire:business-analyst-playsimple-games-ruqrelyl,A/B Testing,Statistics / Analytics
freehire:business-analyst-playsimple-games-ruqrelyl,Looker,BI / Visualization
freehire:business-analyst-playsimple-games-ruqrelyl,Power BI,BI / Visualization
freehire:business-analyst-playsimple-games-ruqrelyl,Python,Programming
freehire:business-analyst-playsimple-games-ruqrelyl,SQL,Database / Query
freehire:business-analyst-playsimple-games-ruqrelyl,Statistics,Statistics / Analytics
freehire:business-analyst-playsimple-games-ruqrelyl,Tableau,BI / Visualization
freehire:data-analyst-advanced-analytics-perceptive-analytics-foxyh4zv,Data Modeling,Data Engineering
freehire:data-analyst-advanced-analytics-perceptive-analytics-foxyh4zv,Excel,Spreadsheet
freehire:data-analyst-advanced-analytics-perceptive-analytics-foxyh4zv,Python,Programming
freehire:data-analyst-advanced-analytics-perceptive-analytics-foxyh4zv,SQL,Database / Query
freehire:business-analyst-nuagecx-consulting-iv63vnuz,Excel,Spreadsheet
freehire:business-analyst-nuagecx-consulting-iv63vnuz,Power BI,BI / Visualization
freehire:business-analyst-nuagecx-consulting-iv63vnuz,SQL,Database / Query
freehire:business-analyst-nuagecx-consulting-iv63vnuz,Tableau,BI / Visualization
freehire:data-analyst-miles-education-3xhas4q6,SQL,Database / Query
freehire:data-analyst-miles-education-3xhas4q6,Statistics,Statistics / Analytics
freehire:data-analyst-miles-education-3xhas4q6,Tableau,BI / Visualization
freehire:senior-business-analyst-yubi-couclacz,Excel,Spreadsheet
freehire:senior-business-analyst-yubi-couclacz,Jira,Collaboration Tool
freehire:senior-business-analyst-yubi-couclacz,SQL,Database / Query
freehire:senior-business-analyst-yubi-couclacz,Tableau,BI / Visualization
freehire:implementation-senior-business-analyst-yubi-lwnmsggv,Excel,Spreadsheet
freehire:implementation-senior-business-analyst-yubi-lwnmsggv,Jira,Collaboration Tool
freehire:implementation-senior-business-analyst-yubi-lwnmsggv,SQL,Database / Query
freehire:implementation-senior-business-analyst-yubi-lwnmsggv,Tableau,BI / Visualization
freehire:business-analyst-yubi-alvsrpwr,Excel,Spreadsheet
freehire:business-analyst-yubi-alvsrpwr,SQL,Database / Query
freehire:data-analyst-yubi-czdoscfa,Excel,Spreadsheet
freehire:senior-data-analyst-cheq-6de7gt4t,A/B Testing,Statistics / Analytics
freehire:senior-data-analyst-cheq-6de7gt4t,Excel,Spreadsheet
freehire:senior-data-analyst-cheq-6de7gt4t,Looker,BI / Visualization
freehire:senior-data-analyst-cheq-6de7gt4t,Power BI,BI / Visualization
freehire:senior-data-analyst-cheq-6de7gt4t,Python,Programming
freehire:senior-data-analyst-cheq-6de7gt4t,SQL,Database / Query
freehire:senior-data-analyst-cheq-6de7gt4t,Tableau,BI / Visualization
freehire:project-research-scientist-i-non-medical-senior-data-analyst-community-empowerment-lab-2tm5vixy,Machine Learning,Machine Learning
freehire:project-research-scientist-i-non-medical-senior-data-analyst-community-empowerment-lab-2tm5vixy,MySQL,Database / Query
freehire:project-research-scientist-i-non-medical-senior-data-analyst-community-empowerment-lab-2tm5vixy,Python,Programming
freehire:project-research-scientist-i-non-medical-senior-data-analyst-community-empowerment-lab-2tm5vixy,Regression,Statistics / Analytics
freehire:project-research-scientist-i-non-medical-senior-data-analyst-community-empowerment-lab-2tm5vixy,SPSS,Statistics / Analytics
freehire:project-research-scientist-i-non-medical-senior-data-analyst-community-empowerment-lab-2tm5vixy,SQL,Database / Query
freehire:project-research-scientist-i-non-medical-senior-data-analyst-community-empowerment-lab-2tm5vixy,SQL Server,Database / Query
freehire:project-research-scientist-i-non-medical-senior-data-analyst-community-empowerment-lab-2tm5vixy,Statistics,Statistics / Analytics
freehire:project-research-scientist-i-non-medical-senior-data-analyst-community-empowerment-lab-2tm5vixy,Tableau,BI / Visualization
freehire:data-analyst-community-empowerment-lab-hkx3dlk3,Python,Programming
freehire:data-analyst-community-empowerment-lab-hkx3dlk3,Regression,Statistics / Analytics
freehire:data-analyst-community-empowerment-lab-hkx3dlk3,Statistics,Statistics / Analytics
freehire:business-analyst-axis-my-india-p744qyl6,Regression,Statistics / Analytics
freehire:solar-fleet-performance-analyst-cx-team-freyr-energy-5bypfc3s,Excel,Spreadsheet
freehire:solar-fleet-performance-analyst-cx-team-freyr-energy-5bypfc3s,Power BI,BI / Visualization
freehire:solar-fleet-performance-analyst-cx-team-freyr-energy-5bypfc3s,Python,Programming
freehire:solar-fleet-performance-analyst-cx-team-freyr-energy-5bypfc3s,SQL,Database / Query
freehire:solar-fleet-performance-analyst-cx-team-freyr-energy-5bypfc3s,Tableau,BI / Visualization
freehire:business-analyst-avigna-ai-5zmjc3pf,Jira,Collaboration Tool
freehire:data-analyst-fireblaze-ai-school-v7i4x5r4,Data Modeling,Data Engineering
freehire:data-analyst-fireblaze-ai-school-v7i4x5r4,Excel,Spreadsheet
freehire:data-analyst-fireblaze-ai-school-v7i4x5r4,Machine Learning,Machine Learning
freehire:data-analyst-fireblaze-ai-school-v7i4x5r4,NumPy,Programming
freehire:data-analyst-fireblaze-ai-school-v7i4x5r4,Pandas,Programming
freehire:data-analyst-fireblaze-ai-school-v7i4x5r4,Power BI,BI / Visualization
freehire:data-analyst-fireblaze-ai-school-v7i4x5r4,Python,Programming
freehire:data-analyst-fireblaze-ai-school-v7i4x5r4,Regression,Statistics / Analytics
freehire:data-analyst-fireblaze-ai-school-v7i4x5r4,SQL,Database / Query
freehire:data-analyst-fireblaze-ai-school-v7i4x5r4,Statistics,Statistics / Analytics
freehire:performance-analyst-elevenx-capital-exc-managed-services-wv7ic6nt,Excel,Spreadsheet
freehire:performance-analyst-elevenx-capital-exc-managed-services-wv7ic6nt,Power BI,BI / Visualization
freehire:performance-analyst-elevenx-capital-exc-managed-services-wv7ic6nt,Power Query,BI / Visualization
freehire:senior-business-analyst-capital-markets-delta-capita-iwwtatr6,Jira,Collaboration Tool
freehire:pricing-analyst-vwr-kes36vu4,Excel,Spreadsheet
freehire:pricing-analyst-vwr-kes36vu4,Power BI,BI / Visualization
freehire:pricing-analyst-vwr-kes36vu4,R,Programming
freehire:pricing-analyst-vwr-kes36vu4,SAP,Enterprise Tool
freehire:pricing-analyst-vwr-kes36vu4,Tableau,BI / Visualization
freehire:lead-data-analyst-enterprise-data-analytics-us-reg-reporting-remediation-svb-u5fet76p,AWS,Cloud
freehire:lead-data-analyst-enterprise-data-analytics-us-reg-reporting-remediation-svb-u5fet76p,Azure,Cloud
freehire:lead-data-analyst-enterprise-data-analytics-us-reg-reporting-remediation-svb-u5fet76p,ETL,Data Engineering
freehire:lead-data-analyst-enterprise-data-analytics-us-reg-reporting-remediation-svb-u5fet76p,Power BI,BI / Visualization
freehire:lead-data-analyst-enterprise-data-analytics-us-reg-reporting-remediation-svb-u5fet76p,Python,Programming
freehire:lead-data-analyst-enterprise-data-analytics-us-reg-reporting-remediation-svb-u5fet76p,SQL,Database / Query
freehire:lead-data-analyst-enterprise-data-analytics-us-reg-reporting-remediation-svb-u5fet76p,SQL Server,Database / Query
freehire:lead-data-analyst-enterprise-data-analytics-us-reg-reporting-remediation-svb-u5fet76p,Snowflake,Cloud / Warehouse
freehire:lead-data-analyst-enterprise-data-analytics-us-reg-reporting-remediation-svb-u5fet76p,Tableau,BI / Visualization
freehire:data-analyst-harrison-steel-oipob6kk,Excel,Spreadsheet
freehire:data-analyst-harrison-steel-oipob6kk,SQL,Database / Query
freehire:senior-business-analyst-drinkprime-f6kmc3pr,A/B Testing,Statistics / Analytics
freehire:senior-business-analyst-drinkprime-f6kmc3pr,Excel,Spreadsheet
freehire:senior-business-analyst-drinkprime-f6kmc3pr,Looker,BI / Visualization
freehire:senior-business-analyst-drinkprime-f6kmc3pr,Power BI,BI / Visualization
freehire:senior-business-analyst-drinkprime-f6kmc3pr,SQL,Database / Query
freehire:senior-business-analyst-drinkprime-f6kmc3pr,Tableau,BI / Visualization
freehire:business-analyst-salesforce-consilio-llc-dcusjkqj,Jira,Collaboration Tool
freehire:business-analyst-salesforce-consilio-llc-dcusjkqj,SQL,Database / Query
freehire:sr-business-analyst-thermo-fisher-scientific-kjy7257t,Jira,Collaboration Tool
freehire:sr-business-analyst-thermo-fisher-scientific-kjy7257t,SQL,Database / Query
freehire:sr-associate-business-analyst-research-data-and-analytics-amgen-iprnsmkh,AWS,Cloud
freehire:sr-associate-business-analyst-research-data-and-analytics-amgen-iprnsmkh,Databricks,Data Engineering
freehire:sr-associate-business-analyst-research-data-and-analytics-amgen-iprnsmkh,Python,Programming
freehire:sr-associate-business-analyst-research-data-and-analytics-amgen-iprnsmkh,SQL,Database / Query
freehire:sr-associate-business-analyst-research-data-and-analytics-amgen-iprnsmkh,Tableau,BI / Visualization
freehire:data-surveillance-analyst-parexel-o56hkpzz,GCP,Cloud
freehire:data-surveillance-analyst-parexel-o56hkpzz,SAS,Statistics / Analytics
freehire:data-surveillance-analyst-parexel-o56hkpzz,SQL,Database / Query
freehire:data-surveillance-analyst-parexel-o56hkpzz,Statistics,Statistics / Analytics
freehire:demand-business-analyst-ecolab-2ivqpkxi,Data Warehousing,Data Engineering
freehire:demand-business-analyst-ecolab-2ivqpkxi,ETL,Data Engineering
freehire:demand-business-analyst-ecolab-2ivqpkxi,Jira,Collaboration Tool
freehire:demand-business-analyst-ecolab-2ivqpkxi,Power BI,BI / Visualization
freehire:demand-business-analyst-ecolab-2ivqpkxi,SQL,Database / Query
freehire:demand-business-analyst-ecolab-2ivqpkxi,Tableau,BI / Visualization
freehire:data-analyst-barclays-2adsglbv,Machine Learning,Machine Learning
freehire:data-analyst-barclays-2adsglbv,SQL,Database / Query
freehire:principal-business-analyst-sap-it-adani-group-kxff7bqy,SAP,Enterprise Tool
freehire:technical-business-analyst-business-systems-crm-workflow-architecture-skysun-kkc65t6n,Data Modeling,Data Engineering
freehire:technical-business-analyst-business-systems-crm-workflow-architecture-skysun-kkc65t6n,Snowflake,Cloud / Warehouse
freehire:recurring-revenue-management-it-business-analyst-logitech-sq7zwwa4,SQL,Database / Query
freehire:data-measurement-reporting-analyst-cigna-group-prtwodle,Excel,Spreadsheet
freehire:data-measurement-reporting-analyst-cigna-group-prtwodle,Qlik,BI / Visualization
freehire:data-measurement-reporting-analyst-cigna-group-prtwodle,SQL,Database / Query
freehire:rcm-reporting-analyst-modernizing-medicine-tiymtpif,Power BI,BI / Visualization
freehire:rcm-reporting-analyst-modernizing-medicine-tiymtpif,SQL,Database / Query
freehire:it-erp-product-analyst-iii-regal-rexnord-igtgijdh,SAP,Enterprise Tool
freehire:it-erp-product-analyst-iii-regal-rexnord-igtgijdh,SQL,Database / Query
freehire:senior-business-analyst-svkm-s-narsee-monjee-institute-of-management-studies-sghfmjf3,Machine Learning,Machine Learning
freehire:senior-business-analyst-svkm-s-narsee-monjee-institute-of-management-studies-sghfmjf3,Power BI,BI / Visualization
freehire:senior-business-analyst-svkm-s-narsee-monjee-institute-of-management-studies-sghfmjf3,Python,Programming
freehire:senior-business-analyst-svkm-s-narsee-monjee-institute-of-management-studies-sghfmjf3,SQL,Database / Query
freehire:senior-business-analyst-svkm-s-narsee-monjee-institute-of-management-studies-sghfmjf3,Statistics,Statistics / Analytics
freehire:senior-business-analyst-svkm-s-narsee-monjee-institute-of-management-studies-sghfmjf3,Tableau,BI / Visualization
freehire:senior-business-analyst-nmims-sgfgm3jk,Machine Learning,Machine Learning
freehire:senior-business-analyst-nmims-sgfgm3jk,Power BI,BI / Visualization
freehire:senior-business-analyst-nmims-sgfgm3jk,Python,Programming
freehire:senior-business-analyst-nmims-sgfgm3jk,SQL,Database / Query
freehire:senior-business-analyst-nmims-sgfgm3jk,Statistics,Statistics / Analytics
freehire:senior-business-analyst-nmims-sgfgm3jk,Tableau,BI / Visualization
freehire:data-operation-analyst-india-athelas-4b6hynaf,Excel,Spreadsheet
freehire:data-operation-analyst-india-athelas-4b6hynaf,Power BI,BI / Visualization
freehire:data-operation-analyst-india-athelas-4b6hynaf,SQL,Database / Query
freehire:data-operation-analyst-india-athelas-4b6hynaf,Tableau,BI / Visualization
freehire:data-analyst-soprasteria1-bktu2kd3,Data Warehousing,Data Engineering
freehire:data-analyst-soprasteria1-bktu2kd3,ETL,Data Engineering
freehire:data-analyst-soprasteria1-bktu2kd3,Oracle,Database / Query
freehire:data-analyst-soprasteria1-bktu2kd3,SQL,Database / Query
freehire:assistant-manager-data-analyst-guidehouse-kkcmbhkk,Excel,Spreadsheet
freehire:assistant-manager-data-analyst-guidehouse-kkcmbhkk,Power BI,BI / Visualization
freehire:assistant-manager-data-analyst-guidehouse-kkcmbhkk,Python,Programming
freehire:assistant-manager-data-analyst-guidehouse-kkcmbhkk,SQL,Database / Query
freehire:assistant-manager-data-analyst-guidehouse-kkcmbhkk,Statistics,Statistics / Analytics
freehire:business-analytics-senior-analyst-cigna-group-qc3s2trj,Excel,Spreadsheet
freehire:business-analytics-senior-analyst-cigna-group-qc3s2trj,Power BI,BI / Visualization
freehire:business-analytics-senior-analyst-cigna-group-qc3s2trj,Python,Programming
freehire:business-analytics-senior-analyst-cigna-group-qc3s2trj,Qlik,BI / Visualization
freehire:business-analytics-senior-analyst-cigna-group-qc3s2trj,SQL,Database / Query
freehire:business-analytics-senior-analyst-cigna-group-qc3s2trj,Tableau,BI / Visualization
freehire:data-analyst-ecolab-aenkuqmd,ELT,Data Engineering
freehire:data-analyst-ecolab-aenkuqmd,ETL,Data Engineering
freehire:data-analyst-ecolab-aenkuqmd,SQL,Database / Query
freehire:senior-reporting-analyst-exl-bqz4o4tj,Excel,Spreadsheet
freehire:senior-reporting-analyst-exl-bqz4o4tj,Power BI,BI / Visualization
freehire:lead-analyst-process-analytics-fcrm-4c-genpact-b7eute25,Data Modeling,Data Engineering
freehire:lead-analyst-process-analytics-fcrm-4c-genpact-b7eute25,Excel,Spreadsheet
freehire:lead-analyst-process-analytics-fcrm-4c-genpact-b7eute25,Python,Programming
freehire:lead-analyst-process-analytics-fcrm-4c-genpact-b7eute25,Statistics,Statistics / Analytics
freehire:business-analytics-senior-analyst-allegiance-benefit-plan-management-kn5x32lg,Excel,Spreadsheet
freehire:business-analytics-senior-analyst-allegiance-benefit-plan-management-kn5x32lg,Power BI,BI / Visualization
freehire:business-analytics-senior-analyst-allegiance-benefit-plan-management-kn5x32lg,Python,Programming
freehire:business-analytics-senior-analyst-allegiance-benefit-plan-management-kn5x32lg,Qlik,BI / Visualization
freehire:business-analytics-senior-analyst-allegiance-benefit-plan-management-kn5x32lg,SQL,Database / Query
freehire:business-analytics-senior-analyst-allegiance-benefit-plan-management-kn5x32lg,Tableau,BI / Visualization
freehire:associate-business-analyst-amgen-7m4uxuhk,AWS,Cloud
freehire:associate-business-analyst-amgen-7m4uxuhk,Airflow,Data Engineering
freehire:associate-business-analyst-amgen-7m4uxuhk,Databricks,Data Engineering
freehire:associate-business-analyst-amgen-7m4uxuhk,ETL,Data Engineering
freehire:associate-business-analyst-amgen-7m4uxuhk,Jira,Collaboration Tool
freehire:associate-business-analyst-amgen-7m4uxuhk,Power BI,BI / Visualization
freehire:associate-business-analyst-amgen-7m4uxuhk,Python,Programming
freehire:associate-business-analyst-amgen-7m4uxuhk,Redshift,Cloud / Warehouse
freehire:associate-business-analyst-amgen-7m4uxuhk,SQL,Database / Query
freehire:associate-business-analyst-amgen-7m4uxuhk,Tableau,BI / Visualization
freehire:ftm-business-analyst-cognex-ydrvzhmw,SAP,Enterprise Tool
freehire:otc-business-analyst-cognex-gg3azpjb,SAP,Enterprise Tool
freehire:bi-analyst-loyalty-juggernaut-tll3kgbj,BigQuery,Cloud / Warehouse
freehire:bi-analyst-loyalty-juggernaut-tll3kgbj,Data Modeling,Data Engineering
freehire:bi-analyst-loyalty-juggernaut-tll3kgbj,Data Warehousing,Data Engineering
freehire:bi-analyst-loyalty-juggernaut-tll3kgbj,Databricks,Data Engineering
freehire:bi-analyst-loyalty-juggernaut-tll3kgbj,ETL,Data Engineering
freehire:bi-analyst-loyalty-juggernaut-tll3kgbj,Looker,BI / Visualization
freehire:bi-analyst-loyalty-juggernaut-tll3kgbj,Power BI,BI / Visualization
freehire:bi-analyst-loyalty-juggernaut-tll3kgbj,Python,Programming
freehire:bi-analyst-loyalty-juggernaut-tll3kgbj,Redshift,Cloud / Warehouse
freehire:bi-analyst-loyalty-juggernaut-tll3kgbj,SQL,Database / Query
freehire:bi-analyst-loyalty-juggernaut-tll3kgbj,Snowflake,Cloud / Warehouse
freehire:bi-analyst-loyalty-juggernaut-tll3kgbj,Statistics,Statistics / Analytics
freehire:bi-analyst-loyalty-juggernaut-tll3kgbj,Tableau,BI / Visualization
freehire:senior-oracle-fusion-business-analyst-invoice-to-cash-altera-corporation-6rk2h4qn,Regression,Statistics / Analytics
freehire:senior-oracle-fusion-business-analyst-record-to-report-altera-corporation-6jidecyw,Regression,Statistics / Analytics
freehire:business-intelligence-datasphere-sac-analyst-associate-2-pwc-xm3gdfrt,SAP,Enterprise Tool
freehire:tech-business-analyst-skysun-q3co2ayq,Data Modeling,Data Engineering
freehire:tech-business-analyst-skysun-q3co2ayq,SAP,Enterprise Tool
freehire:commercial-analyst-real-estate-bp-x7hkdmtg,Excel,Spreadsheet
freehire:commercial-analyst-real-estate-bp-x7hkdmtg,Forecasting,Statistics / Analytics
freehire:quantitative-analyst-risk-graviton-research-capital-llp-ttzjpik5,Python,Programming
freehire:quantitative-analyst-risk-graviton-research-capital-llp-ttzjpik5,Statistics,Statistics / Analytics
freehire:senior-data-analyst-blv4vuwv,AWS,Cloud
freehire:senior-data-analyst-blv4vuwv,Alteryx,Analytics Tool
freehire:senior-data-analyst-blv4vuwv,Excel,Spreadsheet
freehire:senior-data-analyst-blv4vuwv,Python,Programming
freehire:senior-data-analyst-blv4vuwv,SQL,Database / Query
freehire:senior-data-analyst-blv4vuwv,Tableau,BI / Visualization
freehire:it-data-analyst-intern-magnera-corporation-4rb3zrte,Excel,Spreadsheet
freehire:it-data-analyst-intern-magnera-corporation-4rb3zrte,SAP,Enterprise Tool
freehire:business-intelligence-developer-trinet-6uq4f4js,Data Modeling,Data Engineering
freehire:business-intelligence-developer-trinet-6uq4f4js,Data Warehousing,Data Engineering
freehire:business-intelligence-developer-trinet-6uq4f4js,Looker,BI / Visualization
freehire:business-intelligence-developer-trinet-6uq4f4js,Power BI,BI / Visualization
freehire:business-intelligence-developer-trinet-6uq4f4js,SQL,Database / Query
freehire:business-intelligence-developer-trinet-6uq4f4js,Tableau,BI / Visualization
freehire:junior-data-analyst-thane-csb-bank-vhtgjoxy,Excel,Spreadsheet
freehire:junior-data-analyst-thane-csb-bank-vhtgjoxy,Power BI,BI / Visualization
freehire:junior-data-analyst-thane-csb-bank-vhtgjoxy,SQL,Database / Query
freehire:analyst-process-analytics-scm-5b-genpact-sitfutxg,Excel,Spreadsheet
freehire:analyst-process-analytics-scm-5b-genpact-sitfutxg,Forecasting,Statistics / Analytics
freehire:analyst-process-analytics-scm-5b-genpact-sitfutxg,Statistics,Statistics / Analytics
freehire:business-analyst-presales-people10-d27r3ezc,Excel,Spreadsheet
freehire:senior-analyst-business-intelligence-showpad-7o5p2or6,AWS,Cloud
freehire:senior-analyst-business-intelligence-showpad-7o5p2or6,Data Modeling,Data Engineering
freehire:senior-analyst-business-intelligence-showpad-7o5p2or6,Excel,Spreadsheet
freehire:senior-analyst-business-intelligence-showpad-7o5p2or6,Forecasting,Statistics / Analytics
freehire:senior-analyst-business-intelligence-showpad-7o5p2or6,Git,Developer Tool
freehire:senior-analyst-business-intelligence-showpad-7o5p2or6,Power BI,BI / Visualization
freehire:senior-analyst-business-intelligence-showpad-7o5p2or6,Python,Programming
freehire:senior-analyst-business-intelligence-showpad-7o5p2or6,SQL,Database / Query
freehire:senior-analyst-business-intelligence-showpad-7o5p2or6,Tableau,BI / Visualization
freehire:senior-analyst-business-intelligence-showpad-7o5p2or6,dbt,Data Engineering
freehire:specialist-business-analyst-content-review-automation-ai-enabled-mlr-content-catalyst-merck-7orzvjqt,Jira,Collaboration Tool
freehire:senior-data-analyst-exl-ytlttgk2,Power BI,BI / Visualization
freehire:senior-data-analyst-exl-ytlttgk2,SQL,Database / Query
freehire:senior-data-analyst-exl-ytlttgk2,Tableau,BI / Visualization
freehire:digital-finance-business-analyst-lonza-aju52tqg,DAX,BI / Visualization
freehire:digital-finance-business-analyst-lonza-aju52tqg,Data Modeling,Data Engineering
freehire:digital-finance-business-analyst-lonza-aju52tqg,Excel,Spreadsheet
freehire:digital-finance-business-analyst-lonza-aju52tqg,Forecasting,Statistics / Analytics
freehire:digital-finance-business-analyst-lonza-aju52tqg,Power BI,BI / Visualization
freehire:digital-finance-business-analyst-lonza-aju52tqg,SAP,Enterprise Tool
freehire:digital-finance-business-analyst-lonza-aju52tqg,SQL,Database / Query
freehire:people-analytics-senior-analyst-bureau-veritas-djgtzsci,Excel,Spreadsheet
freehire:sr-business-analyst-informatica-mdm-micron-technology-x54jiu35,SAP,Enterprise Tool
freehire:product-analyst-apna-55mvv7j4,A/B Testing,Statistics / Analytics
freehire:product-analyst-apna-55mvv7j4,Machine Learning,Machine Learning
freehire:product-analyst-apna-55mvv7j4,Python,Programming
freehire:product-analyst-apna-55mvv7j4,SQL,Database / Query
freehire:product-analyst-apna-55mvv7j4,Statistics,Statistics / Analytics
freehire:sr-business-analyst-informatica-mdm-micron-j36esi6i,SAP,Enterprise Tool
freehire:asset-wealth-management-multi-asset-solutions-portfolio-analytics-analyst-hyderabad-goldman-sachs-iahdmsbt,Excel,Spreadsheet
freehire:business-analyst-field-excellence-crm-amgen-4ydd3bt4,Excel,Spreadsheet
freehire:business-analyst-field-excellence-crm-amgen-4ydd3bt4,SQL,Database / Query
freehire:senior-business-data-analyst-dneg-xgrxovmo,Data Modeling,Data Engineering
freehire:senior-business-data-analyst-dneg-xgrxovmo,Excel,Spreadsheet
freehire:senior-business-data-analyst-dneg-xgrxovmo,Forecasting,Statistics / Analytics
freehire:senior-business-data-analyst-dneg-xgrxovmo,Power BI,BI / Visualization
freehire:senior-business-data-analyst-dneg-xgrxovmo,Python,Programming
freehire:senior-business-data-analyst-dneg-xgrxovmo,SQL,Database / Query
freehire:senior-business-data-analyst-dneg-xgrxovmo,Statistics,Statistics / Analytics
freehire:data-analyst-powerbi-engineer-proarch-dt56phwq,Data Modeling,Data Engineering
freehire:data-analyst-powerbi-engineer-proarch-dt56phwq,ETL,Data Engineering
freehire:data-analyst-powerbi-engineer-proarch-dt56phwq,Excel,Spreadsheet
freehire:data-analyst-powerbi-engineer-proarch-dt56phwq,Power BI,BI / Visualization
freehire:data-analyst-powerbi-engineer-proarch-dt56phwq,SQL,Database / Query
freehire:data-analyst-powerbi-engineer-proarch-dt56phwq,Statistics,Statistics / Analytics
freehire:data-analyst-ecolab-sgb27xbh,Forecasting,Statistics / Analytics
freehire:data-analyst-ecolab-sgb27xbh,Power BI,BI / Visualization
freehire:data-analyst-ecolab-sgb27xbh,Regression,Statistics / Analytics
freehire:data-analyst-ecolab-sgb27xbh,SAP,Enterprise Tool
freehire:hseq-data-analytics-analyst-wsp-2edwr5f2,Power BI,BI / Visualization
freehire:hseq-data-analytics-analyst-wsp-in-africa-t7n7kbh3,Power BI,BI / Visualization
freehire:senior-associate-salesforce-business-analyst-amgen-i26ugpg4,Azure,Cloud
freehire:senior-associate-salesforce-business-analyst-amgen-i26ugpg4,ETL,Data Engineering
freehire:senior-associate-salesforce-business-analyst-amgen-i26ugpg4,Excel,Spreadsheet
freehire:senior-associate-salesforce-business-analyst-amgen-i26ugpg4,Jira,Collaboration Tool
freehire:senior-associate-salesforce-business-analyst-amgen-i26ugpg4,Regression,Statistics / Analytics
freehire:business-intelligence-data-analytics-specialist-lonza-fwxshxss,Azure,Cloud
freehire:business-intelligence-data-analytics-specialist-lonza-fwxshxss,ETL,Data Engineering
freehire:business-intelligence-data-analytics-specialist-lonza-fwxshxss,Looker,BI / Visualization
freehire:business-intelligence-data-analytics-specialist-lonza-fwxshxss,Power BI,BI / Visualization
freehire:business-intelligence-data-analytics-specialist-lonza-fwxshxss,Qlik,BI / Visualization
freehire:business-intelligence-data-analytics-specialist-lonza-fwxshxss,SSIS,Data Engineering
freehire:business-intelligence-data-analytics-specialist-lonza-fwxshxss,Tableau,BI / Visualization
freehire:associate-tax-business-analyst-apollo-global-26gkchfg,Alteryx,Analytics Tool
freehire:associate-tax-business-analyst-apollo-global-26gkchfg,Power BI,BI / Visualization
freehire:associate-tax-business-analyst-apollo-global-26gkchfg,Python,Programming
freehire:associate-tax-business-analyst-apollo-global-26gkchfg,Snowflake,Cloud / Warehouse
freehire:sr-client-reporting-analyst-invesco-udraigno,Excel,Spreadsheet
freehire:sr-client-reporting-analyst-invesco-udraigno,Power BI,BI / Visualization
freehire:sr-client-reporting-analyst-invesco-udraigno,SQL,Database / Query
freehire:sr-client-reporting-analyst-invesco-udraigno,Tableau,BI / Visualization
freehire:senior-revenue-analyst-palo-alto-networks-drrknzde,Excel,Spreadsheet
freehire:senior-revenue-analyst-palo-alto-networks-drrknzde,SAP,Enterprise Tool
freehire:senior-revenue-analyst-palo-alto-networks-drrknzde,Tableau,BI / Visualization
freehire:business-analyst-havas-grj2b6bs,Data Warehousing,Data Engineering
freehire:business-analyst-havas-grj2b6bs,Excel,Spreadsheet
freehire:business-analyst-havas-grj2b6bs,SQL,Database / Query
freehire:senior-business-analyst-digital-channels-emirates-nbd-myfdtgc4,Regression,Statistics / Analytics
freehire:senior-data-analyst-dentsu-ibemhrn4,Data Warehousing,Data Engineering
freehire:senior-data-analyst-dentsu-ibemhrn4,ETL,Data Engineering
freehire:product-analyst-aiml-platform-visa-xbczrasq,AWS,Cloud
freehire:product-analyst-aiml-platform-visa-xbczrasq,Azure,Cloud
freehire:product-analyst-aiml-platform-visa-xbczrasq,Databricks,Data Engineering
freehire:product-analyst-aiml-platform-visa-xbczrasq,GCP,Cloud
freehire:product-analyst-aiml-platform-visa-xbczrasq,Python,Programming
freehire:data-analyst-guidehouse-3nkgwght,Data Modeling,Data Engineering
freehire:data-analyst-guidehouse-3nkgwght,ETL,Data Engineering
freehire:data-analyst-guidehouse-3nkgwght,Excel,Spreadsheet
freehire:data-analyst-guidehouse-3nkgwght,Power BI,BI / Visualization
freehire:data-analyst-guidehouse-3nkgwght,Power Query,BI / Visualization
freehire:data-analyst-guidehouse-3nkgwght,Python,Programming
freehire:data-analyst-guidehouse-3nkgwght,SQL,Database / Query
freehire:t24-business-analyst-mufgub-3ordeuyn,Jira,Collaboration Tool
freehire:analyst-sr-analyst-manager-avp-t24-business-analyst-mufgub-myy3taij,Jira,Collaboration Tool
freehire:data-surveillance-analyst-parexel-4hkgbscb,GCP,Cloud
freehire:data-surveillance-analyst-parexel-4hkgbscb,SAS,Statistics / Analytics
freehire:data-surveillance-analyst-parexel-4hkgbscb,SQL,Database / Query
freehire:data-surveillance-analyst-parexel-4hkgbscb,Statistics,Statistics / Analytics
freehire:r-d-experienced-professional-business-analyst-idc-hitachi-energy-dnwyuvt5,Azure,Cloud
freehire:r-d-experienced-professional-business-analyst-idc-hitachi-energy-dnwyuvt5,Power BI,BI / Visualization
freehire:analyst-data-analyst-transformation-and-data-dbs-epbbyktm,Excel,Spreadsheet
freehire:analyst-data-analyst-transformation-and-data-dbs-epbbyktm,Jira,Collaboration Tool
freehire:analyst-data-analyst-transformation-and-data-dbs-epbbyktm,Machine Learning,Machine Learning
freehire:analyst-data-analyst-transformation-and-data-dbs-epbbyktm,SQL,Database / Query
freehire:analyst-data-analyst-transformation-and-data-dbs-epbbyktm,Spark,Data Engineering
freehire:senior-data-analyst-khan-academy-4xmcxl6m,BigQuery,Cloud / Warehouse
freehire:senior-data-analyst-khan-academy-4xmcxl6m,Data Modeling,Data Engineering
freehire:senior-data-analyst-khan-academy-4xmcxl6m,Git,Developer Tool
freehire:senior-data-analyst-khan-academy-4xmcxl6m,Looker,BI / Visualization
freehire:senior-data-analyst-khan-academy-4xmcxl6m,Machine Learning,Machine Learning
freehire:senior-data-analyst-khan-academy-4xmcxl6m,Python,Programming
freehire:senior-data-analyst-khan-academy-4xmcxl6m,Regression,Statistics / Analytics
freehire:senior-data-analyst-khan-academy-4xmcxl6m,SQL,Database / Query
freehire:senior-data-analyst-khan-academy-4xmcxl6m,Tableau,BI / Visualization
freehire:manager-business-analyst-outpost-vfx-porxzbjk,Excel,Spreadsheet
freehire:manager-business-analyst-outpost-vfx-porxzbjk,Power BI,BI / Visualization
freehire:manager-business-analyst-outpost-vfx-porxzbjk,Power Query,BI / Visualization
freehire:manager-business-analyst-outpost-vfx-porxzbjk,Python,Programming
freehire:manager-business-analyst-outpost-vfx-porxzbjk,SQL,Database / Query
freehire:manager-business-analyst-outpost-vfx-porxzbjk,Tableau,BI / Visualization
freehire:senior-salesforce-business-analyst-ciklum-2wh5dion,Jira,Collaboration Tool
freehire:data-analyst-hr-dneg-j32m57op,Excel,Spreadsheet
freehire:data-analyst-hr-dneg-j32m57op,Power BI,BI / Visualization
freehire:data-analyst-hr-dneg-j32m57op,Python,Programming
freehire:data-analyst-hr-dneg-j32m57op,SQL,Database / Query
freehire:data-analyst-hr-dneg-j32m57op,Statistics,Statistics / Analytics
freehire:business-analyst-remote-bigsteptech-3cjzdhwi,AWS,Cloud
freehire:business-analyst-remote-bigsteptech-3cjzdhwi,Azure,Cloud
freehire:business-analyst-remote-bigsteptech-3cjzdhwi,Data Modeling,Data Engineering
freehire:business-analyst-remote-bigsteptech-3cjzdhwi,Data Warehousing,Data Engineering
freehire:business-analyst-remote-bigsteptech-3cjzdhwi,Jira,Collaboration Tool
freehire:business-analyst-remote-bigsteptech-3cjzdhwi,Power BI,BI / Visualization
freehire:business-analyst-remote-bigsteptech-3cjzdhwi,SQL,Database / Query
freehire:business-analyst-remote-bigsteptech-3cjzdhwi,Snowflake,Cloud / Warehouse
freehire:business-analyst-remote-bigsteptech-3cjzdhwi,Tableau,BI / Visualization
freehire:loss-analytics-analyst-2-alliancedata-25dqs4rp,Excel,Spreadsheet
freehire:loss-analytics-analyst-2-alliancedata-25dqs4rp,Forecasting,Statistics / Analytics
freehire:loss-analytics-analyst-2-alliancedata-25dqs4rp,Python,Programming
freehire:loss-analytics-analyst-2-alliancedata-25dqs4rp,SAS,Statistics / Analytics
freehire:loss-analytics-analyst-2-alliancedata-25dqs4rp,SQL,Database / Query
freehire:loss-analytics-analyst-2-alliancedata-25dqs4rp,Statistics,Statistics / Analytics
freehire:senior-tech-business-analyst-life-science-eu-us-hours-syneos-health-qgjzaeh7,Excel,Spreadsheet
freehire:senior-tech-business-analyst-life-science-eu-us-hours-syneos-health-qgjzaeh7,Jira,Collaboration Tool
freehire:senior-revenue-analyst-palo-alto-networks-5hofk7tp,Excel,Spreadsheet
freehire:senior-revenue-analyst-palo-alto-networks-5hofk7tp,SAP,Enterprise Tool
freehire:senior-revenue-analyst-palo-alto-networks-5hofk7tp,Tableau,BI / Visualization
freehire:technical-business-analyst-javascript-middleware-integration-skysun-wqxuyvpb,SAP,Enterprise Tool
freehire:senior-market-data-analyst-trg-screen-of32ygon,Excel,Spreadsheet
freehire:bi-analyst-eurofins-bon3453p,Azure,Cloud
freehire:bi-analyst-eurofins-bon3453p,DAX,BI / Visualization
freehire:bi-analyst-eurofins-bon3453p,Power BI,BI / Visualization
freehire:bi-analyst-eurofins-bon3453p,SQL,Database / Query
freehire:senior-risk-analyst-analog-devices-qkllwb5y,Power BI,BI / Visualization
freehire:division-geounit-business-analyst-slb-swlca4y5,Excel,Spreadsheet
freehire:division-geounit-business-analyst-slb-swlca4y5,Power BI,BI / Visualization
freehire:hr-reporting-analyst-mufg-pension-market-services-xnqfdmyv,Excel,Spreadsheet
freehire:hr-reporting-analyst-mufg-pension-market-services-xnqfdmyv,Oracle,Database / Query
freehire:hr-reporting-analyst-mufg-pension-market-services-xnqfdmyv,Power BI,BI / Visualization
freehire:hr-reporting-analyst-mufg-pension-market-services-xnqfdmyv,SQL,Database / Query
freehire:hr-reporting-analyst-mufg-pension-market-services-xnqfdmyv,Statistics,Statistics / Analytics
freehire:data-analyst-risk-compliance-nium-jrlodlpo,A/B Testing,Statistics / Analytics
freehire:data-analyst-risk-compliance-nium-jrlodlpo,Looker,BI / Visualization
freehire:data-analyst-risk-compliance-nium-jrlodlpo,NumPy,Programming
freehire:data-analyst-risk-compliance-nium-jrlodlpo,Pandas,Programming
freehire:data-analyst-risk-compliance-nium-jrlodlpo,Power BI,BI / Visualization
freehire:data-analyst-risk-compliance-nium-jrlodlpo,Python,Programming
freehire:data-analyst-risk-compliance-nium-jrlodlpo,SQL,Database / Query
freehire:data-analyst-risk-compliance-nium-jrlodlpo,Tableau,BI / Visualization
freehire:senior-business-analyst-episode-six-6y2jo5j7,AWS,Cloud
freehire:senior-business-analyst-episode-six-6y2jo5j7,Excel,Spreadsheet
freehire:data-analyst-data-remediation-mumbai-capco-vehzcs2n,Alteryx,Analytics Tool
freehire:data-analyst-data-remediation-mumbai-capco-vehzcs2n,Power BI,BI / Visualization
freehire:data-analyst-data-remediation-mumbai-capco-vehzcs2n,Qlik,BI / Visualization
freehire:data-analyst-data-remediation-mumbai-capco-vehzcs2n,SQL,Database / Query
freehire:data-analyst-data-remediation-mumbai-capco-vehzcs2n,Statistics,Statistics / Analytics
freehire:risk-analyst-wsp-5jxuyvy6,Excel,Spreadsheet
freehire:risk-analyst-wsp-in-africa-x36pk3t6,Excel,Spreadsheet
freehire:it-business-analyst-healthcare-eipuxyhb,AWS,Cloud
freehire:it-business-analyst-healthcare-eipuxyhb,Excel,Spreadsheet
freehire:it-business-analyst-healthcare-eipuxyhb,Power BI,BI / Visualization
freehire:it-business-analyst-healthcare-eipuxyhb,SAP,Enterprise Tool
freehire:it-business-analyst-healthcare-eipuxyhb,SQL,Database / Query
freehire:it-business-analyst-healthcare-eipuxyhb,Tableau,BI / Visualization
freehire:senior-data-analyst-netomi-hpyiwk3r,A/B Testing,Statistics / Analytics
freehire:senior-data-analyst-netomi-hpyiwk3r,Machine Learning,Machine Learning
freehire:senior-data-analyst-netomi-hpyiwk3r,Power BI,BI / Visualization
freehire:senior-data-analyst-netomi-hpyiwk3r,Python,Programming
freehire:senior-data-analyst-netomi-hpyiwk3r,Regression,Statistics / Analytics
freehire:senior-data-analyst-netomi-hpyiwk3r,SQL,Database / Query
freehire:senior-data-analyst-netomi-hpyiwk3r,Tableau,BI / Visualization
freehire:staff-data-analyst-goodyear-nc6356xc,AWS,Cloud
freehire:staff-data-analyst-goodyear-nc6356xc,Azure,Cloud
freehire:staff-data-analyst-goodyear-nc6356xc,Git,Developer Tool
freehire:staff-data-analyst-goodyear-nc6356xc,Machine Learning,Machine Learning
freehire:staff-data-analyst-goodyear-nc6356xc,NumPy,Programming
freehire:staff-data-analyst-goodyear-nc6356xc,Pandas,Programming
freehire:staff-data-analyst-goodyear-nc6356xc,Power BI,BI / Visualization
freehire:staff-data-analyst-goodyear-nc6356xc,Python,Programming
freehire:staff-data-analyst-goodyear-nc6356xc,SQL,Database / Query
freehire:staff-data-analyst-goodyear-nc6356xc,SciPy,Programming
freehire:staff-data-analyst-goodyear-nc6356xc,Statistics,Statistics / Analytics
freehire:staff-data-analyst-goodyear-nc6356xc,Tableau,BI / Visualization
freehire:senior-business-analyst-kpmg-ukraine-vonhvjin,Excel,Spreadsheet
freehire:senior-business-analyst-kpmg-ukraine-vonhvjin,Power BI,BI / Visualization
freehire:assistant-manager-business-analyst-kpmg-ukraine-zx3jmtyz,Excel,Spreadsheet
freehire:assistant-manager-business-analyst-kpmg-ukraine-zx3jmtyz,Power BI,BI / Visualization
freehire:business-analyst-transformation-process-intelligence-amgen-u5bjrj6v,Power BI,BI / Visualization
freehire:business-analyst-transformation-process-intelligence-amgen-u5bjrj6v,Python,Programming
freehire:business-analyst-transformation-process-intelligence-amgen-u5bjrj6v,SAP,Enterprise Tool
freehire:business-analyst-transformation-process-intelligence-amgen-u5bjrj6v,SQL,Database / Query
freehire:business-analyst-transformation-process-intelligence-amgen-u5bjrj6v,Tableau,BI / Visualization
freehire:senior-business-analyst-episode-six-us-7ye4s2dc,AWS,Cloud
freehire:senior-business-analyst-episode-six-us-7ye4s2dc,Excel,Spreadsheet
freehire:senior-business-analyst-cyber-and-data-resilience-kroll-nuvvwj4r,Excel,Spreadsheet
freehire:senior-business-analyst-cyber-and-data-resilience-kroll-nuvvwj4r,Power BI,BI / Visualization
freehire:lead-business-intelligence-developer-trinet-7xvjwhou,A/B Testing,Statistics / Analytics
freehire:lead-business-intelligence-developer-trinet-7xvjwhou,Data Modeling,Data Engineering
freehire:lead-business-intelligence-developer-trinet-7xvjwhou,Looker,BI / Visualization
freehire:lead-business-intelligence-developer-trinet-7xvjwhou,Power BI,BI / Visualization
freehire:lead-business-intelligence-developer-trinet-7xvjwhou,SQL,Database / Query
freehire:lead-business-intelligence-developer-trinet-7xvjwhou,Tableau,BI / Visualization
freehire:senior-business-intelligence-developer-trinet-xr46ucvo,A/B Testing,Statistics / Analytics
freehire:senior-business-intelligence-developer-trinet-xr46ucvo,Data Modeling,Data Engineering
freehire:senior-business-intelligence-developer-trinet-xr46ucvo,Looker,BI / Visualization
freehire:senior-business-intelligence-developer-trinet-xr46ucvo,Power BI,BI / Visualization
freehire:senior-business-intelligence-developer-trinet-xr46ucvo,SQL,Database / Query
freehire:senior-business-intelligence-developer-trinet-xr46ucvo,Tableau,BI / Visualization
freehire:business-analyst-adient-sela43ic,Azure,Cloud
freehire:business-analyst-adient-sela43ic,Excel,Spreadsheet
freehire:technical-business-analyst-skysun-lxrscpvo,SAP,Enterprise Tool
freehire:data-analyst-supply-chain-in-cencora-ydjzagop,Databricks,Data Engineering
freehire:data-analyst-supply-chain-in-cencora-ydjzagop,Forecasting,Statistics / Analytics
freehire:data-analyst-supply-chain-in-cencora-ydjzagop,Hadoop,Data Engineering
freehire:data-analyst-supply-chain-in-cencora-ydjzagop,Machine Learning,Machine Learning
freehire:data-analyst-supply-chain-in-cencora-ydjzagop,Power BI,BI / Visualization
freehire:data-analyst-supply-chain-in-cencora-ydjzagop,Python,Programming
freehire:data-analyst-supply-chain-in-cencora-ydjzagop,Qlik,BI / Visualization
freehire:data-analyst-supply-chain-in-cencora-ydjzagop,SAS,Statistics / Analytics
freehire:data-analyst-supply-chain-in-cencora-ydjzagop,SQL,Database / Query
freehire:data-analyst-supply-chain-in-cencora-ydjzagop,Spark,Data Engineering
freehire:data-analyst-supply-chain-in-cencora-ydjzagop,Statistics,Statistics / Analytics
freehire:data-analyst-supply-chain-in-cencora-ydjzagop,Tableau,BI / Visualization
freehire:principal-product-analyst-amgen-6ergdup3,AWS,Cloud
freehire:principal-product-analyst-amgen-6ergdup3,Azure,Cloud
freehire:principal-product-analyst-amgen-6ergdup3,GCP,Cloud
freehire:principal-product-analyst-amgen-6ergdup3,Jira,Collaboration Tool
freehire:principal-product-analyst-amgen-6ergdup3,SQL,Database / Query
freehire:data-analyst-supply-chain-in-amerisourcebergen-7s3t7ijh,Databricks,Data Engineering
freehire:data-analyst-supply-chain-in-amerisourcebergen-7s3t7ijh,Forecasting,Statistics / Analytics
freehire:data-analyst-supply-chain-in-amerisourcebergen-7s3t7ijh,Hadoop,Data Engineering
freehire:data-analyst-supply-chain-in-amerisourcebergen-7s3t7ijh,Machine Learning,Machine Learning
freehire:data-analyst-supply-chain-in-amerisourcebergen-7s3t7ijh,Power BI,BI / Visualization
freehire:data-analyst-supply-chain-in-amerisourcebergen-7s3t7ijh,Python,Programming
freehire:data-analyst-supply-chain-in-amerisourcebergen-7s3t7ijh,Qlik,BI / Visualization
freehire:data-analyst-supply-chain-in-amerisourcebergen-7s3t7ijh,SAS,Statistics / Analytics
freehire:data-analyst-supply-chain-in-amerisourcebergen-7s3t7ijh,SQL,Database / Query
freehire:data-analyst-supply-chain-in-amerisourcebergen-7s3t7ijh,Spark,Data Engineering
freehire:data-analyst-supply-chain-in-amerisourcebergen-7s3t7ijh,Statistics,Statistics / Analytics
freehire:data-analyst-supply-chain-in-amerisourcebergen-7s3t7ijh,Tableau,BI / Visualization
freehire:senior-business-intelligence-developer-qliksense-etraveli-group-gjukux3c,Data Modeling,Data Engineering
freehire:senior-business-intelligence-developer-qliksense-etraveli-group-gjukux3c,ETL,Data Engineering
freehire:senior-business-intelligence-developer-qliksense-etraveli-group-gjukux3c,Git,Developer Tool
freehire:senior-business-intelligence-developer-qliksense-etraveli-group-gjukux3c,Looker,BI / Visualization
freehire:senior-business-intelligence-developer-qliksense-etraveli-group-gjukux3c,Qlik,BI / Visualization
freehire:senior-business-intelligence-developer-qliksense-etraveli-group-gjukux3c,SQL,Database / Query
freehire:senior-business-intelligence-developer-qliksense-etraveli-group-gjukux3c,Statistics,Statistics / Analytics
freehire:hr-people-analytics-analyst-wabtec-walaniyz,Excel,Spreadsheet
freehire:hr-people-analytics-analyst-wabtec-walaniyz,Forecasting,Statistics / Analytics
freehire:hr-people-analytics-analyst-wabtec-walaniyz,Power BI,BI / Visualization
freehire:hr-people-analytics-analyst-wabtec-walaniyz,Python,Programming
freehire:hr-people-analytics-analyst-wabtec-walaniyz,SQL,Database / Query
freehire:hr-people-analytics-analyst-wabtec-walaniyz,Statistics,Statistics / Analytics
freehire:hr-people-analytics-analyst-wabtec-walaniyz,Tableau,BI / Visualization
freehire:market-data-analyst-trg-screen-6jmo6rif,Excel,Spreadsheet
freehire:growth-business-analyst-assistant-manager-recharges-utilities-paytm-fo72kojd,Excel,Spreadsheet
freehire:growth-business-analyst-assistant-manager-recharges-utilities-paytm-fo72kojd,Looker,BI / Visualization
freehire:growth-business-analyst-assistant-manager-recharges-utilities-paytm-fo72kojd,MySQL,Database / Query
freehire:growth-business-analyst-assistant-manager-recharges-utilities-paytm-fo72kojd,PostgreSQL,Database / Query
freehire:growth-business-analyst-assistant-manager-recharges-utilities-paytm-fo72kojd,Python,Programming
freehire:growth-business-analyst-assistant-manager-recharges-utilities-paytm-fo72kojd,SQL,Database / Query
freehire:growth-business-analyst-assistant-manager-recharges-utilities-paytm-fo72kojd,Tableau,BI / Visualization
freehire:data-analyst-exl-jrdlrq2k,ETL,Data Engineering
freehire:data-analyst-exl-jrdlrq2k,SQL,Database / Query
freehire:business-analyst-ibs-software-pcqkfrvl,Azure,Cloud
freehire:business-analyst-ibs-software-pcqkfrvl,Jira,Collaboration Tool
freehire:analytics-modeling-analyst-moody-s-cgq5fg7e,AWS,Cloud
freehire:analytics-modeling-analyst-moody-s-cgq5fg7e,Azure,Cloud
freehire:analytics-modeling-analyst-moody-s-cgq5fg7e,Machine Learning,Machine Learning
freehire:analytics-modeling-analyst-moody-s-cgq5fg7e,Python,Programming
freehire:analytics-modeling-analyst-moody-s-cgq5fg7e,SQL,Database / Query
freehire:analytics-modeling-analyst-moody-s-cgq5fg7e,Statistics,Statistics / Analytics
freehire:business-analyst-5-years-regulatory-reporting-banking-fintech-domain-sql-regnology-zqahqkup,Data Modeling,Data Engineering
freehire:business-analyst-5-years-regulatory-reporting-banking-fintech-domain-sql-regnology-zqahqkup,Excel,Spreadsheet
freehire:business-analyst-5-years-regulatory-reporting-banking-fintech-domain-sql-regnology-zqahqkup,Jira,Collaboration Tool
freehire:business-analyst-5-years-regulatory-reporting-banking-fintech-domain-sql-regnology-zqahqkup,Regression,Statistics / Analytics
freehire:business-analyst-5-years-regulatory-reporting-banking-fintech-domain-sql-regnology-zqahqkup,SQL,Database / Query
freehire:business-analyst-lead-senior-zyl3gmbe,Power BI,BI / Visualization
freehire:business-analyst-lead-senior-zyl3gmbe,SQL,Database / Query
freehire:business-analyst-lead-senior-zyl3gmbe,SQL Server,Database / Query
freehire:sap-otc-senior-business-analyst-mdtkangaroo-4q4432x3,SAP,Enterprise Tool
freehire:sr-master-data-mgmt-analyst-columbiasportswearcompany-smftuecd,Excel,Spreadsheet
freehire:sr-master-data-mgmt-analyst-columbiasportswearcompany-smftuecd,Power BI,BI / Visualization
freehire:sr-master-data-mgmt-analyst-columbiasportswearcompany-smftuecd,SAP,Enterprise Tool
freehire:erp-data-analyst-greif-lw3ocbiz,Data Warehousing,Data Engineering
freehire:erp-data-analyst-greif-lw3ocbiz,SAP,Enterprise Tool
freehire:business-analyst-azenta-kteqvox2,Snowflake,Cloud / Warehouse
freehire:business-analyst-azenta-kteqvox2,Tableau,BI / Visualization
freehire:senior-data-analyst-csa-havas-okenmf6j,DAX,BI / Visualization
freehire:senior-data-analyst-csa-havas-okenmf6j,Data Modeling,Data Engineering
freehire:senior-data-analyst-csa-havas-okenmf6j,MySQL,Database / Query
freehire:senior-data-analyst-csa-havas-okenmf6j,NumPy,Programming
freehire:senior-data-analyst-csa-havas-okenmf6j,Pandas,Programming
freehire:senior-data-analyst-csa-havas-okenmf6j,PostgreSQL,Database / Query
freehire:senior-data-analyst-csa-havas-okenmf6j,Power BI,BI / Visualization
freehire:senior-data-analyst-csa-havas-okenmf6j,Python,Programming
freehire:senior-data-analyst-csa-havas-okenmf6j,SQL,Database / Query
freehire:senior-data-analyst-csa-havas-okenmf6j,Snowflake,Cloud / Warehouse
freehire:senior-oracle-ebs-finance-it-business-analyst-hitachi-energy-uh75nx3w,SAP,Enterprise Tool
freehire:senior-oracle-ebs-finance-it-business-analyst-hitachi-energy-uh75nx3w,SQL,Database / Query
freehire:data-analyst-techwave-gk5gvjvn,AWS,Cloud
freehire:data-analyst-techwave-gk5gvjvn,Azure,Cloud
freehire:data-analyst-techwave-gk5gvjvn,Data Modeling,Data Engineering
freehire:data-analyst-techwave-gk5gvjvn,Data Warehousing,Data Engineering
freehire:data-analyst-techwave-gk5gvjvn,ELT,Data Engineering
freehire:data-analyst-techwave-gk5gvjvn,ETL,Data Engineering
freehire:data-analyst-techwave-gk5gvjvn,Excel,Spreadsheet
freehire:data-analyst-techwave-gk5gvjvn,GCP,Cloud
freehire:data-analyst-techwave-gk5gvjvn,Power BI,BI / Visualization
freehire:data-analyst-techwave-gk5gvjvn,Python,Programming
freehire:data-analyst-techwave-gk5gvjvn,SQL,Database / Query
freehire:data-analyst-techwave-gk5gvjvn,Snowflake,Cloud / Warehouse
freehire:data-analyst-techwave-gk5gvjvn,Tableau,BI / Visualization
freehire:data-analyst-techwave-gk5gvjvn,dbt,Data Engineering
freehire:business-intelligence-developer-continental-vvrohhjk,Azure,Cloud
freehire:business-intelligence-developer-continental-vvrohhjk,DAX,BI / Visualization
freehire:business-intelligence-developer-continental-vvrohhjk,Data Modeling,Data Engineering
freehire:business-intelligence-developer-continental-vvrohhjk,Databricks,Data Engineering
freehire:business-intelligence-developer-continental-vvrohhjk,Power BI,BI / Visualization
freehire:business-intelligence-developer-continental-vvrohhjk,SQL,Database / Query
freehire:technical-business-analyst-mufg-pension-market-services-25ylu3la,Jira,Collaboration Tool
freehire:technical-business-analyst-mufg-pension-market-services-25ylu3la,SQL,Database / Query
freehire:business-intelligence-analyst-senior-fedex-qjnizhhi,Statistics,Statistics / Analytics
freehire:senior-data-analyst-havas-r72rspil,DAX,BI / Visualization
freehire:senior-data-analyst-havas-r72rspil,Data Modeling,Data Engineering
freehire:senior-data-analyst-havas-r72rspil,Power BI,BI / Visualization
freehire:senior-data-analyst-havas-r72rspil,Tableau,BI / Visualization
freehire:business-analyst-platform-soutions-worldquant-gr3qkfz7,Excel,Spreadsheet
freehire:business-analyst-platform-soutions-worldquant-gr3qkfz7,Statistics,Statistics / Analytics
freehire:business-analyst-cyber-and-data-resilience-kroll-rqiiucca,Data Modeling,Data Engineering
freehire:business-analyst-cyber-and-data-resilience-kroll-rqiiucca,Excel,Spreadsheet
freehire:business-analyst-cyber-and-data-resilience-kroll-rqiiucca,Forecasting,Statistics / Analytics
freehire:business-analyst-cyber-and-data-resilience-kroll-rqiiucca,Power BI,BI / Visualization
freehire:workday-reporting-analyst-luxoft-ru3fehbb,Power BI,BI / Visualization
freehire:specialist-business-analyst-clinical-computation-platform-amgen-um32zv5s,AWS,Cloud
freehire:specialist-business-analyst-clinical-computation-platform-amgen-um32zv5s,Azure,Cloud
freehire:specialist-business-analyst-clinical-computation-platform-amgen-um32zv5s,GCP,Cloud
freehire:specialist-business-analyst-clinical-computation-platform-amgen-um32zv5s,Jira,Collaboration Tool
freehire:product-analyst-m-f-d-kayzen-kgzjtz2i,Looker,BI / Visualization
freehire:product-analyst-m-f-d-kayzen-kgzjtz2i,Pandas,Programming
freehire:product-analyst-m-f-d-kayzen-kgzjtz2i,Python,Programming
freehire:product-analyst-m-f-d-kayzen-kgzjtz2i,SQL,Database / Query
freehire:in-rbin-assistant-manager-business-analyst-controlling-nap-ctg1-boschgroup-foxt23tn,Excel,Spreadsheet
freehire:in-rbin-assistant-manager-business-analyst-controlling-nap-ctg1-boschgroup-foxt23tn,Power BI,BI / Visualization
freehire:in-rbin-assistant-manager-business-analyst-controlling-nap-ctg1-boschgroup-foxt23tn,SAP,Enterprise Tool
freehire:salesforce-service-cloud-business-analyst-cognex-b5uvaq22,Jira,Collaboration Tool
freehire:salesforce-service-cloud-business-analyst-cognex-b5uvaq22,SAP,Enterprise Tool
freehire:invoicemart-data-analyst-nexthire-cnraif2o,Power BI,BI / Visualization
freehire:invoicemart-data-analyst-nexthire-cnraif2o,Python,Programming
freehire:invoicemart-data-analyst-nexthire-cnraif2o,SQL,Database / Query
freehire:ifc-lead-business-analyst-vp-barclays-4tzot2wp,SQL,Database / Query
freehire:senior-data-analyst-kpmg-ukraine-brptksrh,Power BI,BI / Visualization
freehire:senior-data-analyst-kpmg-ukraine-brptksrh,Python,Programming
freehire:senior-data-analyst-kpmg-ukraine-brptksrh,SQL,Database / Query
freehire:senior-data-analyst-kpmg-ukraine-brptksrh,Tableau,BI / Visualization
freehire:senior-business-analyst-clinical-data-foundation-amgen-dqn6rcna,AWS,Cloud
freehire:senior-business-analyst-clinical-data-foundation-amgen-dqn6rcna,Azure,Cloud
freehire:senior-business-analyst-clinical-data-foundation-amgen-dqn6rcna,Databricks,Data Engineering
freehire:senior-business-analyst-clinical-data-foundation-amgen-dqn6rcna,GCP,Cloud
freehire:senior-business-analyst-clinical-data-foundation-amgen-dqn6rcna,Jira,Collaboration Tool
freehire:senior-data-analyst-hevodata-f34d3v54,Data Warehousing,Data Engineering
freehire:senior-data-analyst-hevodata-f34d3v54,Forecasting,Statistics / Analytics
freehire:senior-data-analyst-hevodata-f34d3v54,Looker,BI / Visualization
freehire:senior-data-analyst-hevodata-f34d3v54,SQL,Database / Query
freehire:senior-data-analyst-hevodata-f34d3v54,Tableau,BI / Visualization
freehire:senior-data-analyst-flexera-zipqilqi,Excel,Spreadsheet
freehire:senior-data-analyst-flexera-zipqilqi,Jira,Collaboration Tool
freehire:senior-data-analyst-flexera-zipqilqi,Power BI,BI / Visualization
freehire:senior-data-analyst-flexera-zipqilqi,Python,Programming
freehire:senior-data-analyst-flexera-zipqilqi,SQL,Database / Query
freehire:senior-data-analyst-flexera-zipqilqi,Statistics,Statistics / Analytics
freehire:senior-data-analyst-flexerasoftware-rbbco4bx,Excel,Spreadsheet
freehire:senior-data-analyst-flexerasoftware-rbbco4bx,Jira,Collaboration Tool
freehire:senior-data-analyst-flexerasoftware-rbbco4bx,Power BI,BI / Visualization
freehire:senior-data-analyst-flexerasoftware-rbbco4bx,Python,Programming
freehire:senior-data-analyst-flexerasoftware-rbbco4bx,SQL,Database / Query
freehire:senior-data-analyst-flexerasoftware-rbbco4bx,Statistics,Statistics / Analytics
freehire:business-analyst-temenos-photon-haanqpao,Jira,Collaboration Tool
freehire:data-analyst-india-2026-artefact-43ucrxvy,Power BI,BI / Visualization
freehire:data-analyst-india-2026-artefact-43ucrxvy,Python,Programming
freehire:data-analyst-india-2026-artefact-43ucrxvy,SQL,Database / Query
freehire:data-analyst-india-2026-artefact-43ucrxvy,Statistics,Statistics / Analytics
freehire:data-analyst-india-2026-artefact-43ucrxvy,Tableau,BI / Visualization
freehire:business-analyst-ic-exl-2jzkvfrw,Jira,Collaboration Tool
freehire:business-analyst-ic-exl-2jzkvfrw,Power BI,BI / Visualization
freehire:business-analyst-ic-exl-2jzkvfrw,SQL,Database / Query
freehire:business-analyst-ic-exl-2jzkvfrw,SQL Server,Database / Query
freehire:senior-revenue-analyst-npi-palo-alto-networks-m6pijtwe,Excel,Spreadsheet
freehire:senior-revenue-analyst-npi-palo-alto-networks-m6pijtwe,SAP,Enterprise Tool
freehire:sr-business-analyst-indirect-ecolab-x5ibtujl,Power BI,BI / Visualization
freehire:sr-business-analyst-indirect-ecolab-x5ibtujl,Tableau,BI / Visualization
freehire:sr-data-analyst-mumbai-csb-bank-zo5b7uvx,ETL,Data Engineering
freehire:sr-data-analyst-mumbai-csb-bank-zo5b7uvx,Machine Learning,Machine Learning
freehire:data-analyst-advanced-analytics-clearview-healthcare-partners-fcd53vlv,Excel,Spreadsheet
freehire:data-analyst-advanced-analytics-clearview-healthcare-partners-fcd53vlv,Machine Learning,Machine Learning
freehire:data-analyst-advanced-analytics-clearview-healthcare-partners-fcd53vlv,Python,Programming
freehire:data-analyst-advanced-analytics-clearview-healthcare-partners-fcd53vlv,Regression,Statistics / Analytics
freehire:data-analyst-advanced-analytics-clearview-healthcare-partners-fcd53vlv,SAS,Statistics / Analytics
freehire:data-analyst-advanced-analytics-clearview-healthcare-partners-fcd53vlv,SQL,Database / Query
freehire:data-analyst-advanced-analytics-clearview-healthcare-partners-fcd53vlv,Statistics,Statistics / Analytics
freehire:business-intelligence-analyst-strategy-operations-netapp-mb4aazlz,Excel,Spreadsheet
freehire:business-intelligence-analyst-strategy-operations-netapp-mb4aazlz,Statistics,Statistics / Analytics
freehire:lead-business-analyst-clinical-trial-supplier-enablement-amgen-nntyfkgd,Jira,Collaboration Tool
freehire:data-analyst-fintech-exl-vpnlevm7,Python,Programming
freehire:data-analyst-fintech-exl-vpnlevm7,SQL,Database / Query
freehire:data-analyst-fintech-exl-vpnlevm7,Tableau,BI / Visualization
freehire:business-analyst-wms-anchanto-xsjswmdk,Jira,Collaboration Tool
freehire:business-analyst-wms-anchanto-xsjswmdk,Tableau,BI / Visualization
freehire:it-risk-and-security-engineer-data-analyst-dtcc-xahygbpm,AWS,Cloud
freehire:it-risk-and-security-engineer-data-analyst-dtcc-xahygbpm,Azure,Cloud
freehire:it-risk-and-security-engineer-data-analyst-dtcc-xahygbpm,DAX,BI / Visualization
freehire:it-risk-and-security-engineer-data-analyst-dtcc-xahygbpm,Data Modeling,Data Engineering
freehire:it-risk-and-security-engineer-data-analyst-dtcc-xahygbpm,GCP,Cloud
freehire:it-risk-and-security-engineer-data-analyst-dtcc-xahygbpm,Power BI,BI / Visualization
freehire:it-risk-and-security-engineer-data-analyst-dtcc-xahygbpm,SQL,Database / Query
freehire:it-risk-and-security-engineer-data-analyst-the-depository-trust-clearing-corporation-dtcc-tfk4ajwk,AWS,Cloud
freehire:it-risk-and-security-engineer-data-analyst-the-depository-trust-clearing-corporation-dtcc-tfk4ajwk,Azure,Cloud
freehire:it-risk-and-security-engineer-data-analyst-the-depository-trust-clearing-corporation-dtcc-tfk4ajwk,DAX,BI / Visualization
freehire:it-risk-and-security-engineer-data-analyst-the-depository-trust-clearing-corporation-dtcc-tfk4ajwk,Data Modeling,Data Engineering
freehire:it-risk-and-security-engineer-data-analyst-the-depository-trust-clearing-corporation-dtcc-tfk4ajwk,GCP,Cloud
freehire:it-risk-and-security-engineer-data-analyst-the-depository-trust-clearing-corporation-dtcc-tfk4ajwk,Power BI,BI / Visualization
freehire:it-risk-and-security-engineer-data-analyst-the-depository-trust-clearing-corporation-dtcc-tfk4ajwk,SQL,Database / Query
freehire:sr-business-analyst-clean-harbors-upfanl22,Excel,Spreadsheet
freehire:senior-it-business-analyst-m-a-functional-integration-medtronic-57nhabwt,Excel,Spreadsheet
freehire:senior-it-business-analyst-m-a-functional-integration-medtronic-57nhabwt,Jira,Collaboration Tool
freehire:senior-it-business-analyst-m-a-functional-integration-medtronic-57nhabwt,SAP,Enterprise Tool
freehire:sr-data-management-analyst-honeywell-cu4ah3d4,ETL,Data Engineering
freehire:sr-data-management-analyst-honeywell-cu4ah3d4,Oracle,Database / Query
freehire:sr-data-management-analyst-honeywell-cu4ah3d4,Python,Programming
freehire:sr-data-management-analyst-honeywell-cu4ah3d4,SAP,Enterprise Tool
freehire:sr-data-management-analyst-honeywell-cu4ah3d4,SQL,Database / Query
freehire:data-analyst-lrn-corporation-w4xv2i34,Alteryx,Analytics Tool
freehire:data-analyst-lrn-corporation-w4xv2i34,Excel,Spreadsheet
freehire:data-analyst-lrn-corporation-w4xv2i34,SQL,Database / Query
freehire:in-rbai-senior-business-analyst-in-bosch-group-i2lob5he,Forecasting,Statistics / Analytics
freehire:business-analytics-lead-analyst-hih-evernorth-cigna-group-tiz5pgfu,Azure,Cloud
freehire:business-analytics-lead-analyst-hih-evernorth-cigna-group-tiz5pgfu,Databricks,Data Engineering
freehire:business-analytics-lead-analyst-hih-evernorth-cigna-group-tiz5pgfu,Forecasting,Statistics / Analytics
freehire:business-analytics-lead-analyst-hih-evernorth-cigna-group-tiz5pgfu,Machine Learning,Machine Learning
freehire:business-analytics-lead-analyst-hih-evernorth-cigna-group-tiz5pgfu,Power BI,BI / Visualization
freehire:business-analytics-lead-analyst-hih-evernorth-cigna-group-tiz5pgfu,Python,Programming
freehire:business-analytics-lead-analyst-hih-evernorth-allegiance-benefit-plan-management-i7etpv5o,Azure,Cloud
freehire:business-analytics-lead-analyst-hih-evernorth-allegiance-benefit-plan-management-i7etpv5o,Databricks,Data Engineering
freehire:business-analytics-lead-analyst-hih-evernorth-allegiance-benefit-plan-management-i7etpv5o,Forecasting,Statistics / Analytics
freehire:business-analytics-lead-analyst-hih-evernorth-allegiance-benefit-plan-management-i7etpv5o,Machine Learning,Machine Learning
freehire:business-analytics-lead-analyst-hih-evernorth-allegiance-benefit-plan-management-i7etpv5o,Power BI,BI / Visualization
freehire:business-analytics-lead-analyst-hih-evernorth-allegiance-benefit-plan-management-i7etpv5o,Python,Programming
freehire:strategy-analyst-sso-hospitals-2070health-p35maiz7,Excel,Spreadsheet
freehire:senior-performance-analyst-pinebridge-fznatqwf,Statistics,Statistics / Analytics
freehire:senior-pricing-analyst-asia-pacific-nttlimited-zddfvldg,Excel,Spreadsheet
freehire:senior-pricing-analyst-asia-pacific-nttlimited-zddfvldg,Statistics,Statistics / Analytics
freehire:business-analyst-qad-thermo-fisher-scientific-4qcyvtrf,Excel,Spreadsheet
freehire:business-analyst-qad-thermo-fisher-scientific-4qcyvtrf,Jira,Collaboration Tool
freehire:business-analyst-qad-thermo-fisher-scientific-4qcyvtrf,Power BI,BI / Visualization
freehire:business-analyst-qad-thermo-fisher-scientific-4qcyvtrf,SAP,Enterprise Tool
freehire:business-analyst-qad-thermo-fisher-scientific-4qcyvtrf,SQL,Database / Query
freehire:business-analyst-emerson-electric-ktkxwmqx,Azure,Cloud
freehire:business-analyst-emerson-electric-ktkxwmqx,SQL,Database / Query
freehire:business-analyst-emerson-ya47kpap,Azure,Cloud
freehire:business-analyst-emerson-ya47kpap,SQL,Database / Query
freehire:business-analyst-billgosling-jlrv2v3w,Excel,Spreadsheet
freehire:business-analyst-billgosling-jlrv2v3w,Power BI,BI / Visualization
freehire:business-analyst-billgosling-jlrv2v3w,SQL,Database / Query
freehire:business-analyst-billgosling-jlrv2v3w,Statistics,Statistics / Analytics
freehire:data-analyst-skysun-xosfef3t,Excel,Spreadsheet
freehire:data-analyst-skysun-xosfef3t,Power Query,BI / Visualization
freehire:data-analyst-skysun-xosfef3t,Statistics,Statistics / Analytics
freehire:staff-salesforce-business-analyst-trinet-zdfafu47,Excel,Spreadsheet
freehire:staff-salesforce-business-analyst-trinet-zdfafu47,Forecasting,Statistics / Analytics
freehire:staff-salesforce-business-analyst-trinet-zdfafu47,Jira,Collaboration Tool
freehire:business-analyst-ii-sei-ee7zxdom,Jira,Collaboration Tool
freehire:business-analyst-ii-sei-ee7zxdom,Python,Programming
freehire:corporate-finance-strategy-analyst-pavebank-aj536svr,Excel,Spreadsheet
freehire:corporate-finance-strategy-analyst-pavebank-aj536svr,Forecasting,Statistics / Analytics
freehire:senior-business-analyst-trinitylifesciences-cdliqisp,Python,Programming
freehire:senior-business-analyst-trinitylifesciences-cdliqisp,Qlik,BI / Visualization
freehire:senior-business-analyst-trinitylifesciences-cdliqisp,SQL,Database / Query
freehire:senior-business-analyst-trinitylifesciences-cdliqisp,Spark,Data Engineering
freehire:senior-business-analyst-trinitylifesciences-cdliqisp,Tableau,BI / Visualization
freehire:business-analyst-ic-exl-4c2536t3,A/B Testing,Statistics / Analytics
freehire:business-analyst-ic-exl-4c2536t3,Jira,Collaboration Tool
freehire:business-analyst-ic-exl-4c2536t3,Power BI,BI / Visualization
freehire:business-analyst-ic-exl-4c2536t3,SQL,Database / Query
freehire:business-analyst-ic-exl-4c2536t3,SQL Server,Database / Query
freehire:consultant-business-analyst-kpmg-ukraine-yx5g4npg,Excel,Spreadsheet
freehire:consultant-business-analyst-kpmg-ukraine-yx5g4npg,Power BI,BI / Visualization
freehire:bi-analyst-amgen-xvrkimv2,AWS,Cloud
freehire:bi-analyst-amgen-xvrkimv2,Data Modeling,Data Engineering
freehire:bi-analyst-amgen-xvrkimv2,ETL,Data Engineering
freehire:bi-analyst-amgen-xvrkimv2,Jira,Collaboration Tool
freehire:bi-analyst-amgen-xvrkimv2,Power BI,BI / Visualization
freehire:bi-analyst-amgen-xvrkimv2,Python,Programming
freehire:bi-analyst-amgen-xvrkimv2,Redshift,Cloud / Warehouse
freehire:bi-analyst-amgen-xvrkimv2,SQL,Database / Query
freehire:bi-analyst-amgen-xvrkimv2,Tableau,BI / Visualization
freehire:supply-chain-data-analyst-nextracker-nvazeka6,Data Modeling,Data Engineering
freehire:supply-chain-data-analyst-nextracker-nvazeka6,Excel,Spreadsheet
freehire:supply-chain-data-analyst-nextracker-nvazeka6,Power BI,BI / Visualization
freehire:supply-chain-data-analyst-nextracker-nvazeka6,Python,Programming
freehire:supply-chain-data-analyst-nextracker-nvazeka6,SQL,Database / Query
freehire:supply-chain-data-analyst-nextracker-nvazeka6,Statistics,Statistics / Analytics
freehire:sr-business-analyst-micron-technology-hcx5zhb6,SAP,Enterprise Tool
freehire:specialist-business-analyst-pi-data-historian-amgen-gdmukk7j,SQL,Database / Query
freehire:senior-financial-data-analyst-simcorp-42eer2qk,Alteryx,Analytics Tool
freehire:senior-financial-data-analyst-simcorp-42eer2qk,DAX,BI / Visualization
freehire:senior-financial-data-analyst-simcorp-42eer2qk,Data Modeling,Data Engineering
freehire:senior-financial-data-analyst-simcorp-42eer2qk,ETL,Data Engineering
freehire:senior-financial-data-analyst-simcorp-42eer2qk,Excel,Spreadsheet
freehire:senior-financial-data-analyst-simcorp-42eer2qk,Power BI,BI / Visualization
freehire:senior-financial-data-analyst-simcorp-42eer2qk,Power Query,BI / Visualization
freehire:senior-financial-data-analyst-simcorp-42eer2qk,Python,Programming
freehire:senior-financial-data-analyst-simcorp-42eer2qk,SQL,Database / Query
freehire:senior-financial-data-analyst-simcorp-42eer2qk,SQL Server,Database / Query
freehire:senior-product-analyst-citco-b56wyuzp,Jira,Collaboration Tool
freehire:senior-product-analyst-citco-b56wyuzp,Power BI,BI / Visualization
freehire:senior-product-analyst-citco-b56wyuzp,SQL,Database / Query
freehire:senior-product-analyst-citco-b56wyuzp,Tableau,BI / Visualization
freehire:senior-product-analyst-the-citco-group-limited-t6cutsd6,Jira,Collaboration Tool
freehire:senior-product-analyst-the-citco-group-limited-t6cutsd6,Power BI,BI / Visualization
freehire:senior-product-analyst-the-citco-group-limited-t6cutsd6,SQL,Database / Query
freehire:senior-product-analyst-the-citco-group-limited-t6cutsd6,Tableau,BI / Visualization
freehire:sap-logistics-principal-business-analyst-mdtkangaroo-z3y5didn,SAP,Enterprise Tool
freehire:sap-fi-business-analyst-mdtkangaroo-mc7bdm64,SAP,Enterprise Tool
freehire:sap-p2p-principal-business-analyst-mdtkangaroo-tl4a73i4,SAP,Enterprise Tool
freehire:mantle-solution-data-analyst-campaign-nexthire-c7bmo4lf,Excel,Spreadsheet
freehire:mantle-solution-data-analyst-campaign-nexthire-c7bmo4lf,Machine Learning,Machine Learning
freehire:mantle-solution-data-analyst-campaign-nexthire-c7bmo4lf,NumPy,Programming
freehire:mantle-solution-data-analyst-campaign-nexthire-c7bmo4lf,Pandas,Programming
freehire:mantle-solution-data-analyst-campaign-nexthire-c7bmo4lf,Python,Programming
freehire:mantle-solution-data-analyst-campaign-nexthire-c7bmo4lf,SQL,Database / Query
freehire:mantle-solution-data-analyst-campaign-nexthire-c7bmo4lf,Spark,Data Engineering
freehire:data-analyst-india-innovmetric-software-inc-lvaw2z2q,DAX,BI / Visualization
freehire:data-analyst-india-innovmetric-software-inc-lvaw2z2q,Excel,Spreadsheet
freehire:data-analyst-india-innovmetric-software-inc-lvaw2z2q,Power BI,BI / Visualization
freehire:data-analyst-india-innovmetric-software-inc-lvaw2z2q,Power Query,BI / Visualization
freehire:data-analyst-india-innovmetric-software-inc-lvaw2z2q,Python,Programming
freehire:data-analyst-india-innovmetric-software-inc-lvaw2z2q,Tableau,BI / Visualization
freehire:manager-business-analysis-business-analyst-exl-fxjaje2p,Machine Learning,Machine Learning
freehire:manager-business-analysis-business-analyst-exl-fxjaje2p,Python,Programming
freehire:manager-business-analysis-business-analyst-exl-fxjaje2p,Regression,Statistics / Analytics
freehire:business-analyst-louis-dreyfus-company-avxey5ip,Excel,Spreadsheet
freehire:principal-business-analyst-serialization-amgen-m6be2crd,SAP,Enterprise Tool
freehire:senior-business-analyst-morningstar-ezbtzmzy,Jira,Collaboration Tool
freehire:global-data-analyst-contract-hitachi-energy-k5wsidac,Azure,Cloud
freehire:global-data-analyst-contract-hitachi-energy-k5wsidac,DAX,BI / Visualization
freehire:global-data-analyst-contract-hitachi-energy-k5wsidac,Data Warehousing,Data Engineering
freehire:global-data-analyst-contract-hitachi-energy-k5wsidac,Excel,Spreadsheet
freehire:global-data-analyst-contract-hitachi-energy-k5wsidac,Power BI,BI / Visualization
freehire:global-data-analyst-contract-hitachi-energy-k5wsidac,SQL,Database / Query
freehire:global-data-analyst-contract-hitachi-energy-k5wsidac,Statistics,Statistics / Analytics
freehire:data-analyst-atlys-cqkxmwca,Looker,BI / Visualization
freehire:data-analyst-atlys-cqkxmwca,Power BI,BI / Visualization
freehire:data-analyst-atlys-cqkxmwca,Python,Programming
freehire:data-analyst-atlys-cqkxmwca,SQL,Database / Query
freehire:data-analyst-atlys-cqkxmwca,Tableau,BI / Visualization
freehire:associate-business-analyst-exl-stkxgziw,Excel,Spreadsheet
freehire:associate-business-analyst-exl-stkxgziw,SQL,Database / Query
freehire:associate-business-analyst-exl-stkxgziw,Statistics,Statistics / Analytics
freehire:associate-data-analyst-exl-6crmeomy,AWS,Cloud
freehire:associate-data-analyst-exl-6crmeomy,Azure,Cloud
freehire:associate-data-analyst-exl-6crmeomy,GCP,Cloud
freehire:associate-data-analyst-exl-6crmeomy,Git,Developer Tool
freehire:associate-data-analyst-exl-6crmeomy,Python,Programming
freehire:investment-risk-analyst-russell-rrltqzmc,SQL,Database / Query
freehire:mis-senior-executive-data-analyst-skysun-4jcrfjcf,Excel,Spreadsheet
freehire:mis-senior-executive-data-analyst-skysun-4jcrfjcf,Power BI,BI / Visualization
freehire:mis-senior-executive-data-analyst-skysun-4jcrfjcf,Tableau,BI / Visualization
freehire:business-analyst-the-toro-company-2dme53zy,Azure,Cloud
freehire:business-analyst-the-toro-company-2dme53zy,Jira,Collaboration Tool
freehire:data-analyst-intern-allen-online-ftm3cm2m,Excel,Spreadsheet
freehire:data-analyst-intern-allen-online-ftm3cm2m,Power BI,BI / Visualization
freehire:data-analyst-intern-allen-online-ftm3cm2m,Tableau,BI / Visualization
freehire:assistant-manager-data-analyst-kpmg-ukraine-a6qqoani,Data Modeling,Data Engineering
freehire:assistant-manager-data-analyst-kpmg-ukraine-a6qqoani,Machine Learning,Machine Learning
freehire:assistant-manager-data-analyst-kpmg-ukraine-a6qqoani,Python,Programming
freehire:assistant-manager-data-analyst-kpmg-ukraine-a6qqoani,SQL,Database / Query
freehire:assistant-manager-data-analyst-kpmg-ukraine-a6qqoani,Spark,Data Engineering
freehire:third-party-risk-analyst-sr-old-national-bank-tegofdqf,Excel,Spreadsheet
freehire:business-intelligence-analyst-netapp-njvh4n5z,Excel,Spreadsheet
freehire:business-intelligence-analyst-netapp-njvh4n5z,Power BI,BI / Visualization
freehire:business-intelligence-analyst-netapp-njvh4n5z,Python,Programming
freehire:business-intelligence-analyst-netapp-njvh4n5z,SQL,Database / Query
freehire:business-intelligence-analyst-netapp-njvh4n5z,Statistics,Statistics / Analytics
freehire:business-analyst-offshore-exl-efmytoc7,Data Modeling,Data Engineering
freehire:business-analyst-offshore-exl-efmytoc7,SQL,Database / Query
freehire:business-analyst-offshore-exl-efmytoc7,Snowflake,Cloud / Warehouse
freehire:business-analyst-perkinelmer-pw26xoab,Forecasting,Statistics / Analytics
freehire:business-analyst-perkinelmer-pw26xoab,Power BI,BI / Visualization
freehire:product-analyst-nanonets-oh7rdnut,A/B Testing,Statistics / Analytics
freehire:product-analyst-nanonets-oh7rdnut,Machine Learning,Machine Learning
freehire:product-analyst-nanonets-oh7rdnut,Python,Programming
freehire:product-analyst-nanonets-oh7rdnut,SQL,Database / Query
freehire:business-analyst-kroll-n5i5eun2,Excel,Spreadsheet
freehire:business-analyst-kroll-n5i5eun2,SQL,Database / Query
freehire:it-business-analyst-finance-reporting-and-analytics-d365-coe-eurofins-3wktbpga,Data Modeling,Data Engineering
freehire:it-business-analyst-finance-reporting-and-analytics-d365-coe-eurofins-3wktbpga,Excel,Spreadsheet
freehire:it-business-analyst-finance-reporting-and-analytics-d365-coe-eurofins-3wktbpga,Forecasting,Statistics / Analytics
freehire:it-business-analyst-finance-reporting-and-analytics-d365-coe-eurofins-3wktbpga,Power BI,BI / Visualization
freehire:invoicemart-business-analyst-nexthire-kgmhhsll,Jira,Collaboration Tool
freehire:data-analyst-barclays-ftavtwm3,Git,Developer Tool
freehire:data-analyst-barclays-ftavtwm3,Hadoop,Data Engineering
freehire:data-analyst-barclays-ftavtwm3,Machine Learning,Machine Learning
freehire:data-analyst-barclays-ftavtwm3,Python,Programming
freehire:data-analyst-barclays-ftavtwm3,SQL,Database / Query
freehire:data-analyst-barclays-ftavtwm3,Spark,Data Engineering
freehire:business-analyst-mumbai-bangalore-photon-ac5nomod,Jira,Collaboration Tool
freehire:business-analyst-mumbai-bangalore-photon-ac5nomod,SQL,Database / Query
freehire:data-analyst-i-parker-n7mw3csg,Data Modeling,Data Engineering
freehire:data-analyst-i-parker-n7mw3csg,Python,Programming
freehire:data-analyst-i-parker-n7mw3csg,SQL,Database / Query
freehire:westfield-data-analyst-exl-npizk3uh,Data Modeling,Data Engineering
freehire:westfield-data-analyst-exl-npizk3uh,SQL,Database / Query
freehire:westfield-data-analyst-exl-npizk3uh,Snowflake,Cloud / Warehouse
freehire:business-analyst-s3-works-exl-hnhnbtrx,Data Modeling,Data Engineering
freehire:business-analyst-s3-works-exl-hnhnbtrx,SQL,Database / Query
freehire:business-analyst-s3-works-exl-hnhnbtrx,Snowflake,Cloud / Warehouse
freehire:business-analyst-quess-corp-limited-sb4pyckl,Forecasting,Statistics / Analytics
freehire:senior-pricing-analyst-thomson-reuters-b52w4mtq,Alteryx,Analytics Tool
freehire:senior-pricing-analyst-thomson-reuters-b52w4mtq,ETL,Data Engineering
freehire:senior-pricing-analyst-thomson-reuters-b52w4mtq,Excel,Spreadsheet
freehire:senior-pricing-analyst-thomson-reuters-b52w4mtq,Power BI,BI / Visualization
freehire:senior-pricing-analyst-thomson-reuters-b52w4mtq,SQL,Database / Query
freehire:senior-pricing-analyst-thomson-reuters-b52w4mtq,Tableau,BI / Visualization
freehire:senior-pricing-systems-insight-analyst-travelex-wtsynpau,AWS,Cloud
freehire:senior-pricing-systems-insight-analyst-travelex-wtsynpau,Excel,Spreadsheet
freehire:senior-pricing-systems-insight-analyst-travelex-wtsynpau,Power BI,BI / Visualization
freehire:senior-pricing-systems-insight-analyst-travelex-wtsynpau,Python,Programming
freehire:senior-pricing-systems-insight-analyst-travelex-wtsynpau,SQL,Database / Query
freehire:elevatoz-loyalty-data-analyst-manager-nexthire-ukdppluh,AWS,Cloud
freehire:elevatoz-loyalty-data-analyst-manager-nexthire-ukdppluh,Airflow,Data Engineering
freehire:elevatoz-loyalty-data-analyst-manager-nexthire-ukdppluh,Azure,Cloud
freehire:elevatoz-loyalty-data-analyst-manager-nexthire-ukdppluh,Data Modeling,Data Engineering
freehire:elevatoz-loyalty-data-analyst-manager-nexthire-ukdppluh,ETL,Data Engineering
freehire:elevatoz-loyalty-data-analyst-manager-nexthire-ukdppluh,Forecasting,Statistics / Analytics
freehire:elevatoz-loyalty-data-analyst-manager-nexthire-ukdppluh,Power BI,BI / Visualization
freehire:elevatoz-loyalty-data-analyst-manager-nexthire-ukdppluh,Python,Programming
freehire:elevatoz-loyalty-data-analyst-manager-nexthire-ukdppluh,SQL,Database / Query
freehire:elevatoz-loyalty-data-analyst-manager-nexthire-ukdppluh,Snowflake,Cloud / Warehouse
freehire:elevatoz-loyalty-data-analyst-manager-nexthire-ukdppluh,dbt,Data Engineering
freehire:operations-analyst-travclan-swn3ztub,Excel,Spreadsheet
freehire:data-operations-analyst-zepz-d7w7jdnz,Data Warehousing,Data Engineering
freehire:data-operations-analyst-zepz-d7w7jdnz,Databricks,Data Engineering
freehire:data-operations-analyst-zepz-d7w7jdnz,Excel,Spreadsheet
freehire:data-operations-analyst-zepz-d7w7jdnz,Looker,BI / Visualization
freehire:data-operations-analyst-zepz-d7w7jdnz,Power BI,BI / Visualization
freehire:data-operations-analyst-zepz-d7w7jdnz,Python,Programming
freehire:data-operations-analyst-zepz-d7w7jdnz,SQL,Database / Query
freehire:data-operations-analyst-zepz-d7w7jdnz,Tableau,BI / Visualization
freehire:data-governance-innovation-analyst-msd-7g4rabyw,AWS,Cloud
freehire:data-governance-innovation-analyst-msd-7g4rabyw,Azure,Cloud
freehire:data-governance-innovation-analyst-msd-7g4rabyw,GCP,Cloud
freehire:data-governance-innovation-analyst-msd-7g4rabyw,Python,Programming
freehire:test-data-management-analyst-manager-pwc-2ga6u3e3,ETL,Data Engineering
freehire:test-data-management-analyst-manager-pwc-2ga6u3e3,SQL,Database / Query
freehire:corporate-finance-treasury-chief-investment-office-chief-data-office-data-quality-execution-analyst-jpmorganchase-oherm2rw,Excel,Spreadsheet
freehire:corporate-finance-treasury-chief-investment-office-chief-data-office-data-quality-execution-analyst-jpmorganchase-oherm2rw,Python,Programming
freehire:corporate-finance-treasury-chief-investment-office-chief-data-office-data-quality-execution-analyst-jpmorganchase-oherm2rw,Qlik,BI / Visualization
freehire:corporate-finance-treasury-chief-investment-office-chief-data-office-data-quality-execution-analyst-jpmorganchase-oherm2rw,Tableau,BI / Visualization
freehire:corporate-finance-treasury-chief-investment-office-chief-data-office-data-quality-execution-analyst-jp-morgan-chase-6af4gsts,Excel,Spreadsheet
freehire:corporate-finance-treasury-chief-investment-office-chief-data-office-data-quality-execution-analyst-jp-morgan-chase-6af4gsts,Python,Programming
freehire:corporate-finance-treasury-chief-investment-office-chief-data-office-data-quality-execution-analyst-jp-morgan-chase-6af4gsts,Qlik,BI / Visualization
freehire:corporate-finance-treasury-chief-investment-office-chief-data-office-data-quality-execution-analyst-jp-morgan-chase-6af4gsts,Tableau,BI / Visualization
freehire:sales-operations-analyst-subscriptions-pure-storage-65az4bnx,Data Modeling,Data Engineering
freehire:sales-operations-analyst-subscriptions-pure-storage-65az4bnx,Excel,Spreadsheet
freehire:sales-operations-analyst-subscriptions-pure-storage-65az4bnx,Jira,Collaboration Tool
freehire:business-intelligence-i-support-services-data-analytics-in-house-engineering-kotak-mahindra-bank-2nonobgw,A/B Testing,Statistics / Analytics
freehire:business-intelligence-i-support-services-data-analytics-in-house-engineering-kotak-mahindra-bank-2nonobgw,Machine Learning,Machine Learning
freehire:business-intelligence-i-support-services-data-analytics-in-house-engineering-kotak-mahindra-bank-2nonobgw,Python,Programming
freehire:business-intelligence-i-support-services-data-analytics-in-house-engineering-kotak-mahindra-bank-2nonobgw,SAS,Statistics / Analytics
freehire:business-intelligence-i-support-services-data-analytics-in-house-engineering-kotak-mahindra-bank-2nonobgw,SQL,Database / Query
freehire:business-intelligence-i-support-services-data-analytics-in-house-engineering-kotak-mahindra-bank-2nonobgw,Statistics,Statistics / Analytics
freehire:sales-operations-analyst-mongodb-ucwpfz4o,AWS,Cloud
freehire:sales-operations-analyst-mongodb-ucwpfz4o,Azure,Cloud
freehire:sales-operations-analyst-mongodb-ucwpfz4o,Power BI,BI / Visualization
freehire:sales-operations-analyst-mongodb-ucwpfz4o,SQL,Database / Query
freehire:sales-operations-analyst-mongodb-ucwpfz4o,Tableau,BI / Visualization
freehire:data-quality-analyst-salesforce-data-steward-jobgether-ajdpffq6,Excel,Spreadsheet
freehire:data-quality-analyst-salesforce-data-steward-jobgether-ajdpffq6,Power BI,BI / Visualization
freehire:data-quality-analyst-salesforce-data-steward-jobgether-ajdpffq6,Python,Programming
freehire:data-quality-analyst-salesforce-data-steward-jobgether-ajdpffq6,SQL,Database / Query
freehire:data-quality-analyst-salesforce-data-steward-jobgether-ajdpffq6,Snowflake,Cloud / Warehouse
freehire:senior-data-operations-analyst-python-nielseniq-rxv5ytun,Python,Programming
freehire:data-science-and-advanced-analytics-analyst-rtx-xggxkxai,Azure,Cloud
freehire:data-science-and-advanced-analytics-analyst-rtx-xggxkxai,Databricks,Data Engineering
freehire:data-science-and-advanced-analytics-analyst-rtx-xggxkxai,Forecasting,Statistics / Analytics
freehire:data-science-and-advanced-analytics-analyst-rtx-xggxkxai,Git,Developer Tool
freehire:data-science-and-advanced-analytics-analyst-rtx-xggxkxai,Machine Learning,Machine Learning
freehire:data-science-and-advanced-analytics-analyst-rtx-xggxkxai,Power BI,BI / Visualization
freehire:data-science-and-advanced-analytics-analyst-rtx-xggxkxai,Python,Programming
freehire:data-science-and-advanced-analytics-analyst-rtx-xggxkxai,SQL,Database / Query
freehire:data-science-and-advanced-analytics-analyst-rtx-xggxkxai,Spark,Data Engineering
freehire:data-science-and-advanced-analytics-analyst-rtx-xggxkxai,Statistics,Statistics / Analytics
freehire:business-analyst-big-data-platform-services-cibc-india-nbhfo47j,Azure,Cloud
freehire:business-analyst-big-data-platform-services-cibc-india-nbhfo47j,Data Modeling,Data Engineering
freehire:business-analyst-big-data-platform-services-cibc-india-nbhfo47j,Databricks,Data Engineering
freehire:business-analyst-big-data-platform-services-cibc-india-nbhfo47j,Excel,Spreadsheet
freehire:business-analyst-big-data-platform-services-cibc-india-nbhfo47j,Git,Developer Tool
freehire:business-analyst-big-data-platform-services-cibc-india-nbhfo47j,Hadoop,Data Engineering
freehire:business-analyst-big-data-platform-services-cibc-india-nbhfo47j,Jira,Collaboration Tool
freehire:business-analyst-big-data-platform-services-cibc-india-nbhfo47j,SQL,Database / Query
freehire:analyst-data-governance-management-american-express-wmr6i6i5,AWS,Cloud
freehire:analyst-data-governance-management-american-express-wmr6i6i5,Power BI,BI / Visualization
freehire:analyst-data-governance-management-american-express-wmr6i6i5,SQL,Database / Query
freehire:analyst-data-governance-management-american-express-wmr6i6i5,Tableau,BI / Visualization
freehire:analyst-data-governance-mgmt-american-express-27d4jit7,GCP,Cloud
freehire:analyst-data-governance-mgmt-american-express-27d4jit7,Python,Programming
freehire:analyst-data-governance-mgmt-american-express-27d4jit7,SQL,Database / Query
freehire:principal-data-operations-analyst-nielseniq-ac4eqtw7,Data Modeling,Data Engineering
freehire:principal-data-operations-analyst-nielseniq-ac4eqtw7,ETL,Data Engineering
freehire:principal-data-operations-analyst-nielseniq-ac4eqtw7,Excel,Spreadsheet
freehire:principal-data-operations-analyst-nielseniq-ac4eqtw7,Python,Programming
freehire:principal-data-operations-analyst-nielseniq-ac4eqtw7,SAP,Enterprise Tool
freehire:principal-data-operations-analyst-nielseniq-ac4eqtw7,Statistics,Statistics / Analytics
freehire:monetization-operations-analyst-stripe-swc2xrch,Excel,Spreadsheet
freehire:monetization-operations-analyst-stripe-swc2xrch,SQL,Database / Query
freehire:analyst-data-governance-management-american-express-x5dtvb7n,Git,Developer Tool
freehire:analyst-data-governance-management-american-express-x5dtvb7n,Statistics,Statistics / Analytics
freehire:business-intelligence-ii-support-services-data-analytics-in-house-engineering-kotak-mahindra-bank-n7jxz3np,AWS,Cloud
freehire:business-intelligence-ii-support-services-data-analytics-in-house-engineering-kotak-mahindra-bank-n7jxz3np,Python,Programming
freehire:business-intelligence-ii-support-services-data-analytics-in-house-engineering-kotak-mahindra-bank-n7jxz3np,SAS,Statistics / Analytics
freehire:business-intelligence-ii-support-services-data-analytics-in-house-engineering-kotak-mahindra-bank-n7jxz3np,SQL,Database / Query
freehire:business-intelligence-ii-support-services-data-analytics-in-house-engineering-kotak-mahindra-bank-n7jxz3np,Statistics,Statistics / Analytics
freehire:legal-operations-analyst-corteva-65mwuicp,Excel,Spreadsheet
freehire:legal-operations-analyst-corteva-65mwuicp,Power BI,BI / Visualization
freehire:senior-renewals-operations-analyst-ii-rubrik-4ikjocw2,Machine Learning,Machine Learning
freehire:senior-renewals-operations-analyst-ii-rubrik-4ikjocw2,Tableau,BI / Visualization
freehire:marketing-analytics-analyst-redwood-software-o7orjh3q,BigQuery,Cloud / Warehouse
freehire:marketing-analytics-analyst-redwood-software-o7orjh3q,Data Modeling,Data Engineering
freehire:marketing-analytics-analyst-redwood-software-o7orjh3q,Looker,BI / Visualization
freehire:marketing-analytics-analyst-redwood-software-o7orjh3q,Power BI,BI / Visualization
freehire:marketing-analytics-analyst-redwood-software-o7orjh3q,Python,Programming
freehire:marketing-analytics-analyst-redwood-software-o7orjh3q,Qlik,BI / Visualization
freehire:marketing-analytics-analyst-redwood-software-o7orjh3q,SQL,Database / Query
freehire:marketing-analytics-analyst-redwood-software-o7orjh3q,Snowflake,Cloud / Warehouse
freehire:marketing-analytics-analyst-redwood-software-o7orjh3q,Tableau,BI / Visualization
freehire:marketing-analytics-analyst-redwood-software-o7orjh3q,dbt,Data Engineering
freehire:data-engineering-lead-analyst-evernorth-oyqlgmz4,AWS,Cloud
freehire:data-engineering-lead-analyst-evernorth-oyqlgmz4,Databricks,Data Engineering
freehire:data-engineering-lead-analyst-evernorth-oyqlgmz4,Git,Developer Tool
freehire:data-engineering-lead-analyst-evernorth-oyqlgmz4,Jira,Collaboration Tool
freehire:data-engineering-lead-analyst-evernorth-oyqlgmz4,Python,Programming
freehire:data-engineering-lead-analyst-evernorth-oyqlgmz4,SQL,Database / Query
freehire:data-engineering-lead-analyst-evernorth-oyqlgmz4,Tableau,BI / Visualization
freehire:product-operations-analyst-private-markets-avp-state-street-bga7sdey,Jira,Collaboration Tool
freehire:product-operations-analyst-private-markets-avp-state-street-bga7sdey,Looker,BI / Visualization
freehire:product-operations-analyst-private-markets-avp-state-street-bga7sdey,Power BI,BI / Visualization
freehire:product-operations-analyst-private-markets-avp-state-street-bga7sdey,Python,Programming
freehire:product-operations-analyst-private-markets-avp-state-street-bga7sdey,SQL,Database / Query
freehire:product-operations-analyst-private-markets-avp-state-street-bga7sdey,Tableau,BI / Visualization
freehire:business-operations-analyst-numerix-2pagiemh,AWS,Cloud
freehire:business-operations-analyst-numerix-2pagiemh,Python,Programming
freehire:business-operations-analyst-numerix-2pagiemh,Statistics,Statistics / Analytics
freehire:alts-data-operations-analyst-addepar-lq6jbghh,Excel,Spreadsheet
freehire:alts-data-operations-analyst-addepar-lq6jbghh,Jira,Collaboration Tool
freehire:alts-data-operations-analyst-addepar-lq6jbghh,Machine Learning,Machine Learning
freehire:business-intelligence-architect-jobgether-rfyafs67,Data Modeling,Data Engineering
freehire:business-intelligence-architect-jobgether-rfyafs67,Databricks,Data Engineering
freehire:business-intelligence-architect-jobgether-rfyafs67,Excel,Spreadsheet
freehire:business-intelligence-architect-jobgether-rfyafs67,Jira,Collaboration Tool
freehire:business-intelligence-architect-jobgether-rfyafs67,Power BI,BI / Visualization
freehire:business-intelligence-architect-jobgether-rfyafs67,Python,Programming
freehire:business-intelligence-architect-jobgether-rfyafs67,SQL,Database / Query
freehire:data-operations-analyst-team-leader-jpmorganchase-psbyvtt3,Excel,Spreadsheet
freehire:data-operations-analyst-team-leader-jpmorganchase-psbyvtt3,Power BI,BI / Visualization
freehire:data-operations-analyst-team-leader-jpmorganchase-psbyvtt3,SAP,Enterprise Tool
freehire:data-operations-analyst-team-leader-jp-morgan-chase-gczvhoc4,Excel,Spreadsheet
freehire:data-operations-analyst-team-leader-jp-morgan-chase-gczvhoc4,Power BI,BI / Visualization
freehire:data-operations-analyst-team-leader-jp-morgan-chase-gczvhoc4,SAP,Enterprise Tool
freehire:business-analyst-support-ftc-in-supply-chain-automation-amazon-ke7hkkrr,ETL,Data Engineering
freehire:business-analyst-support-ftc-in-supply-chain-automation-amazon-ke7hkkrr,Excel,Spreadsheet
freehire:business-analyst-support-ftc-in-supply-chain-automation-amazon-ke7hkkrr,SQL,Database / Query
freehire:business-analyst-support-ftc-in-supply-chain-automation-amazon-ke7hkkrr,Statistics,Statistics / Analytics
freehire:business-analyst-support-ftc-in-supply-chain-automation-amazon-ke7hkkrr,Tableau,BI / Visualization
freehire:accounting-reporting-analyst-ga-abb-rbenkuhz,SAP,Enterprise Tool
freehire:data-governance-analyst-data-specialist-caterpillar-inc-q42cby5e,ETL,Data Engineering
freehire:lead-analyst-data-governance-and-quality-4c-genpact-w7xiuin6,Azure,Cloud
freehire:lead-analyst-data-governance-and-quality-4c-genpact-w7xiuin6,Databricks,Data Engineering
freehire:lead-analyst-data-governance-and-quality-4c-genpact-w7xiuin6,Excel,Spreadsheet
freehire:lead-analyst-data-governance-and-quality-4c-genpact-w7xiuin6,Oracle,Database / Query
freehire:lead-analyst-data-governance-and-quality-4c-genpact-w7xiuin6,Power BI,BI / Visualization
freehire:lead-analyst-data-governance-and-quality-4c-genpact-w7xiuin6,SQL,Database / Query
freehire:lead-analyst-data-governance-and-quality-4c-genpact-w7xiuin6,Spark,Data Engineering
freehire:lead-analyst-data-governance-and-quality-4c-genpact-w7xiuin6,Statistics,Statistics / Analytics
freehire:lead-analyst-data-governance-and-quality-4c-genpact-w7xiuin6,Tableau,BI / Visualization
freehire:gn-i-e-utilities-data-architect-analyst-accenture-s57ppprf,AWS,Cloud
freehire:gn-i-e-utilities-data-architect-analyst-accenture-s57ppprf,Azure,Cloud
freehire:gn-i-e-utilities-data-architect-analyst-accenture-s57ppprf,Data Modeling,Data Engineering
freehire:gn-i-e-utilities-data-architect-analyst-accenture-s57ppprf,GCP,Cloud
freehire:human-resources-service-excellence-reporting-analyst-vwr-hsuzecn5,Excel,Spreadsheet
freehire:human-resources-service-excellence-reporting-analyst-vwr-hsuzecn5,Power BI,BI / Visualization
freehire:human-resources-service-excellence-reporting-analyst-vwr-hsuzecn5,Tableau,BI / Visualization
freehire:data-governance-quality-analyst-citigroup-6uoz7jku,ETL,Data Engineering
freehire:data-governance-quality-analyst-citigroup-6uoz7jku,Machine Learning,Machine Learning
freehire:data-governance-quality-analyst-citigroup-6uoz7jku,Python,Programming
freehire:data-governance-quality-analyst-citigroup-6uoz7jku,SAS,Statistics / Analytics
freehire:data-governance-quality-analyst-citigroup-6uoz7jku,SQL,Database / Query
freehire:data-governance-quality-analyst-citigroup-6uoz7jku,Statistics,Statistics / Analytics
freehire:data-governance-quality-analyst-citigroup-6uoz7jku,Tableau,BI / Visualization
freehire:senior-sales-operations-analyst-sentinelone-jw2qtiyx,Jira,Collaboration Tool
freehire:data-analyst-data-science-arcadia-o76wkfea,A/B Testing,Statistics / Analytics
freehire:data-analyst-data-science-arcadia-o76wkfea,Machine Learning,Machine Learning
freehire:data-analyst-data-science-arcadia-o76wkfea,Python,Programming
freehire:data-analyst-data-science-arcadia-o76wkfea,SQL,Database / Query
freehire:data-analyst-data-science-arcadia-o76wkfea,Snowflake,Cloud / Warehouse
freehire:data-analyst-data-science-arcadia-o76wkfea,Statistics,Statistics / Analytics
freehire:gn-i-e-s-p-marketing-analytics-accenture-yqwlbipt,A/B Testing,Statistics / Analytics
freehire:gn-i-e-s-p-marketing-analytics-accenture-yqwlbipt,Excel,Spreadsheet
freehire:gn-i-e-s-p-marketing-analytics-accenture-yqwlbipt,Looker,BI / Visualization
freehire:gn-i-e-s-p-marketing-analytics-accenture-yqwlbipt,Power BI,BI / Visualization
freehire:gn-i-e-s-p-marketing-analytics-accenture-yqwlbipt,SQL,Database / Query
freehire:gn-i-e-s-p-marketing-analytics-accenture-yqwlbipt,Tableau,BI / Visualization
freehire:senior-product-analyst-accounting-finance-tala-jk6twl7g,Data Warehousing,Data Engineering
freehire:senior-product-analyst-accounting-finance-tala-jk6twl7g,Git,Developer Tool
freehire:senior-product-analyst-accounting-finance-tala-jk6twl7g,Python,Programming
freehire:senior-product-analyst-accounting-finance-tala-jk6twl7g,SQL,Database / Query
freehire:senior-product-analyst-accounting-finance-tala-jk6twl7g,Snowflake,Cloud / Warehouse
freehire:senior-product-analyst-accounting-finance-tala-jk6twl7g,dbt,Data Engineering
freehire:global-revenue-operations-analytics-analyst-protolabs-ndu462kz,Excel,Spreadsheet
freehire:global-revenue-operations-analytics-analyst-protolabs-ndu462kz,Looker,BI / Visualization
freehire:global-revenue-operations-analytics-analyst-protolabs-ndu462kz,Power BI,BI / Visualization
freehire:global-revenue-operations-analytics-analyst-protolabs-ndu462kz,SQL,Database / Query
freehire:global-revenue-operations-analytics-analyst-protolabs-ndu462kz,Statistics,Statistics / Analytics
freehire:global-revenue-operations-analytics-analyst-protolabs-ndu462kz,Tableau,BI / Visualization
freehire:data-engineering-lead-analyst-cigna-yzenua2l,AWS,Cloud
freehire:data-engineering-lead-analyst-cigna-yzenua2l,ELT,Data Engineering
freehire:data-engineering-lead-analyst-cigna-yzenua2l,ETL,Data Engineering
freehire:data-engineering-lead-analyst-cigna-yzenua2l,Git,Developer Tool
freehire:data-engineering-lead-analyst-cigna-yzenua2l,Jira,Collaboration Tool
freehire:data-engineering-lead-analyst-cigna-yzenua2l,Python,Programming
freehire:data-engineering-lead-analyst-cigna-yzenua2l,SQL,Database / Query
freehire:security-technical-business-analyst-luxoft-52iscgtb,Azure,Cloud
freehire:security-technical-business-analyst-luxoft-52iscgtb,Excel,Spreadsheet
freehire:security-technical-business-analyst-luxoft-52iscgtb,Python,Programming
freehire:security-technical-business-analyst-luxoft-52iscgtb,SQL,Database / Query
freehire:principal-data-operations-analyst-e-commerce-nielseniq-lxvdvntb,Data Modeling,Data Engineering
freehire:principal-data-operations-analyst-e-commerce-nielseniq-lxvdvntb,ETL,Data Engineering
freehire:principal-data-operations-analyst-e-commerce-nielseniq-lxvdvntb,Excel,Spreadsheet
freehire:principal-data-operations-analyst-e-commerce-nielseniq-lxvdvntb,Python,Programming
freehire:principal-data-operations-analyst-e-commerce-nielseniq-lxvdvntb,SAP,Enterprise Tool
freehire:principal-data-operations-analyst-e-commerce-nielseniq-lxvdvntb,Statistics,Statistics / Analytics
freehire:ai-revenue-operations-analyst-vendavo-uvlwhheb,Power BI,BI / Visualization
freehire:ai-revenue-operations-analyst-vendavo-uvlwhheb,Python,Programming
freehire:ai-revenue-operations-analyst-vendavo-uvlwhheb,Tableau,BI / Visualization
freehire:revenue-operations-analyst-madison-logic-d5v5utuo,Data Warehousing,Data Engineering
freehire:revenue-operations-analyst-madison-logic-d5v5utuo,Excel,Spreadsheet
freehire:revenue-operations-analyst-madison-logic-d5v5utuo,Forecasting,Statistics / Analytics
freehire:revenue-operations-analyst-madison-logic-d5v5utuo,Looker,BI / Visualization
freehire:revenue-operations-analyst-madison-logic-d5v5utuo,SQL,Database / Query
freehire:revenue-operations-analyst-madison-logic-d5v5utuo,Snowflake,Cloud / Warehouse
freehire:data-engineering-lead-analyst-cigna-group-i22o2uj4,AWS,Cloud
freehire:data-engineering-lead-analyst-cigna-group-i22o2uj4,ELT,Data Engineering
freehire:data-engineering-lead-analyst-cigna-group-i22o2uj4,ETL,Data Engineering
freehire:data-engineering-lead-analyst-cigna-group-i22o2uj4,Git,Developer Tool
freehire:data-engineering-lead-analyst-cigna-group-i22o2uj4,Jira,Collaboration Tool
freehire:data-engineering-lead-analyst-cigna-group-i22o2uj4,Python,Programming
freehire:data-engineering-lead-analyst-cigna-group-i22o2uj4,SQL,Database / Query
freehire:data-engineering-lead-analyst-allegiance-benefit-plan-management-styhzpcu,AWS,Cloud
freehire:data-engineering-lead-analyst-allegiance-benefit-plan-management-styhzpcu,ELT,Data Engineering
freehire:data-engineering-lead-analyst-allegiance-benefit-plan-management-styhzpcu,ETL,Data Engineering
freehire:data-engineering-lead-analyst-allegiance-benefit-plan-management-styhzpcu,Git,Developer Tool
freehire:data-engineering-lead-analyst-allegiance-benefit-plan-management-styhzpcu,Jira,Collaboration Tool
freehire:data-engineering-lead-analyst-allegiance-benefit-plan-management-styhzpcu,Python,Programming
freehire:data-engineering-lead-analyst-allegiance-benefit-plan-management-styhzpcu,SQL,Database / Query
freehire:service-operations-analyst-perkinelmer-xuwiujkd,Forecasting,Statistics / Analytics
freehire:mis-operations-analyst-jp-morgan-chase-uycx4jtl,Alteryx,Analytics Tool
freehire:mis-operations-analyst-jp-morgan-chase-uycx4jtl,Excel,Spreadsheet
freehire:mis-operations-analyst-jp-morgan-chase-uycx4jtl,Forecasting,Statistics / Analytics
freehire:mis-operations-analyst-jp-morgan-chase-uycx4jtl,SQL,Database / Query
freehire:mis-operations-analyst-jp-morgan-chase-uycx4jtl,Tableau,BI / Visualization
freehire:mis-operations-analyst-jpmorganchase-v5lks5t5,Alteryx,Analytics Tool
freehire:mis-operations-analyst-jpmorganchase-v5lks5t5,Excel,Spreadsheet
freehire:mis-operations-analyst-jpmorganchase-v5lks5t5,Forecasting,Statistics / Analytics
freehire:mis-operations-analyst-jpmorganchase-v5lks5t5,SQL,Database / Query
freehire:mis-operations-analyst-jpmorganchase-v5lks5t5,Tableau,BI / Visualization
freehire:data-mapping-analyst-manager-pwc-e4itbdx7,Statistics,Statistics / Analytics
freehire:quantitative-analyst-treasury-barclays-hd3t3cm5,Forecasting,Statistics / Analytics
freehire:quantitative-analyst-treasury-barclays-hd3t3cm5,Machine Learning,Machine Learning
freehire:quantitative-analyst-treasury-barclays-hd3t3cm5,Python,Programming
freehire:business-analyst-support-in-payments-amazon-6tl4ezgj,SQL,Database / Query
freehire:senior-analyst-data-governance-corp-functions-invesco-cjrpjkg4,Excel,Spreadsheet
freehire:business-analyst-support-supply-chain-amazon-54lmsvpi,ETL,Data Engineering
freehire:business-analyst-support-supply-chain-amazon-54lmsvpi,Python,Programming
freehire:business-analyst-support-supply-chain-amazon-54lmsvpi,Redshift,Cloud / Warehouse
freehire:business-analyst-support-supply-chain-amazon-54lmsvpi,SQL,Database / Query
freehire:business-analyst-support-supply-chain-amazon-54lmsvpi,Tableau,BI / Visualization
freehire:business-operations-analyst-bnk-customer-operations-atm-industry-ncratleos-pu3cwxhl,Forecasting,Statistics / Analytics
freehire:senior-business-analyst-pre-sales-tieto-tech-consulting-m-f-d-tieto2-5pmqcpfe,Azure,Cloud
freehire:senior-business-analyst-pre-sales-tieto-tech-consulting-m-f-d-tieto2-5pmqcpfe,Jira,Collaboration Tool
freehire:senior-business-analyst-pre-sales-tieto-tech-consulting-m-f-d-tieto2-5pmqcpfe,Machine Learning,Machine Learning
freehire:senior-business-analyst-pre-sales-tieto-tech-consulting-m-f-d-tieto2-5pmqcpfe,Power BI,BI / Visualization
freehire:data-operations-analyst-russell-investments-e6edyakp,Excel,Spreadsheet
freehire:data-operations-analyst-russell-investments-e6edyakp,Python,Programming
freehire:data-operations-analyst-russell-investments-e6edyakp,SQL,Database / Query
freehire:control-automation-data-science-analyst-citi-kz4uyuwv,Git,Developer Tool
freehire:control-automation-data-science-analyst-citi-kz4uyuwv,Hadoop,Data Engineering
freehire:control-automation-data-science-analyst-citi-kz4uyuwv,Machine Learning,Machine Learning
freehire:control-automation-data-science-analyst-citi-kz4uyuwv,NumPy,Programming
freehire:control-automation-data-science-analyst-citi-kz4uyuwv,Pandas,Programming
freehire:control-automation-data-science-analyst-citi-kz4uyuwv,Python,Programming
freehire:control-automation-data-science-analyst-citi-kz4uyuwv,SAS,Statistics / Analytics
freehire:control-automation-data-science-analyst-citi-kz4uyuwv,SQL,Database / Query
freehire:control-automation-data-science-analyst-citi-kz4uyuwv,Spark,Data Engineering
freehire:control-automation-data-science-analyst-citi-kz4uyuwv,Statistics,Statistics / Analytics
freehire:hr-operations-analyst-india-cieloprojects-gstimasd,Excel,Spreadsheet
freehire:product-owner-business-analyst-altera-corporation-vicggbho,AWS,Cloud
freehire:product-owner-business-analyst-altera-corporation-vicggbho,Azure,Cloud
freehire:product-owner-business-analyst-altera-corporation-vicggbho,BigQuery,Cloud / Warehouse
freehire:product-owner-business-analyst-altera-corporation-vicggbho,Data Modeling,Data Engineering
freehire:product-owner-business-analyst-altera-corporation-vicggbho,Data Warehousing,Data Engineering
freehire:product-owner-business-analyst-altera-corporation-vicggbho,Databricks,Data Engineering
freehire:product-owner-business-analyst-altera-corporation-vicggbho,ETL,Data Engineering
freehire:product-owner-business-analyst-altera-corporation-vicggbho,Jira,Collaboration Tool
freehire:product-owner-business-analyst-altera-corporation-vicggbho,Power BI,BI / Visualization
freehire:product-owner-business-analyst-altera-corporation-vicggbho,Qlik,BI / Visualization
freehire:product-owner-business-analyst-altera-corporation-vicggbho,Redshift,Cloud / Warehouse
freehire:product-owner-business-analyst-altera-corporation-vicggbho,SQL,Database / Query
freehire:product-owner-business-analyst-altera-corporation-vicggbho,SQL Server,Database / Query
freehire:product-owner-business-analyst-altera-corporation-vicggbho,Tableau,BI / Visualization
freehire:senior-revenue-operations-analyst-trellix-jhlqkig6,Excel,Spreadsheet
freehire:senior-revenue-operations-analyst-trellix-jhlqkig6,Forecasting,Statistics / Analytics
freehire:senior-revenue-operations-analyst-trellix-jhlqkig6,NumPy,Programming
freehire:senior-revenue-operations-analyst-trellix-jhlqkig6,Pandas,Programming
freehire:senior-revenue-operations-analyst-trellix-jhlqkig6,Power BI,BI / Visualization
freehire:senior-revenue-operations-analyst-trellix-jhlqkig6,Power Query,BI / Visualization
freehire:senior-revenue-operations-analyst-trellix-jhlqkig6,Python,Programming
freehire:senior-revenue-operations-analyst-trellix-jhlqkig6,SQL,Database / Query
freehire:campaign-operations-analyst-unisys-6u6dtwrf,SQL,Database / Query
freehire:accounting-reporting-analyst-ga-abb-plyd7nky,SAP,Enterprise Tool
freehire:alternatives-data-operations-analyst-addepar-5bg6az4i,Data Warehousing,Data Engineering
freehire:alternatives-data-operations-analyst-addepar-5bg6az4i,Databricks,Data Engineering
freehire:alternatives-data-operations-analyst-addepar-5bg6az4i,Excel,Spreadsheet
freehire:alternatives-data-operations-analyst-addepar-5bg6az4i,Git,Developer Tool
freehire:alternatives-data-operations-analyst-addepar-5bg6az4i,Jira,Collaboration Tool
freehire:alternatives-data-operations-analyst-addepar-5bg6az4i,Pandas,Programming
freehire:alternatives-data-operations-analyst-addepar-5bg6az4i,Python,Programming
freehire:alternatives-data-operations-analyst-addepar-5bg6az4i,SQL,Database / Query
freehire:alternatives-data-operations-analyst-addepar-5bg6az4i,Spark,Data Engineering
freehire:procurement-risk-analyst-cummins-inc-kfjvvqdl,Excel,Spreadsheet
freehire:procurement-risk-analyst-cummins-inc-kfjvvqdl,Forecasting,Statistics / Analytics
freehire:procurement-risk-analyst-cummins-inc-kfjvvqdl,Power BI,BI / Visualization
freehire:procurement-risk-analyst-cummins-inc-kfjvvqdl,Power Query,BI / Visualization
freehire:procurement-risk-analyst-cummins-inc-kfjvvqdl,SAP,Enterprise Tool
freehire:procurement-risk-analyst-cummins-inc-kfjvvqdl,SQL,Database / Query
freehire:business-operations-analyst-sla-reporting-fiserv-vthgeh7l,Excel,Spreadsheet
freehire:business-operations-analyst-sla-reporting-fiserv-vthgeh7l,NumPy,Programming
freehire:business-operations-analyst-sla-reporting-fiserv-vthgeh7l,Pandas,Programming
freehire:business-operations-analyst-sla-reporting-fiserv-vthgeh7l,Power BI,BI / Visualization
freehire:business-operations-analyst-sla-reporting-fiserv-vthgeh7l,Python,Programming
freehire:business-operations-analyst-sla-reporting-fiserv-vthgeh7l,SAP,Enterprise Tool
freehire:accounting-and-reporting-analyst-abb-nycaswgl,Excel,Spreadsheet
freehire:accounting-and-reporting-analyst-abb-nycaswgl,SAP,Enterprise Tool
freehire:data-engineering-senior-analyst-cigna-group-lvpaxyjv,AWS,Cloud
freehire:data-engineering-senior-analyst-cigna-group-lvpaxyjv,Azure,Cloud
freehire:data-engineering-senior-analyst-cigna-group-lvpaxyjv,Databricks,Data Engineering
freehire:data-engineering-senior-analyst-cigna-group-lvpaxyjv,ELT,Data Engineering
freehire:data-engineering-senior-analyst-cigna-group-lvpaxyjv,ETL,Data Engineering
freehire:data-engineering-senior-analyst-cigna-group-lvpaxyjv,GCP,Cloud
freehire:data-engineering-senior-analyst-cigna-group-lvpaxyjv,Git,Developer Tool
freehire:data-engineering-senior-analyst-cigna-group-lvpaxyjv,Jira,Collaboration Tool
freehire:data-engineering-senior-analyst-cigna-group-lvpaxyjv,Python,Programming
freehire:data-engineering-senior-analyst-cigna-group-lvpaxyjv,SQL,Database / Query
freehire:data-engineering-senior-analyst-cigna-group-lvpaxyjv,Spark,Data Engineering
freehire:data-engineering-senior-analyst-allegiance-benefit-plan-management-4ml4df7q,AWS,Cloud
freehire:data-engineering-senior-analyst-allegiance-benefit-plan-management-4ml4df7q,Azure,Cloud
freehire:data-engineering-senior-analyst-allegiance-benefit-plan-management-4ml4df7q,Databricks,Data Engineering
freehire:data-engineering-senior-analyst-allegiance-benefit-plan-management-4ml4df7q,ELT,Data Engineering
freehire:data-engineering-senior-analyst-allegiance-benefit-plan-management-4ml4df7q,ETL,Data Engineering
freehire:data-engineering-senior-analyst-allegiance-benefit-plan-management-4ml4df7q,GCP,Cloud
freehire:data-engineering-senior-analyst-allegiance-benefit-plan-management-4ml4df7q,Git,Developer Tool
freehire:data-engineering-senior-analyst-allegiance-benefit-plan-management-4ml4df7q,Jira,Collaboration Tool
freehire:data-engineering-senior-analyst-allegiance-benefit-plan-management-4ml4df7q,Python,Programming
freehire:data-engineering-senior-analyst-allegiance-benefit-plan-management-4ml4df7q,SQL,Database / Query
freehire:data-engineering-senior-analyst-allegiance-benefit-plan-management-4ml4df7q,Spark,Data Engineering
freehire:business-analyst-vrs-insights-isg-cross-coverage-ord-support-associate-lcd-data-and-analytics-morgan-stanley-6xs2fngx,Excel,Spreadsheet
freehire:business-analyst-vrs-insights-isg-cross-coverage-ord-support-associate-lcd-data-and-analytics-morgan-stanley-6xs2fngx,Power BI,BI / Visualization
freehire:business-analyst-vrs-insights-isg-cross-coverage-ord-support-associate-lcd-data-and-analytics-morgan-stanley-6xs2fngx,Tableau,BI / Visualization
freehire:portfolio-operations-analyst-hitachi-energy-vt4waihc,Forecasting,Statistics / Analytics
freehire:analyst-data-governance-and-quality-5b-genpact-kbnlq5cp,Azure,Cloud
freehire:analyst-data-governance-and-quality-5b-genpact-kbnlq5cp,Databricks,Data Engineering
freehire:analyst-data-governance-and-quality-5b-genpact-kbnlq5cp,Oracle,Database / Query
freehire:analyst-data-governance-and-quality-5b-genpact-kbnlq5cp,Spark,Data Engineering
freehire:analyst-data-governance-and-quality-5b-genpact-kbnlq5cp,Statistics,Statistics / Analytics
freehire:data-analyst-data-quality-data-governance-exl-fq5t3hby,Excel,Spreadsheet
freehire:data-analyst-data-quality-data-governance-exl-fq5t3hby,Python,Programming
freehire:data-analyst-data-quality-data-governance-exl-fq5t3hby,SQL,Database / Query
freehire:data-analyst-data-quality-data-governance-exl-fq5t3hby,Statistics,Statistics / Analytics
freehire:quality-and-data-governance-analyst-ii-mobility-gf7oe6kn,AWS,Cloud
freehire:quality-and-data-governance-analyst-ii-mobility-gf7oe6kn,Excel,Spreadsheet
freehire:quality-and-data-governance-analyst-ii-mobility-gf7oe6kn,Power BI,BI / Visualization
freehire:quality-and-data-governance-analyst-ii-mobility-gf7oe6kn,Python,Programming
freehire:quality-and-data-governance-analyst-ii-mobility-gf7oe6kn,SQL,Database / Query
freehire:quality-and-data-governance-analyst-ii-mobility-gf7oe6kn,Tableau,BI / Visualization
freehire:senior-digital-marketing-analyst-marketing-platform-operations-novartis-bltg7kah,BigQuery,Cloud / Warehouse
freehire:senior-digital-marketing-analyst-marketing-platform-operations-novartis-bltg7kah,Looker,BI / Visualization
freehire:senior-digital-marketing-analyst-marketing-platform-operations-novartis-bltg7kah,Power BI,BI / Visualization
freehire:senior-digital-marketing-analyst-marketing-platform-operations-novartis-bltg7kah,SQL,Database / Query
freehire:senior-digital-marketing-analyst-marketing-platform-operations-novartis-bltg7kah,Tableau,BI / Visualization
freehire:embedded-business-analyst-program-lead-lam-research-64tkexnj,Jira,Collaboration Tool
freehire:embedded-business-analyst-program-lead-lam-research-64tkexnj,Power BI,BI / Visualization
freehire:embedded-business-analyst-program-lead-lam-research-64tkexnj,Regression,Statistics / Analytics
freehire:embedded-business-analyst-program-lead-lam-research-64tkexnj,SAP,Enterprise Tool
freehire:embedded-business-analyst-program-lead-lam-research-64tkexnj,SQL,Database / Query
freehire:sr-analyst-data-governance-and-quality-4b-genpact-wk4gen3h,Azure,Cloud
freehire:sr-analyst-data-governance-and-quality-4b-genpact-wk4gen3h,Data Modeling,Data Engineering
freehire:sr-analyst-data-governance-and-quality-4b-genpact-wk4gen3h,Databricks,Data Engineering
freehire:sr-analyst-data-governance-and-quality-4b-genpact-wk4gen3h,Oracle,Database / Query
freehire:sr-analyst-data-governance-and-quality-4b-genpact-wk4gen3h,Spark,Data Engineering
freehire:sr-analyst-data-governance-and-quality-4b-genpact-wk4gen3h,Statistics,Statistics / Analytics
freehire:benefits-operations-analyst-edi-im-rippling-xujzhi2n,Jira,Collaboration Tool
freehire:business-operations-analyst-3-lam-research-fo4iuukn,Excel,Spreadsheet
freehire:business-operations-analyst-3-lam-research-fo4iuukn,SAP,Enterprise Tool
freehire:business-intelligence-analyst-data-engineering-medpace-inc-qn7ron45,Data Modeling,Data Engineering
freehire:business-intelligence-analyst-data-engineering-medpace-inc-qn7ron45,Data Warehousing,Data Engineering
freehire:business-intelligence-analyst-data-engineering-medpace-inc-qn7ron45,Python,Programming
freehire:business-intelligence-analyst-data-engineering-medpace-inc-qn7ron45,SQL,Database / Query
freehire:commercial-operations-analyst-nvent-uekd72rp,SQL,Database / Query
freehire:commercial-operations-analyst-nvent-uekd72rp,Statistics,Statistics / Analytics
freehire:commercial-operations-analyst-nvent-uekd72rp,Tableau,BI / Visualization
freehire:data-operations-analyst-intern-instawork-sm54xjay,Excel,Spreadsheet
freehire:data-operations-analyst-intern-instawork-sm54xjay,Power Query,BI / Visualization
freehire:data-operations-analyst-intern-instawork-sm54xjay,SQL,Database / Query
freehire:data-operations-analyst-intern-instawork-sm54xjay,Spark,Data Engineering
freehire:procurement-data-analytics-analyst-rolls-royce-hiqdig3y,SAP,Enterprise Tool
freehire:senior-consultant-data-governance-fractal-7ranhtlh,Machine Learning,Machine Learning
freehire:commercial-analytics-manager-amgen-rcpd6w5y,AWS,Cloud
freehire:commercial-analytics-manager-amgen-rcpd6w5y,Databricks,Data Engineering
freehire:commercial-analytics-manager-amgen-rcpd6w5y,Excel,Spreadsheet
freehire:commercial-analytics-manager-amgen-rcpd6w5y,Forecasting,Statistics / Analytics
freehire:commercial-analytics-manager-amgen-rcpd6w5y,Python,Programming
freehire:commercial-analytics-manager-amgen-rcpd6w5y,SQL,Database / Query
freehire:commercial-analytics-manager-amgen-rcpd6w5y,Tableau,BI / Visualization
freehire:procurement-risk-analyst-cummins-oyag4qhq,Excel,Spreadsheet
freehire:procurement-risk-analyst-cummins-oyag4qhq,Forecasting,Statistics / Analytics
freehire:procurement-risk-analyst-cummins-oyag4qhq,Power BI,BI / Visualization
freehire:procurement-risk-analyst-cummins-oyag4qhq,Power Query,BI / Visualization
freehire:procurement-risk-analyst-cummins-oyag4qhq,SAP,Enterprise Tool
freehire:procurement-risk-analyst-cummins-oyag4qhq,SQL,Database / Query
freehire:product-analyst-assistant-manager-lending-paytm-of3laxa7,A/B Testing,Statistics / Analytics
freehire:product-analyst-assistant-manager-lending-paytm-of3laxa7,Python,Programming
freehire:product-analyst-assistant-manager-lending-paytm-of3laxa7,SQL,Database / Query
freehire:business-operations-analyst-arrow-grvix6vg,Power BI,BI / Visualization
freehire:dfir-lead-cyber-operations-analyst-barclays-3h6zoch5,AWS,Cloud
freehire:dfir-lead-cyber-operations-analyst-barclays-3h6zoch5,Azure,Cloud
freehire:dfir-lead-cyber-operations-analyst-barclays-3h6zoch5,GCP,Cloud
freehire:manager-business-intelligence-fortrea-ngb7y2jn,Excel,Spreadsheet
freehire:manager-business-intelligence-fortrea-ngb7y2jn,Power BI,BI / Visualization
freehire:manager-business-intelligence-fortrea-ngb7y2jn,Power Query,BI / Visualization
freehire:manager-business-intelligence-fortrea-ngb7y2jn,Python,Programming
freehire:manager-business-intelligence-fortrea-ngb7y2jn,SQL,Database / Query
freehire:manager-business-intelligence-fortrea-ngb7y2jn,Statistics,Statistics / Analytics
freehire:manager-business-intelligence-fortrea-ngb7y2jn,Tableau,BI / Visualization
freehire:product-analyst-assistant-manager-travel-paytm-2i4ndi7e,A/B Testing,Statistics / Analytics
freehire:product-analyst-assistant-manager-travel-paytm-2i4ndi7e,SQL,Database / Query
freehire:data-governance-innovation-analyst-merck-nqi3r5kx,AWS,Cloud
freehire:data-governance-innovation-analyst-merck-nqi3r5kx,Azure,Cloud
freehire:data-governance-innovation-analyst-merck-nqi3r5kx,GCP,Cloud
freehire:data-governance-innovation-analyst-merck-nqi3r5kx,Python,Programming
freehire:senior-marketing-operations-analyst-india-kong-tnqa26jo,Snowflake,Cloud / Warehouse
freehire:senior-marketing-operations-analyst-india-kong-tnqa26jo,Tableau,BI / Visualization
freehire:data-science-senior-analyst-cigna-group-wq42hpxu,AWS,Cloud
freehire:data-science-senior-analyst-cigna-group-wq42hpxu,Databricks,Data Engineering
freehire:data-science-senior-analyst-cigna-group-wq42hpxu,Python,Programming
freehire:data-science-senior-analyst-cigna-group-wq42hpxu,SQL,Database / Query
freehire:data-science-senior-analyst-cigna-group-wq42hpxu,Statistics,Statistics / Analytics
freehire:data-science-senior-analyst-allegiance-benefit-plan-management-gvjrdhpa,AWS,Cloud
freehire:data-science-senior-analyst-allegiance-benefit-plan-management-gvjrdhpa,Databricks,Data Engineering
freehire:data-science-senior-analyst-allegiance-benefit-plan-management-gvjrdhpa,Python,Programming
freehire:data-science-senior-analyst-allegiance-benefit-plan-management-gvjrdhpa,SQL,Database / Query
freehire:data-science-senior-analyst-allegiance-benefit-plan-management-gvjrdhpa,Statistics,Statistics / Analytics
freehire:sales-commission-data-governance-analyst-nielseniq-sfau5n2o,Excel,Spreadsheet
freehire:sales-commission-data-governance-analyst-nielseniq-sfau5n2o,SAP,Enterprise Tool
freehire:senior-business-operations-analyst-conduent-mcnwwo4e,DAX,BI / Visualization
freehire:senior-business-operations-analyst-conduent-mcnwwo4e,Excel,Spreadsheet
freehire:senior-business-operations-analyst-conduent-mcnwwo4e,Forecasting,Statistics / Analytics
freehire:senior-business-operations-analyst-conduent-mcnwwo4e,Power BI,BI / Visualization
freehire:senior-business-operations-analyst-conduent-mcnwwo4e,Python,Programming
freehire:senior-business-operations-analyst-conduent-mcnwwo4e,SQL,Database / Query
freehire:senior-business-operations-analyst-conduent-mcnwwo4e,Tableau,BI / Visualization
freehire:data-operations-analyst-veeva-systems-xr7n457e,AWS,Cloud
freehire:data-operations-analyst-veeva-systems-xr7n457e,ETL,Data Engineering
freehire:data-operations-analyst-veeva-systems-xr7n457e,Python,Programming
freehire:data-operations-analyst-veeva-systems-xr7n457e,SQL,Database / Query
freehire:sr-data-science-analyst-indiana-university-health-habk3xtg,Excel,Spreadsheet
freehire:sr-data-science-analyst-indiana-university-health-habk3xtg,Power BI,BI / Visualization
freehire:sr-data-science-analyst-indiana-university-health-habk3xtg,Qlik,BI / Visualization
freehire:sr-data-science-analyst-indiana-university-health-habk3xtg,SQL,Database / Query
freehire:sr-data-science-analyst-indiana-university-health-habk3xtg,SQL Server,Database / Query
freehire:sr-data-science-analyst-indiana-university-health-habk3xtg,Tableau,BI / Visualization
freehire:fp-a-commercial-analyst-signify-gigvslx7,Forecasting,Statistics / Analytics
freehire:staff-specialist-digital-content-marketing-analyst-infineon-vnfpbazf,Looker,BI / Visualization
freehire:staff-specialist-digital-content-marketing-analyst-infineon-vnfpbazf,Power BI,BI / Visualization
freehire:staff-specialist-digital-content-marketing-analyst-infineon-vnfpbazf,Tableau,BI / Visualization
freehire:product-analyst-assistant-manager-paytm-ads-paytm-qofgkrnu,A/B Testing,Statistics / Analytics
freehire:product-analyst-assistant-manager-paytm-ads-paytm-qofgkrnu,Looker,BI / Visualization
freehire:product-analyst-assistant-manager-paytm-ads-paytm-qofgkrnu,Power BI,BI / Visualization
freehire:product-analyst-assistant-manager-paytm-ads-paytm-qofgkrnu,SQL,Database / Query
freehire:product-analyst-assistant-manager-paytm-ads-paytm-qofgkrnu,Tableau,BI / Visualization
freehire:customer-experience-operations-analyst-ii-power-bi-microsoft-fabric-modeln-fsr5run3,Power BI,BI / Visualization
freehire:it-application-operations-analyst-qadinc-lfzer6qa,MySQL,Database / Query
freehire:it-application-operations-analyst-qadinc-lfzer6qa,Python,Programming
freehire:it-application-operations-analyst-qadinc-lfzer6qa,SQL,Database / Query
freehire:senior-business-intelligence-manager-business-product-paytm-money-paytm-u2cvc7iv,A/B Testing,Statistics / Analytics
freehire:senior-business-intelligence-manager-business-product-paytm-money-paytm-u2cvc7iv,Looker,BI / Visualization
freehire:senior-business-intelligence-manager-business-product-paytm-money-paytm-u2cvc7iv,Power BI,BI / Visualization
freehire:senior-business-intelligence-manager-business-product-paytm-money-paytm-u2cvc7iv,Python,Programming
freehire:senior-business-intelligence-manager-business-product-paytm-money-paytm-u2cvc7iv,SQL,Database / Query
freehire:senior-business-intelligence-manager-business-product-paytm-money-paytm-u2cvc7iv,Tableau,BI / Visualization
freehire:lead-data-governance-quality-analyst-thomson-reuters-dxyehe2c,Azure,Cloud
freehire:lead-data-governance-quality-analyst-thomson-reuters-dxyehe2c,ELT,Data Engineering
freehire:lead-data-governance-quality-analyst-thomson-reuters-dxyehe2c,ETL,Data Engineering
freehire:lead-data-governance-quality-analyst-thomson-reuters-dxyehe2c,SQL,Database / Query
freehire:quality-analyst-generative-ai-data-quality-weloglobal-evqik6l7,ETL,Data Engineering
freehire:quantitative-analyst-avp-treasury-barclays-teml7n66,Forecasting,Statistics / Analytics
freehire:quantitative-analyst-avp-treasury-barclays-teml7n66,Machine Learning,Machine Learning
freehire:quantitative-analyst-avp-treasury-barclays-teml7n66,Python,Programming
freehire:algotale-wonderbotz-technical-program-manager-technical-business-analyst-nexthire-3uo6nutv,Excel,Spreadsheet
freehire:algotale-wonderbotz-technical-program-manager-technical-business-analyst-nexthire-3uo6nutv,Jira,Collaboration Tool
freehire:algotale-wonderbotz-technical-program-manager-technical-business-analyst-nexthire-3uo6nutv,Machine Learning,Machine Learning
freehire:algotale-wonderbotz-technical-program-manager-technical-business-analyst-nexthire-3uo6nutv,Power BI,BI / Visualization
freehire:senior-global-renewals-operations-analyst-barracuda-networks-inc-kghgwaa5,Excel,Spreadsheet
freehire:senior-global-renewals-operations-analyst-barracuda-networks-inc-kghgwaa5,Forecasting,Statistics / Analytics
freehire:senior-global-renewals-operations-analyst-barracuda-networks-inc-kghgwaa5,Power BI,BI / Visualization
freehire:accounting-and-reporting-analyst-p2p-abb-mb6zhzdr,Power BI,BI / Visualization
freehire:accounting-and-reporting-analyst-p2p-abb-mb6zhzdr,SAP,Enterprise Tool
freehire:accounting-and-reporting-analyst-ig-abb-ph3x3l2q,SAP,Enterprise Tool
freehire:staff-sales-operations-analyst-renesas-electronics-2odzxjzi,DAX,BI / Visualization
freehire:staff-sales-operations-analyst-renesas-electronics-2odzxjzi,Data Warehousing,Data Engineering
freehire:staff-sales-operations-analyst-renesas-electronics-2odzxjzi,Databricks,Data Engineering
freehire:staff-sales-operations-analyst-renesas-electronics-2odzxjzi,ETL,Data Engineering
freehire:staff-sales-operations-analyst-renesas-electronics-2odzxjzi,Excel,Spreadsheet
freehire:staff-sales-operations-analyst-renesas-electronics-2odzxjzi,Power BI,BI / Visualization
freehire:staff-sales-operations-analyst-renesas-electronics-2odzxjzi,Python,Programming
freehire:staff-sales-operations-analyst-renesas-electronics-2odzxjzi,SQL,Database / Query
freehire:staff-sales-operations-analyst-renesas-electronics-2odzxjzi,Spark,Data Engineering
freehire:manager-data-governance-northern-trust-iej75672,Alteryx,Analytics Tool
freehire:manager-data-governance-northern-trust-iej75672,Azure,Cloud
freehire:manager-data-governance-northern-trust-iej75672,Databricks,Data Engineering
freehire:manager-data-governance-northern-trust-iej75672,ETL,Data Engineering
freehire:manager-data-governance-northern-trust-iej75672,Power BI,BI / Visualization
freehire:manager-data-governance-northern-trust-iej75672,Python,Programming
freehire:manager-data-governance-northern-trust-iej75672,SQL,Database / Query
freehire:manager-data-governance-northern-trust-iej75672,Snowflake,Cloud / Warehouse
freehire:data-governance-engineer-all-generation-tech-7zfiowln,Snowflake,Cloud / Warehouse
freehire:data-governance-engineer-all-generation-tech-7zfiowln,dbt,Data Engineering
freehire:lead-alation-developer-data-governance-data-catalog-dataeconomy-7hcao2rs,AWS,Cloud
freehire:lead-alation-developer-data-governance-data-catalog-dataeconomy-7hcao2rs,Azure,Cloud
freehire:lead-alation-developer-data-governance-data-catalog-dataeconomy-7hcao2rs,Databricks,Data Engineering
freehire:lead-alation-developer-data-governance-data-catalog-dataeconomy-7hcao2rs,Python,Programming
freehire:lead-alation-developer-data-governance-data-catalog-dataeconomy-7hcao2rs,SQL,Database / Query
freehire:lead-alation-developer-data-governance-data-catalog-dataeconomy-7hcao2rs,Snowflake,Cloud / Warehouse
freehire:manager-risk-analytics-icq-retail-mfb-internal-control-quality-mumbai-lodha-i-think-techno-campus-jm-tata-capital-xm3k2tbs,Excel,Spreadsheet
freehire:marketing-analytics-manager-redwood-software-c6ocexki,Power BI,BI / Visualization
freehire:marketing-analytics-manager-redwood-software-c6ocexki,Python,Programming
freehire:marketing-analytics-manager-redwood-software-c6ocexki,Qlik,BI / Visualization
freehire:marketing-analytics-manager-redwood-software-c6ocexki,SQL,Database / Query
freehire:marketing-analytics-manager-redwood-software-c6ocexki,Tableau,BI / Visualization
freehire:sr-manager-data-visualization-business-intelligence-mcdonalds-in-india-p22ospek,AWS,Cloud
freehire:sr-manager-data-visualization-business-intelligence-mcdonalds-in-india-p22ospek,Databricks,Data Engineering
freehire:sr-manager-data-visualization-business-intelligence-mcdonalds-in-india-p22ospek,GCP,Cloud
freehire:sr-manager-data-visualization-business-intelligence-mcdonalds-in-india-p22ospek,Looker,BI / Visualization
freehire:sr-manager-data-visualization-business-intelligence-mcdonalds-in-india-p22ospek,Power BI,BI / Visualization
freehire:sr-manager-data-visualization-business-intelligence-mcdonalds-in-india-p22ospek,Redshift,Cloud / Warehouse
freehire:sr-manager-data-visualization-business-intelligence-mcdonalds-in-india-p22ospek,SQL,Database / Query
freehire:sr-manager-data-visualization-business-intelligence-mcdonalds-in-india-p22ospek,Snowflake,Cloud / Warehouse
freehire:sr-manager-data-visualization-business-intelligence-mcdonalds-in-india-p22ospek,Tableau,BI / Visualization
freehire:automation-engineer-data-governance-exl-m7whtkgy,AWS,Cloud
freehire:automation-engineer-data-governance-exl-m7whtkgy,Git,Developer Tool
freehire:automation-engineer-data-governance-exl-m7whtkgy,Python,Programming
freehire:team-member-fraud-risk-analytics-support-services-fraud-risk-management-unit-kotak-mahindra-bank-dp6m3ovg,Excel,Spreadsheet
freehire:team-member-fraud-risk-analytics-support-services-fraud-risk-management-unit-kotak-mahindra-bank-dp6m3ovg,Python,Programming
freehire:team-member-fraud-risk-analytics-support-services-fraud-risk-management-unit-kotak-mahindra-bank-dp6m3ovg,SAS,Statistics / Analytics
freehire:team-member-fraud-risk-analytics-support-services-fraud-risk-management-unit-kotak-mahindra-bank-dp6m3ovg,Statistics,Statistics / Analytics
freehire:bi-business-intelligence-developer-pune-transperfect-4tzolnrc,Data Warehousing,Data Engineering
freehire:bi-business-intelligence-developer-pune-transperfect-4tzolnrc,ETL,Data Engineering
freehire:bi-business-intelligence-developer-pune-transperfect-4tzolnrc,Excel,Spreadsheet
freehire:bi-business-intelligence-developer-pune-transperfect-4tzolnrc,SQL,Database / Query
freehire:bi-business-intelligence-developer-pune-transperfect-4tzolnrc,SQL Server,Database / Query
freehire:bi-business-intelligence-developer-pune-transperfect-4tzolnrc,Snowflake,Cloud / Warehouse
freehire:bi-business-intelligence-developer-pune-transperfect-4tzolnrc,Statistics,Statistics / Analytics
freehire:bi-business-intelligence-developer-pune-transperfect-4tzolnrc,Tableau,BI / Visualization
freehire:global-data-quality-assurance-lead-astrazeneca-7p4sz6e5,AWS,Cloud
freehire:global-data-quality-assurance-lead-astrazeneca-7p4sz6e5,Power BI,BI / Visualization
freehire:global-data-quality-assurance-lead-astrazeneca-7p4sz6e5,SAP,Enterprise Tool
freehire:global-data-quality-assurance-lead-astrazeneca-7p4sz6e5,Snowflake,Cloud / Warehouse
freehire:data-governance-senior-associate-pwc-gkl7yyss,Azure,Cloud
freehire:data-governance-manager-pwc-mpqwpdp3,SQL,Database / Query
freehire:senior-data-governance-engineer-pearson-om7gmlqv,AWS,Cloud
freehire:senior-data-governance-engineer-pearson-om7gmlqv,Azure,Cloud
freehire:senior-data-governance-engineer-pearson-om7gmlqv,Databricks,Data Engineering
freehire:senior-data-governance-engineer-pearson-om7gmlqv,ELT,Data Engineering
freehire:senior-data-governance-engineer-pearson-om7gmlqv,ETL,Data Engineering
freehire:senior-data-governance-engineer-pearson-om7gmlqv,Python,Programming
freehire:senior-data-governance-engineer-pearson-om7gmlqv,SQL,Database / Query
freehire:senior-data-governance-engineer-pearson-om7gmlqv,Snowflake,Cloud / Warehouse
freehire:liquidity-data-governance-assistant-manager-state-street-dtbg4xai,Data Warehousing,Data Engineering
freehire:liquidity-data-governance-assistant-manager-state-street-dtbg4xai,Qlik,BI / Visualization
freehire:liquidity-data-governance-assistant-manager-state-street-dtbg4xai,SQL,Database / Query
freehire:liquidity-data-governance-assistant-manager-state-street-dtbg4xai,Tableau,BI / Visualization
freehire:manager-risk-analytics-mumbai-lodha-i-think-techno-campus-tata-capital-7ccd5q2s,Data Modeling,Data Engineering
freehire:manager-risk-analytics-mumbai-lodha-i-think-techno-campus-tata-capital-7ccd5q2s,Forecasting,Statistics / Analytics
freehire:manager-risk-analytics-mumbai-lodha-i-think-techno-campus-tata-capital-7ccd5q2s,Machine Learning,Machine Learning
freehire:manager-risk-analytics-mumbai-lodha-i-think-techno-campus-tata-capital-7ccd5q2s,Python,Programming
freehire:manager-risk-analytics-mumbai-lodha-i-think-techno-campus-tata-capital-7ccd5q2s,Regression,Statistics / Analytics
freehire:manager-risk-analytics-mumbai-lodha-i-think-techno-campus-tata-capital-7ccd5q2s,SQL,Database / Query
freehire:manager-risk-analytics-mumbai-lodha-i-think-techno-campus-tata-capital-7ccd5q2s,Statistics,Statistics / Analytics
freehire:business-intelligence-engineer-eu-prime-and-marketing-analytics-science-primas-amazon-syn7nnup,A/B Testing,Statistics / Analytics
freehire:business-intelligence-engineer-eu-prime-and-marketing-analytics-science-primas-amazon-syn7nnup,Data Modeling,Data Engineering
freehire:business-intelligence-engineer-eu-prime-and-marketing-analytics-science-primas-amazon-syn7nnup,Statistics,Statistics / Analytics
freehire:business-relationship-support-data-governance-sap-indovinya-p37vjaa4,Excel,Spreadsheet
freehire:business-relationship-support-data-governance-sap-indovinya-p37vjaa4,Power BI,BI / Visualization
freehire:business-relationship-support-data-governance-sap-indovinya-p37vjaa4,SAP,Enterprise Tool
freehire:business-relationship-support-data-governance-sap-indovinya-p37vjaa4,Tableau,BI / Visualization
freehire:impact-infotech-data-governance-lead-nexthire-7bgjsub4,Azure,Cloud
freehire:impact-infotech-data-governance-lead-nexthire-7bgjsub4,Snowflake,Cloud / Warehouse
freehire:reference-data-governance-specialist-amgen-oljug4tt,AWS,Cloud
freehire:reference-data-governance-specialist-amgen-oljug4tt,Databricks,Data Engineering
freehire:reference-data-governance-specialist-amgen-oljug4tt,ETL,Data Engineering
freehire:reference-data-governance-specialist-amgen-oljug4tt,Git,Developer Tool
freehire:reference-data-governance-specialist-amgen-oljug4tt,Python,Programming
freehire:reference-data-governance-specialist-amgen-oljug4tt,SQL,Database / Query
freehire:reference-data-governance-specialist-amgen-oljug4tt,Spark,Data Engineering
freehire:manager-data-governance-amp-metadata-management-ecsme-gn6jrbn4,Azure,Cloud
freehire:manager-data-governance-amp-metadata-management-ecsme-gn6jrbn4,ETL,Data Engineering
freehire:manager-data-governance-amp-metadata-management-ecsme-gn6jrbn4,Jira,Collaboration Tool
freehire:manager-data-governance-amp-metadata-management-ecsme-gn6jrbn4,Looker,BI / Visualization
freehire:manager-data-governance-amp-metadata-management-ecsme-gn6jrbn4,Power BI,BI / Visualization
freehire:manager-data-governance-amp-metadata-management-ecsme-gn6jrbn4,Snowflake,Cloud / Warehouse
freehire:manager-data-governance-amp-metadata-management-ecsme-gn6jrbn4,Tableau,BI / Visualization
freehire:data-quality-and-information-management-manager-citi-4vwjj4ei,ETL,Data Engineering
freehire:data-quality-and-information-management-manager-citi-4vwjj4ei,Machine Learning,Machine Learning
freehire:data-quality-and-information-management-manager-citi-4vwjj4ei,Python,Programming
freehire:data-quality-and-information-management-manager-citi-4vwjj4ei,SAS,Statistics / Analytics
freehire:data-quality-and-information-management-manager-citi-4vwjj4ei,SQL,Database / Query
freehire:data-quality-and-information-management-manager-citi-4vwjj4ei,Statistics,Statistics / Analytics
freehire:data-quality-and-information-management-manager-citi-4vwjj4ei,Tableau,BI / Visualization
freehire:assistant-vice-president-data-governance-barclays-wai4eqaf,Databricks,Data Engineering
freehire:assistant-vice-president-data-governance-barclays-wai4eqaf,Excel,Spreadsheet
freehire:assistant-vice-president-data-governance-barclays-wai4eqaf,Forecasting,Statistics / Analytics
freehire:assistant-vice-president-data-governance-barclays-wai4eqaf,Jira,Collaboration Tool
freehire:assistant-vice-president-data-governance-barclays-wai4eqaf,Machine Learning,Machine Learning
freehire:assistant-vice-president-data-governance-barclays-wai4eqaf,Power BI,BI / Visualization
freehire:assistant-vice-president-data-governance-barclays-wai4eqaf,Python,Programming
freehire:assistant-vice-president-data-governance-barclays-wai4eqaf,SQL,Database / Query
freehire:assistant-vice-president-data-governance-barclays-wai4eqaf,Snowflake,Cloud / Warehouse
freehire:assistant-vice-president-data-governance-barclays-wai4eqaf,Tableau,BI / Visualization
freehire:data-governance-senior-associate-jpmorganchase-s2axzee7,Alteryx,Analytics Tool
freehire:data-governance-senior-associate-jpmorganchase-s2axzee7,Excel,Spreadsheet
freehire:data-governance-senior-associate-jpmorganchase-s2axzee7,Qlik,BI / Visualization
freehire:data-governance-senior-associate-jpmorganchase-s2axzee7,Tableau,BI / Visualization
freehire:data-governance-senior-associate-jp-morgan-chase-fjmdubq5,Alteryx,Analytics Tool
freehire:data-governance-senior-associate-jp-morgan-chase-fjmdubq5,Excel,Spreadsheet
freehire:data-governance-senior-associate-jp-morgan-chase-fjmdubq5,Qlik,BI / Visualization
freehire:data-governance-senior-associate-jp-morgan-chase-fjmdubq5,Tableau,BI / Visualization
freehire:business-intelligence-consultant-affs-accounting-onboarding-amazon-iabn5oan,AWS,Cloud
freehire:business-intelligence-consultant-affs-accounting-onboarding-amazon-iabn5oan,Data Modeling,Data Engineering
freehire:business-intelligence-consultant-affs-accounting-onboarding-amazon-iabn5oan,ETL,Data Engineering
freehire:business-intelligence-consultant-affs-accounting-onboarding-amazon-iabn5oan,Python,Programming
freehire:manager-business-intelligence-gsk-3anm76y6,Excel,Spreadsheet
freehire:manager-business-intelligence-gsk-3anm76y6,Power BI,BI / Visualization
freehire:manager-business-intelligence-gsk-3anm76y6,Python,Programming
freehire:manager-business-intelligence-gsk-3anm76y6,Statistics,Statistics / Analytics
freehire:manager-business-intelligence-gsk-3anm76y6,Tableau,BI / Visualization
freehire:avp-data-governance-barclays-fkmcicax,Databricks,Data Engineering
freehire:avp-data-governance-barclays-fkmcicax,Excel,Spreadsheet
freehire:avp-data-governance-barclays-fkmcicax,Forecasting,Statistics / Analytics
freehire:avp-data-governance-barclays-fkmcicax,Jira,Collaboration Tool
freehire:avp-data-governance-barclays-fkmcicax,Machine Learning,Machine Learning
freehire:avp-data-governance-barclays-fkmcicax,Power BI,BI / Visualization
freehire:avp-data-governance-barclays-fkmcicax,Python,Programming
freehire:avp-data-governance-barclays-fkmcicax,SQL,Database / Query
freehire:avp-data-governance-barclays-fkmcicax,Snowflake,Cloud / Warehouse
freehire:avp-data-governance-barclays-fkmcicax,Tableau,BI / Visualization
freehire:manager-data-governance-change-management-mdlz-qaqi6ihz,SAP,Enterprise Tool
freehire:manager-marketing-analytics-mastercard-uht72nxv,A/B Testing,Statistics / Analytics
freehire:manager-marketing-analytics-mastercard-uht72nxv,Excel,Spreadsheet
freehire:manager-marketing-analytics-mastercard-uht72nxv,Power BI,BI / Visualization
freehire:manager-marketing-analytics-mastercard-uht72nxv,Python,Programming
freehire:manager-marketing-analytics-mastercard-uht72nxv,SAS,Statistics / Analytics
freehire:manager-marketing-analytics-mastercard-uht72nxv,SQL,Database / Query
freehire:manager-marketing-analytics-mastercard-uht72nxv,Statistics,Statistics / Analytics
freehire:manager-marketing-analytics-mastercard-uht72nxv,Tableau,BI / Visualization
freehire:business-intelligence-ii-support-services-data-analytics-in-house-engineering-kotak-mahindra-bank-5knywrc4,Python,Programming
freehire:business-intelligence-ii-support-services-data-analytics-in-house-engineering-kotak-mahindra-bank-5knywrc4,Regression,Statistics / Analytics
freehire:business-intelligence-ii-support-services-data-analytics-in-house-engineering-kotak-mahindra-bank-5knywrc4,SAS,Statistics / Analytics
freehire:senior-manager-data-governance-sbi-card-yzlrlh7i,Excel,Spreadsheet
freehire:principal-data-governance-and-compliance-monitoring-coupang-internal-uxurlq3c,AWS,Cloud
freehire:principal-data-governance-and-compliance-monitoring-coupang-internal-uxurlq3c,Azure,Cloud
freehire:principal-data-governance-and-compliance-monitoring-coupang-internal-uxurlq3c,Jira,Collaboration Tool
freehire:principal-data-governance-and-compliance-monitoring-coupang-internal-uxurlq3c,Power BI,BI / Visualization
freehire:principal-data-governance-and-compliance-monitoring-coupang-internal-uxurlq3c,Python,Programming
freehire:principal-data-governance-and-compliance-monitoring-coupang-ek75kpjj,AWS,Cloud
freehire:principal-data-governance-and-compliance-monitoring-coupang-ek75kpjj,Azure,Cloud
freehire:principal-data-governance-and-compliance-monitoring-coupang-ek75kpjj,Jira,Collaboration Tool
freehire:principal-data-governance-and-compliance-monitoring-coupang-ek75kpjj,Power BI,BI / Visualization
freehire:principal-data-governance-and-compliance-monitoring-coupang-ek75kpjj,Python,Programming
freehire:engineering-division-data-quality-governance-vice-president-bengaluru-goldman-sachs-bgonqgsz,Machine Learning,Machine Learning
freehire:business-intelligence-engineer-ii-retail-business-service-data-engineering-team-amazon-wezpb64c,AWS,Cloud
freehire:business-intelligence-engineer-ii-retail-business-service-data-engineering-team-amazon-wezpb64c,Machine Learning,Machine Learning
freehire:business-intelligence-engineer-ii-retail-business-service-data-engineering-team-amazon-wezpb64c,Power BI,BI / Visualization
freehire:business-intelligence-engineer-ii-retail-business-service-data-engineering-team-amazon-wezpb64c,Python,Programming
freehire:business-intelligence-engineer-ii-retail-business-service-data-engineering-team-amazon-wezpb64c,Qlik,BI / Visualization
freehire:business-intelligence-engineer-ii-retail-business-service-data-engineering-team-amazon-wezpb64c,Tableau,BI / Visualization
freehire:manager-business-performance-customer-insights-analytics-sap-otc-performance-focus-amgen-q5v57t77,Power BI,BI / Visualization
freehire:manager-business-performance-customer-insights-analytics-sap-otc-performance-focus-amgen-q5v57t77,SAP,Enterprise Tool
freehire:manager-business-performance-customer-insights-analytics-sap-otc-performance-focus-amgen-q5v57t77,Tableau,BI / Visualization
freehire:data-quality-manager-valocityglobal-3v5yugfd,Azure,Cloud
freehire:data-quality-manager-valocityglobal-3v5yugfd,Data Modeling,Data Engineering
freehire:data-quality-manager-valocityglobal-3v5yugfd,Databricks,Data Engineering
freehire:data-quality-manager-valocityglobal-3v5yugfd,Excel,Spreadsheet
freehire:data-quality-manager-valocityglobal-3v5yugfd,Jira,Collaboration Tool
freehire:data-quality-manager-valocityglobal-3v5yugfd,NumPy,Programming
freehire:data-quality-manager-valocityglobal-3v5yugfd,Pandas,Programming
freehire:data-quality-manager-valocityglobal-3v5yugfd,Power BI,BI / Visualization
freehire:data-quality-manager-valocityglobal-3v5yugfd,Python,Programming
freehire:data-quality-manager-valocityglobal-3v5yugfd,SQL,Database / Query
freehire:data-quality-manager-valocityglobal-3v5yugfd,Statistics,Statistics / Analytics
freehire:data-quality-manager-valocityglobal-3v5yugfd,dbt,Data Engineering
freehire:sr-manager-customer-insights-vera-bradley-dde62dzm,Power BI,BI / Visualization
freehire:marketing-analytics-manager-sprinklr-5e3xk7pn,Power BI,BI / Visualization
freehire:marketing-analytics-manager-sprinklr-5e3xk7pn,SAS,Statistics / Analytics
freehire:marketing-analytics-manager-sprinklr-5e3xk7pn,SQL,Database / Query
freehire:marketing-analytics-manager-sprinklr-5e3xk7pn,Tableau,BI / Visualization
freehire:senior-account-manager-business-intelligence-dentsu-glegbgl5,BigQuery,Cloud / Warehouse
freehire:senior-account-manager-business-intelligence-dentsu-glegbgl5,Redshift,Cloud / Warehouse
freehire:senior-account-manager-business-intelligence-dentsu-glegbgl5,SQL,Database / Query
freehire:senior-account-manager-business-intelligence-dentsu-glegbgl5,SQL Server,Database / Query
freehire:senior-account-manager-business-intelligence-dentsu-glegbgl5,Snowflake,Cloud / Warehouse
freehire:senior-business-analyst-solution-lead-finance-controlling-treasury-sap-fi-co-smiths-detection-group-bpbksvhw,Forecasting,Statistics / Analytics
freehire:senior-business-analyst-solution-lead-finance-controlling-treasury-sap-fi-co-smiths-detection-group-bpbksvhw,SAP,Enterprise Tool
freehire:analyst-process-analytics-regulatory-affairs-5b-genpact-b65fj3cs,Alteryx,Analytics Tool
freehire:analyst-process-analytics-regulatory-affairs-5b-genpact-b65fj3cs,Data Modeling,Data Engineering
freehire:analyst-process-analytics-regulatory-affairs-5b-genpact-b65fj3cs,ETL,Data Engineering
freehire:analyst-process-analytics-regulatory-affairs-5b-genpact-b65fj3cs,Excel,Spreadsheet
freehire:analyst-process-analytics-regulatory-affairs-5b-genpact-b65fj3cs,Forecasting,Statistics / Analytics
freehire:analyst-process-analytics-regulatory-affairs-5b-genpact-b65fj3cs,Power BI,BI / Visualization
freehire:analyst-process-analytics-regulatory-affairs-5b-genpact-b65fj3cs,Python,Programming
freehire:analyst-process-analytics-regulatory-affairs-5b-genpact-b65fj3cs,SAP,Enterprise Tool
freehire:analyst-process-analytics-regulatory-affairs-5b-genpact-b65fj3cs,Statistics,Statistics / Analytics
freehire:analyst-process-analytics-regulatory-affairs-5b-genpact-b65fj3cs,Tableau,BI / Visualization
freehire:business-analyst-customer-onboarding-compliance-surveillance-systems-barclays-kl3cic3r,SQL,Database / Query
freehire:cloud-operations-analyst-insurity-tla5irqr,Excel,Spreadsheet
freehire:cloud-operations-analyst-insurity-tla5irqr,Jira,Collaboration Tool
freehire:lead-analyst-process-analytics-supply-chain-procurement-4d-genpact-bcx3gduw,Statistics,Statistics / Analytics
freehire:sr-analyst-process-analytics-consumer-and-marketing-4a-genpact-au652emu,Data Modeling,Data Engineering
freehire:sr-analyst-process-analytics-consumer-and-marketing-4a-genpact-au652emu,ETL,Data Engineering
freehire:sr-analyst-process-analytics-consumer-and-marketing-4a-genpact-au652emu,Excel,Spreadsheet
freehire:sr-analyst-process-analytics-consumer-and-marketing-4a-genpact-au652emu,Power BI,BI / Visualization
freehire:sr-analyst-process-analytics-consumer-and-marketing-4a-genpact-au652emu,Python,Programming
freehire:sr-analyst-process-analytics-consumer-and-marketing-4a-genpact-au652emu,SAS,Statistics / Analytics
freehire:sr-analyst-process-analytics-consumer-and-marketing-4a-genpact-au652emu,SQL,Database / Query
freehire:sr-analyst-process-analytics-consumer-and-marketing-4a-genpact-au652emu,SQL Server,Database / Query
freehire:sr-analyst-process-analytics-consumer-and-marketing-4a-genpact-au652emu,Statistics,Statistics / Analytics
freehire:sr-analyst-process-analytics-consumer-and-marketing-4a-genpact-au652emu,Tableau,BI / Visualization
freehire:sales-partner-compliance-operations-sr-risk-analyst-adobe-tvqwhtxp,Excel,Spreadsheet
freehire:sales-partner-compliance-operations-sr-risk-analyst-adobe-tvqwhtxp,Power BI,BI / Visualization
freehire:ai-operations-analyst-albemarle-7cnskiow,Azure,Cloud
freehire:ai-operations-analyst-albemarle-7cnskiow,Power BI,BI / Visualization
freehire:ai-operations-analyst-albemarle-7cnskiow,SAP,Enterprise Tool
freehire:sr-analyst-process-analytics-consumer-and-marketing-4a-genpact-lwkaex6o,Data Modeling,Data Engineering
freehire:sr-analyst-process-analytics-consumer-and-marketing-4a-genpact-lwkaex6o,Excel,Spreadsheet
freehire:sr-analyst-process-analytics-consumer-and-marketing-4a-genpact-lwkaex6o,Machine Learning,Machine Learning
freehire:sr-analyst-process-analytics-consumer-and-marketing-4a-genpact-lwkaex6o,Power BI,BI / Visualization
freehire:sr-analyst-process-analytics-consumer-and-marketing-4a-genpact-lwkaex6o,Python,Programming
freehire:sr-analyst-process-analytics-consumer-and-marketing-4a-genpact-lwkaex6o,R,Programming
freehire:sr-analyst-process-analytics-consumer-and-marketing-4a-genpact-lwkaex6o,Regression,Statistics / Analytics
freehire:sr-analyst-process-analytics-consumer-and-marketing-4a-genpact-lwkaex6o,SQL,Database / Query
freehire:sr-analyst-process-analytics-consumer-and-marketing-4a-genpact-lwkaex6o,Statistics,Statistics / Analytics
freehire:sr-analyst-process-analytics-consumer-and-marketing-4a-genpact-lwkaex6o,Tableau,BI / Visualization
freehire:financial-operations-analyst-circlelogistics1-4aw7ci6j,Excel,Spreadsheet
freehire:financial-operations-analyst-circlelogistics1-4aw7ci6j,Power BI,BI / Visualization
freehire:financial-operations-analyst-circlelogistics1-4aw7ci6j,SQL,Database / Query
freehire:financial-operations-analyst-circlelogistics1-4aw7ci6j,Tableau,BI / Visualization
freehire:sr-security-operations-analyst-smarsh-6gwtxacq,AWS,Cloud
freehire:sr-security-operations-analyst-smarsh-6gwtxacq,Azure,Cloud
freehire:sr-security-operations-analyst-smarsh-6gwtxacq,Python,Programming
freehire:expense-accounting-internal-control-vba-reporting-analyst-oaktree-capital-management-q547dbuz,Excel,Spreadsheet
freehire:expense-accounting-internal-control-vba-reporting-analyst-oaktree-capital-management-q547dbuz,Power BI,BI / Visualization
freehire:sales-operations-analyst-i-thermo-fisher-scientific-tgbflgto,Data Warehousing,Data Engineering
freehire:sales-operations-analyst-i-thermo-fisher-scientific-tgbflgto,Excel,Spreadsheet
freehire:sales-operations-analyst-i-thermo-fisher-scientific-tgbflgto,Power BI,BI / Visualization
freehire:sales-operations-analyst-i-thermo-fisher-scientific-tgbflgto,Python,Programming
freehire:sales-operations-analyst-i-thermo-fisher-scientific-tgbflgto,Redshift,Cloud / Warehouse
freehire:sales-operations-analyst-i-thermo-fisher-scientific-tgbflgto,SAP,Enterprise Tool
freehire:sales-operations-analyst-i-thermo-fisher-scientific-tgbflgto,SQL,Database / Query
freehire:marketing-operations-and-performance-analyst-cloudsek-5b3illmw,A/B Testing,Statistics / Analytics
freehire:marketing-operations-and-performance-analyst-cloudsek-5b3illmw,Machine Learning,Machine Learning
freehire:marketing-operations-and-performance-analyst-cloudsek-5b3illmw,SQL,Database / Query
freehire:sales-operations-analyst-dolby-rim5jxtu,A/B Testing,Statistics / Analytics
freehire:sales-operations-analyst-dolby-rim5jxtu,Excel,Spreadsheet
freehire:sales-operations-analyst-dolby-rim5jxtu,Forecasting,Statistics / Analytics
freehire:sales-operations-analyst-dolby-rim5jxtu,Power BI,BI / Visualization
freehire:managed-services-business-analyst-program-manager-manager-pwc-sm3lclze,Jira,Collaboration Tool
freehire:campaign-operations-analyst-ouryahoo-eu3bgnwb,Excel,Spreadsheet
freehire:campaign-operations-analyst-ouryahoo-eu3bgnwb,Looker,BI / Visualization
freehire:strategic-sales-business-analyst-aveva-ynlgofej,Excel,Spreadsheet
freehire:service-operations-analyst-newperkinelmer-o2cn5zsj,Forecasting,Statistics / Analytics
freehire:index-platform-product-owner-business-analyst-issgovernance-pzq5rrbn,DAX,BI / Visualization
freehire:index-platform-product-owner-business-analyst-issgovernance-pzq5rrbn,Jira,Collaboration Tool
freehire:index-platform-product-owner-business-analyst-issgovernance-pzq5rrbn,Python,Programming
freehire:index-platform-product-owner-business-analyst-issgovernance-pzq5rrbn,SQL,Database / Query
freehire:sr-analyst-process-analytics-supply-chain-procurement-4a-genpact-scvask24,Excel,Spreadsheet
freehire:sr-analyst-process-analytics-supply-chain-procurement-4a-genpact-scvask24,Statistics,Statistics / Analytics
freehire:quality-assurance-reporting-operations-analyst-fiserv-kptfel3s,Excel,Spreadsheet
freehire:quality-assurance-reporting-operations-analyst-fiserv-kptfel3s,Forecasting,Statistics / Analytics
freehire:quality-assurance-reporting-operations-analyst-fiserv-kptfel3s,Power BI,BI / Visualization
freehire:analytics-operations-analyst-pvh-sypvgu7u,Jira,Collaboration Tool
freehire:analytics-operations-analyst-pvh-sypvgu7u,Looker,BI / Visualization
freehire:analytics-operations-analyst-pvh-sypvgu7u,Power BI,BI / Visualization
freehire:analytics-operations-analyst-pvh-sypvgu7u,SQL,Database / Query
freehire:analytics-operations-analyst-pvh-sypvgu7u,Tableau,BI / Visualization
freehire:analyst-process-analytics-supply-chain-procurement-5b-genpact-gtm2sxbt,Excel,Spreadsheet
freehire:analyst-process-analytics-supply-chain-procurement-5b-genpact-gtm2sxbt,Statistics,Statistics / Analytics
freehire:risk-analyst-support-services-risk-analytics-kotak-mahindra-bank-nymbhymp,Excel,Spreadsheet
freehire:risk-analyst-support-services-risk-analytics-kotak-mahindra-bank-nymbhymp,Statistics,Statistics / Analytics
freehire:business-analyst-avp-customer-onboarding-compliance-surveillance-systems-barclays-l3twdwxa,SQL,Database / Query
freehire:business-analyst-field-support-supplier-quality-engineer-genpact-e22qctci,Excel,Spreadsheet
freehire:business-analyst-field-support-supplier-quality-engineer-genpact-e22qctci,Forecasting,Statistics / Analytics
freehire:business-analyst-field-support-supplier-quality-engineer-genpact-e22qctci,Statistics,Statistics / Analytics
freehire:lead-analyst-process-analytics-supply-chain-procurement-4c-genpact-7uor4yza,Excel,Spreadsheet
freehire:lead-analyst-process-analytics-supply-chain-procurement-4c-genpact-7uor4yza,Jira,Collaboration Tool
freehire:lead-analyst-process-analytics-supply-chain-procurement-4c-genpact-7uor4yza,Power BI,BI / Visualization
freehire:lead-analyst-process-analytics-supply-chain-procurement-4c-genpact-7uor4yza,Statistics,Statistics / Analytics
freehire:lead-analyst-process-analytics-supply-chain-procurement-4c-genpact-7uor4yza,Tableau,BI / Visualization
freehire:manager-data-science-product-analytics-wikimedia-ozeeqflx,A/B Testing,Statistics / Analytics
freehire:manager-data-science-product-analytics-wikimedia-ozeeqflx,Hadoop,Data Engineering
freehire:manager-data-science-product-analytics-wikimedia-ozeeqflx,Spark,Data Engineering
freehire:manager-data-science-product-analytics-wikimedia-ozeeqflx,Statistics,Statistics / Analytics
freehire:manager-digital-marketing-analytics-roche-yxttjnze,A/B Testing,Statistics / Analytics
freehire:technical-account-manager-marketing-analytics-saas-clarisights-q3jydgrb,BigQuery,Cloud / Warehouse
freehire:technical-account-manager-marketing-analytics-saas-clarisights-q3jydgrb,Data Warehousing,Data Engineering
freehire:technical-account-manager-marketing-analytics-saas-clarisights-q3jydgrb,ETL,Data Engineering
freehire:technical-account-manager-marketing-analytics-saas-clarisights-q3jydgrb,Looker,BI / Visualization
freehire:technical-account-manager-marketing-analytics-saas-clarisights-q3jydgrb,Power BI,BI / Visualization
freehire:technical-account-manager-marketing-analytics-saas-clarisights-q3jydgrb,Python,Programming
freehire:technical-account-manager-marketing-analytics-saas-clarisights-q3jydgrb,Redshift,Cloud / Warehouse
freehire:technical-account-manager-marketing-analytics-saas-clarisights-q3jydgrb,SQL,Database / Query
freehire:technical-account-manager-marketing-analytics-saas-clarisights-q3jydgrb,Snowflake,Cloud / Warehouse
freehire:technical-account-manager-marketing-analytics-saas-clarisights-q3jydgrb,Tableau,BI / Visualization
freehire:lead-marketing-analytics-specialist-woodmac-r65pjnyv,A/B Testing,Statistics / Analytics
freehire:lead-marketing-analytics-specialist-woodmac-r65pjnyv,Power BI,BI / Visualization
freehire:lead-marketing-analytics-specialist-woodmac-r65pjnyv,Tableau,BI / Visualization
freehire:intigration-data-governance-adani-group-hchuqoa5,Excel,Spreadsheet
freehire:intigration-data-governance-adani-group-hchuqoa5,SQL,Database / Query
freehire:senior-manager-commercial-analytics-obesity-amgen-5me4xjbs,Statistics,Statistics / Analytics
freehire:senior-director-of-software-engineering-data-governance-program-management-aws-jpmorganchase-wbwonl62,AWS,Cloud
freehire:senior-director-of-software-engineering-data-governance-program-management-aws-jpmorganchase-wbwonl62,Databricks,Data Engineering
freehire:senior-director-of-software-engineering-data-governance-program-management-aws-jpmorganchase-wbwonl62,Snowflake,Cloud / Warehouse
freehire:senior-director-of-software-engineering-data-governance-program-management-aws-jp-morgan-chase-5buiwebr,AWS,Cloud
freehire:senior-director-of-software-engineering-data-governance-program-management-aws-jp-morgan-chase-5buiwebr,Databricks,Data Engineering
freehire:senior-director-of-software-engineering-data-governance-program-management-aws-jp-morgan-chase-5buiwebr,Snowflake,Cloud / Warehouse
freehire:data-governance-consultant-contract-role-definian-gmyppmin,SQL,Database / Query
freehire:business-intelligence-manager-cross-border-science-and-analytics-amazon-mmqpfhe5,A/B Testing,Statistics / Analytics
freehire:business-intelligence-manager-cross-border-science-and-analytics-amazon-mmqpfhe5,AWS,Cloud
freehire:business-intelligence-manager-cross-border-science-and-analytics-amazon-mmqpfhe5,Forecasting,Statistics / Analytics
freehire:business-intelligence-manager-cross-border-science-and-analytics-amazon-mmqpfhe5,Python,Programming
freehire:business-intelligence-manager-cross-border-science-and-analytics-amazon-mmqpfhe5,SQL,Database / Query
freehire:business-intelligence-manager-cross-border-science-and-analytics-amazon-mmqpfhe5,Spark,Data Engineering
freehire:specialist-process-analytics-supply-chain-procurement-4b-genpact-kasvbhko,Data Warehousing,Data Engineering
freehire:specialist-process-analytics-supply-chain-procurement-4b-genpact-kasvbhko,ETL,Data Engineering
freehire:specialist-process-analytics-supply-chain-procurement-4b-genpact-kasvbhko,Statistics,Statistics / Analytics
freehire:marketing-analytics-manager-openlane-ymor3btt,AWS,Cloud
freehire:marketing-analytics-manager-openlane-ymor3btt,Python,Programming
freehire:marketing-analytics-manager-openlane-ymor3btt,SQL,Database / Query
freehire:marketing-analytics-manager-openlane-ymor3btt,Snowflake,Cloud / Warehouse
freehire:marketing-analytics-manager-openlane-ymor3btt,Statistics,Statistics / Analytics
freehire:marketing-analytics-manager-openlane-ymor3btt,dbt,Data Engineering
freehire:provider-analytics-business-intelligence-manager-neolytix-rreojzzg,Azure,Cloud
freehire:provider-analytics-business-intelligence-manager-neolytix-rreojzzg,DAX,BI / Visualization
freehire:provider-analytics-business-intelligence-manager-neolytix-rreojzzg,Data Modeling,Data Engineering
freehire:provider-analytics-business-intelligence-manager-neolytix-rreojzzg,Forecasting,Statistics / Analytics
freehire:provider-analytics-business-intelligence-manager-neolytix-rreojzzg,Pandas,Programming
freehire:provider-analytics-business-intelligence-manager-neolytix-rreojzzg,Power BI,BI / Visualization
freehire:provider-analytics-business-intelligence-manager-neolytix-rreojzzg,Python,Programming
freehire:provider-analytics-business-intelligence-manager-neolytix-rreojzzg,SQL,Database / Query
freehire:provider-analytics-business-intelligence-manager-neolytix-rreojzzg,Statistics,Statistics / Analytics
freehire:provider-analytics-business-intelligence-manager-neolytix-rreojzzg,dbt,Data Engineering
freehire:manager-senior-manager-financial-risk-analytics-rippling-bv64hygp,Forecasting,Statistics / Analytics
freehire:manager-senior-manager-financial-risk-analytics-rippling-bv64hygp,Git,Developer Tool
freehire:manager-senior-manager-financial-risk-analytics-rippling-bv64hygp,Python,Programming
freehire:manager-senior-manager-financial-risk-analytics-rippling-bv64hygp,SQL,Database / Query
freehire:manager-senior-manager-financial-risk-analytics-rippling-bv64hygp,Statistics,Statistics / Analytics
freehire:sr-specialist-process-analytics-supply-chain-procurement-4d-genpact-xq4iuebb,Statistics,Statistics / Analytics
freehire:specialist-process-analytics-consumer-and-marketing-4b-genpact-eu3ubw2d,MySQL,Database / Query
freehire:specialist-process-analytics-consumer-and-marketing-4b-genpact-eu3ubw2d,SAS,Statistics / Analytics
freehire:specialist-process-analytics-consumer-and-marketing-4b-genpact-eu3ubw2d,SQL,Database / Query
freehire:specialist-process-analytics-consumer-and-marketing-4b-genpact-eu3ubw2d,Statistics,Statistics / Analytics
freehire:specialist-process-analytics-consumer-and-marketing-4b-genpact-eu3ubw2d,Tableau,BI / Visualization
freehire:specialist-process-analytics-consumer-and-marketing-4b-genpact-wfum2i7k,Oracle,Database / Query
freehire:specialist-process-analytics-consumer-and-marketing-4b-genpact-wfum2i7k,SAS,Statistics / Analytics
freehire:specialist-process-analytics-consumer-and-marketing-4b-genpact-wfum2i7k,SQL,Database / Query
freehire:specialist-process-analytics-consumer-and-marketing-4b-genpact-wfum2i7k,Statistics,Statistics / Analytics
freehire:specialist-process-analytics-consumer-and-marketing-4b-genpact-wfum2i7k,Tableau,BI / Visualization
freehire:sr-business-analyst-fp-a-solarwinds-zwjhhcu4,Forecasting,Statistics / Analytics
freehire:senior-business-analyst-solution-lead-procurement-inventory-warehouse-sap-mm-ewm-smiths-detection-group-shunzonw,SAP,Enterprise Tool
freehire:cybersecurity-operations-analyst-spaulding-ridge-tjnc2apq,AWS,Cloud
freehire:cybersecurity-operations-analyst-spaulding-ridge-tjnc2apq,Azure,Cloud
freehire:accounting-reporting-analyst-payable-abb-2j52szws,SAP,Enterprise Tool
freehire:associate-product-analyst-technical-support-cad-global-leader-in-product-lifecycle-management-software-zsk3eoyo,AWS,Cloud
freehire:associate-product-analyst-technical-support-cad-global-leader-in-product-lifecycle-management-software-zsk3eoyo,Azure,Cloud
freehire:associate-product-analyst-technical-support-cad-global-leader-in-product-lifecycle-management-software-zsk3eoyo,GCP,Cloud
freehire:associate-product-analyst-technical-support-cad-global-leader-in-product-lifecycle-management-software-zsk3eoyo,Statistics,Statistics / Analytics
freehire:business-analyst-rcs-litigation-support-indiana-university-health-sdo27er4,Statistics,Statistics / Analytics
freehire:accounting-reporting-analyst-payable-abb-fo7g4ai2,SAP,Enterprise Tool
freehire:business-operations-analyst-modmed-4ugljgy3,Excel,Spreadsheet
freehire:business-operations-analyst-modmed-4ugljgy3,Power BI,BI / Visualization
freehire:business-operations-analyst-modmed-4ugljgy3,Statistics,Statistics / Analytics
freehire:business-operations-analyst-modmed-4ugljgy3,Tableau,BI / Visualization
freehire:senior-clinical-data-analyst-parexel-nc3q752w,GCP,Cloud
freehire:business-analyst-open-payment-framework-manager-pwc-fra6kexj,Jira,Collaboration Tool
freehire:business-analyst-open-payment-framework-manager-pwc-fra6kexj,Machine Learning,Machine Learning
freehire:business-analyst-open-payment-framework-manager-pwc-fra6kexj,Python,Programming
freehire:business-operations-analyst-modernizing-medicine-g45kshei,Excel,Spreadsheet
freehire:business-operations-analyst-modernizing-medicine-g45kshei,Power BI,BI / Visualization
freehire:business-operations-analyst-modernizing-medicine-g45kshei,Statistics,Statistics / Analytics
freehire:business-operations-analyst-modernizing-medicine-g45kshei,Tableau,BI / Visualization
freehire:manager-business-intelligence-prime-video-trust-safety-ops-amazon-syhk4hed,Data Modeling,Data Engineering
freehire:business-intelligence-architect-verifone-tcvujd5o,ELT,Data Engineering
freehire:business-intelligence-architect-verifone-tcvujd5o,ETL,Data Engineering
freehire:business-intelligence-architect-verifone-tcvujd5o,Excel,Spreadsheet
freehire:business-intelligence-architect-verifone-tcvujd5o,Pandas,Programming
freehire:business-intelligence-architect-verifone-tcvujd5o,Power BI,BI / Visualization
freehire:business-intelligence-architect-verifone-tcvujd5o,Python,Programming
freehire:business-intelligence-architect-verifone-tcvujd5o,SAP,Enterprise Tool
freehire:business-intelligence-architect-verifone-tcvujd5o,SQL,Database / Query
freehire:business-intelligence-architect-verifone-tcvujd5o,Spark,Data Engineering
freehire:business-intelligence-architect-verifone-tcvujd5o,Tableau,BI / Visualization
freehire:embedded-business-analyst-carrier-global-wecvlivv,Git,Developer Tool
freehire:assistant-manager-business-intelligence-weworkindia-dqx5oqsw,Airflow,Data Engineering
freehire:assistant-manager-business-intelligence-weworkindia-dqx5oqsw,BigQuery,Cloud / Warehouse
freehire:assistant-manager-business-intelligence-weworkindia-dqx5oqsw,Data Modeling,Data Engineering
freehire:assistant-manager-business-intelligence-weworkindia-dqx5oqsw,Databricks,Data Engineering
freehire:assistant-manager-business-intelligence-weworkindia-dqx5oqsw,Git,Developer Tool
freehire:assistant-manager-business-intelligence-weworkindia-dqx5oqsw,Python,Programming
freehire:assistant-manager-business-intelligence-weworkindia-dqx5oqsw,Redshift,Cloud / Warehouse
freehire:assistant-manager-business-intelligence-weworkindia-dqx5oqsw,SQL,Database / Query
freehire:assistant-manager-business-intelligence-weworkindia-dqx5oqsw,Snowflake,Cloud / Warehouse
freehire:assistant-manager-business-intelligence-weworkindia-dqx5oqsw,Tableau,BI / Visualization
freehire:assistant-manager-business-intelligence-weworkindia-dqx5oqsw,dbt,Data Engineering
freehire:people-operations-reporting-analyst-contractor-blinkhealth-uaodara3,Databricks,Data Engineering
freehire:people-operations-reporting-analyst-contractor-blinkhealth-uaodara3,Jira,Collaboration Tool
freehire:people-operations-reporting-analyst-contractor-blinkhealth-uaodara3,Looker,BI / Visualization
freehire:people-operations-reporting-analyst-contractor-blinkhealth-uaodara3,Power BI,BI / Visualization
freehire:people-operations-reporting-analyst-contractor-blinkhealth-uaodara3,Python,Programming
freehire:people-operations-reporting-analyst-contractor-blinkhealth-uaodara3,SQL,Database / Query
freehire:people-operations-reporting-analyst-contractor-blinkhealth-uaodara3,Snowflake,Cloud / Warehouse
freehire:people-operations-reporting-analyst-contractor-blinkhealth-uaodara3,Tableau,BI / Visualization
freehire:lead-technology-operations-analyst-wells-fargo-qcn67pia,Power BI,BI / Visualization
freehire:lead-technology-operations-analyst-wells-fargo-qcn67pia,Python,Programming
freehire:lead-technology-operations-analyst-wells-fargo-qcn67pia,SQL,Database / Query
freehire:lead-technology-operations-analyst-wells-fargo-qcn67pia,Statistics,Statistics / Analytics
freehire:lead-technology-operations-analyst-wells-fargo-qcn67pia,Tableau,BI / Visualization
freehire:operations-analyst-nct-db-uxrtvqpu,Excel,Spreadsheet
freehire:operations-analyst-nct-db-uxrtvqpu,SAP,Enterprise Tool
freehire:qa-business-analyst-verisk-x5qpfcwg,Excel,Spreadsheet
freehire:project-manager-business-analyst-hitachi-energy-6mxpnwjr,SAP,Enterprise Tool
freehire:marketing-analyst-freyr-energy-aidtvvyk,Excel,Spreadsheet
freehire:marketing-analyst-freyr-energy-aidtvvyk,Statistics,Statistics / Analytics
freehire:business-analyst-support-liquidity-reporting-nasdaq-sgcilpbz,Excel,Spreadsheet
freehire:business-analyst-support-liquidity-reporting-nasdaq-sgcilpbz,SQL,Database / Query
freehire:business-analyst-support-liquidity-reporting-nasdaq-sgcilpbz,SQL Server,Database / Query
freehire:insurance-system-operations-analyst-ethos-life-yncv7t6w,SQL,Database / Query
freehire:operations-analyst-lending-operations-phonepe-rz3chz2n,Excel,Spreadsheet
freehire:senior-risk-analyst-android-lending-fairmoney-dmp4zkgk,A/B Testing,Statistics / Analytics
freehire:senior-risk-analyst-android-lending-fairmoney-dmp4zkgk,SQL,Database / Query
freehire:alliance-operations-analyst-smb-2-00-pm-11-00-pm-crowdstrike-5xiaxxed,A/B Testing,Statistics / Analytics
freehire:alliance-operations-analyst-smb-2-00-pm-11-00-pm-crowdstrike-5xiaxxed,Excel,Spreadsheet
freehire:alliance-operations-analyst-smb-9-00-pm-6-00-am-ist-crowdstrike-hvmorag2,A/B Testing,Statistics / Analytics
freehire:alliance-operations-analyst-smb-9-00-pm-6-00-am-ist-crowdstrike-hvmorag2,Excel,Spreadsheet
freehire:security-operations-analyst-alphasense-india-srl22vkx,AWS,Cloud
freehire:security-operations-analyst-alphasense-india-srl22vkx,GCP,Cloud
freehire:security-operations-analyst-alphasense-india-srl22vkx,Python,Programming
freehire:security-operations-analyst-alpha-sense-qrxzziss,AWS,Cloud
freehire:security-operations-analyst-alpha-sense-qrxzziss,GCP,Cloud
freehire:security-operations-analyst-alpha-sense-qrxzziss,Python,Programming
freehire:commercial-operations-analyst-moody-s-fsih5nq7,Excel,Spreadsheet
freehire:commercial-operations-analyst-moody-s-fsih5nq7,Power BI,BI / Visualization
freehire:commercial-operations-analyst-moody-s-fsih5nq7,Python,Programming
freehire:data-analyst-ecolab-5simnt3n,Azure,Cloud
freehire:data-analyst-ecolab-5simnt3n,Data Warehousing,Data Engineering
freehire:data-analyst-ecolab-5simnt3n,ETL,Data Engineering
freehire:data-analyst-ecolab-5simnt3n,Power BI,BI / Visualization
freehire:data-analyst-ecolab-5simnt3n,Python,Programming
freehire:data-analyst-ecolab-5simnt3n,SAP,Enterprise Tool
freehire:data-analyst-ecolab-5simnt3n,SQL,Database / Query
freehire:data-analyst-ecolab-5simnt3n,Snowflake,Cloud / Warehouse
freehire:senior-tech-operations-analyst-ameriprise-financial-i6cvibsh,AWS,Cloud
freehire:senior-tech-operations-analyst-ameriprise-financial-i6cvibsh,ELT,Data Engineering
freehire:senior-tech-operations-analyst-ameriprise-financial-i6cvibsh,ETL,Data Engineering
freehire:senior-tech-operations-analyst-ameriprise-financial-i6cvibsh,Git,Developer Tool
freehire:senior-tech-operations-analyst-ameriprise-financial-i6cvibsh,Python,Programming
freehire:senior-tech-operations-analyst-ameriprise-financial-i6cvibsh,SQL,Database / Query
freehire:senior-tech-operations-analyst-ameriprise-financial-i6cvibsh,Snowflake,Cloud / Warehouse
freehire:intern-sales-operations-analyst-harman-international-gbrcwctp,Excel,Spreadsheet
freehire:intern-sales-operations-analyst-harman-international-gbrcwctp,Power BI,BI / Visualization
freehire:intern-sales-operations-analyst-harman-international-gbrcwctp,SQL,Database / Query
freehire:intern-sales-operations-analyst-harman-international-gbrcwctp,Tableau,BI / Visualization
freehire:payment-operations-analyst-new-era-technology-wt44xirk,Excel,Spreadsheet
freehire:payment-operations-analyst-new-era-technology-wt44xirk,SAP,Enterprise Tool
freehire:strategy-and-operations-analyst-prodigal-at5v7ftw,A/B Testing,Statistics / Analytics
freehire:strategy-and-operations-analyst-prodigal-at5v7ftw,Excel,Spreadsheet
freehire:strategy-and-operations-analyst-prodigal-at5v7ftw,Python,Programming
freehire:strategy-and-operations-analyst-prodigal-at5v7ftw,SQL,Database / Query
freehire:strategy-and-operations-analyst-prodigal-at5v7ftw,Tableau,BI / Visualization
freehire:revenue-operations-analyst-logicmonitor-d7thyy4t,Azure,Cloud
freehire:revenue-operations-analyst-logicmonitor-d7thyy4t,Forecasting,Statistics / Analytics
freehire:revenue-operations-analyst-logicmonitor-d7thyy4t,Jira,Collaboration Tool
freehire:security-operations-analyst-ii-security-compliance-center-expedia-group-yneaa3cu,AWS,Cloud
freehire:security-operations-analyst-ii-security-compliance-center-expedia-group-yneaa3cu,Azure,Cloud
freehire:security-operations-analyst-ii-security-compliance-center-expedia-group-yneaa3cu,Jira,Collaboration Tool
freehire:credit-risk-analyst-fiserv-r2ilxzrh,Excel,Spreadsheet
freehire:mid-level-data-analyst-observability-and-telemetry-digital-applications-citi-ltth2l4f,Python,Programming
freehire:mid-level-data-analyst-observability-and-telemetry-digital-applications-citi-ltth2l4f,SQL,Database / Query
freehire:business-analyst-erm-data-governance-data-quality-vp-citi-isln24f6,Tableau,BI / Visualization
freehire:quantitative-analyst-and-developer-citi-greoeuyl,Python,Programming
freehire:senior-business-intelligence-reporting-analyst-citi-iaq3tjwb,Excel,Spreadsheet
freehire:senior-business-intelligence-reporting-analyst-citi-iaq3tjwb,Forecasting,Statistics / Analytics
freehire:senior-business-intelligence-reporting-analyst-citi-iaq3tjwb,Python,Programming
freehire:senior-business-intelligence-reporting-analyst-citi-iaq3tjwb,SQL,Database / Query
freehire:senior-business-intelligence-reporting-analyst-citi-iaq3tjwb,Spark,Data Engineering
freehire:senior-business-intelligence-reporting-analyst-citi-iaq3tjwb,Tableau,BI / Visualization
freehire:credit-risk-analytics-proprietary-cards-and-lending-intermediate-analyst-citi-oxfoyd5y,Forecasting,Statistics / Analytics
freehire:credit-risk-analytics-proprietary-cards-and-lending-intermediate-analyst-citi-oxfoyd5y,Python,Programming
freehire:credit-risk-analytics-proprietary-cards-and-lending-intermediate-analyst-citi-oxfoyd5y,SAS,Statistics / Analytics
freehire:credit-risk-analytics-proprietary-cards-and-lending-intermediate-analyst-citi-oxfoyd5y,SQL,Database / Query
freehire:credit-risk-analytics-proprietary-cards-and-lending-intermediate-analyst-citi-oxfoyd5y,Statistics,Statistics / Analytics
freehire:analyst-process-analytics-fcrm-5a-genpact-hj337bhr,Statistics,Statistics / Analytics
freehire:data-analyst-ecolab-qv73oujp,DAX,BI / Visualization
freehire:data-analyst-ecolab-qv73oujp,Data Modeling,Data Engineering
freehire:data-analyst-ecolab-qv73oujp,Power BI,BI / Visualization
freehire:data-analyst-ecolab-qv73oujp,SAP,Enterprise Tool
freehire:data-analyst-ecolab-qv73oujp,Snowflake,Cloud / Warehouse
freehire:data-analyst-5b-genpact-ovx454vc,Databricks,Data Engineering
freehire:data-analyst-5b-genpact-ovx454vc,Forecasting,Statistics / Analytics
freehire:data-analyst-5b-genpact-ovx454vc,Oracle,Database / Query
freehire:data-analyst-5b-genpact-ovx454vc,Spark,Data Engineering
freehire:data-analyst-5b-genpact-ovx454vc,Statistics,Statistics / Analytics
freehire:data-analyst-ecolab-3lh7kbbn,ELT,Data Engineering
freehire:data-analyst-ecolab-3lh7kbbn,ETL,Data Engineering
freehire:data-analyst-ecolab-3lh7kbbn,SQL,Database / Query
freehire:data-analyst-ecolab-vgirceie,Forecasting,Statistics / Analytics
freehire:data-analyst-ecolab-vgirceie,Power BI,BI / Visualization
freehire:data-analyst-ecolab-vgirceie,Regression,Statistics / Analytics
freehire:data-analyst-ecolab-vgirceie,SAP,Enterprise Tool
freehire:financial-modelling-performance-analyst-transformation-haleon-be5l4sit,Excel,Spreadsheet
freehire:financial-modelling-performance-analyst-transformation-haleon-be5l4sit,Forecasting,Statistics / Analytics
freehire:financial-modelling-performance-analyst-transformation-haleon-be5l4sit,SAP,Enterprise Tool
freehire:portfolio-performance-analyst-haleon-ml3attda,Forecasting,Statistics / Analytics
freehire:quality-data-analyst-data-testing-powerbi-sql-and-six-sigma-lean-atkinsrealis-5yjna33x,Excel,Spreadsheet
freehire:quality-data-analyst-data-testing-powerbi-sql-and-six-sigma-lean-atkinsrealis-5yjna33x,Power BI,BI / Visualization
freehire:quality-data-analyst-data-testing-powerbi-sql-and-six-sigma-lean-atkinsrealis-5yjna33x,SQL,Database / Query
freehire:data-analyst-ii-sharepoint-powerapps-power-automate-developer-atkinsrealis-dgdmewcd,Azure,Cloud
freehire:data-analyst-ii-sharepoint-powerapps-power-automate-developer-atkinsrealis-dgdmewcd,SQL,Database / Query
freehire:group-data-privacy-gdp-data-privacy-analyst-db-5q5awvjk,Excel,Spreadsheet
freehire:data-analyst-lbg-uujmfrsv,GCP,Cloud
freehire:data-analyst-lbg-uujmfrsv,Python,Programming
freehire:data-analyst-lbg-uujmfrsv,SQL,Database / Query
freehire:data-analyst-unilever-3cprwa2e,AWS,Cloud
freehire:data-analyst-unilever-3cprwa2e,Azure,Cloud
freehire:data-analyst-unilever-3cprwa2e,DAX,BI / Visualization
freehire:data-analyst-unilever-3cprwa2e,Data Modeling,Data Engineering
freehire:data-analyst-unilever-3cprwa2e,ETL,Data Engineering
freehire:data-analyst-unilever-3cprwa2e,Excel,Spreadsheet
freehire:data-analyst-unilever-3cprwa2e,Forecasting,Statistics / Analytics
freehire:data-analyst-unilever-3cprwa2e,GCP,Cloud
freehire:data-analyst-unilever-3cprwa2e,NumPy,Programming
freehire:data-analyst-unilever-3cprwa2e,Pandas,Programming
freehire:data-analyst-unilever-3cprwa2e,Power BI,BI / Visualization
freehire:data-analyst-unilever-3cprwa2e,Power Query,BI / Visualization
freehire:data-analyst-unilever-3cprwa2e,Python,Programming
freehire:data-analyst-unilever-3cprwa2e,Qlik,BI / Visualization
freehire:data-analyst-unilever-3cprwa2e,Regression,Statistics / Analytics
freehire:data-analyst-unilever-3cprwa2e,SQL,Database / Query
freehire:data-analyst-unilever-3cprwa2e,Statistics,Statistics / Analytics
freehire:data-analyst-unilever-3cprwa2e,Tableau,BI / Visualization
freehire:senior-data-analyst-onemagnify-dd35gkw2,BigQuery,Cloud / Warehouse
freehire:senior-data-analyst-onemagnify-dd35gkw2,DAX,BI / Visualization
freehire:senior-data-analyst-onemagnify-dd35gkw2,Forecasting,Statistics / Analytics
freehire:senior-data-analyst-onemagnify-dd35gkw2,Machine Learning,Machine Learning
freehire:senior-data-analyst-onemagnify-dd35gkw2,Power BI,BI / Visualization
freehire:senior-data-analyst-onemagnify-dd35gkw2,Power Query,BI / Visualization
freehire:senior-data-analyst-onemagnify-dd35gkw2,Python,Programming
freehire:senior-data-analyst-onemagnify-dd35gkw2,SQL,Database / Query
freehire:senior-data-analyst-onemagnify-dd35gkw2,Statistics,Statistics / Analytics
freehire:sr-business-analyst-indirect-ecolab-un4brzdd,Power BI,BI / Visualization
freehire:sr-business-analyst-indirect-ecolab-un4brzdd,Tableau,BI / Visualization
freehire:tax-business-analyst-associate-manager-baker-tilly-pm6wlh2s,Data Modeling,Data Engineering
freehire:senior-business-analyst-quantiphi-i3zrnumx,Excel,Spreadsheet
freehire:senior-business-analyst-quantiphi-i3zrnumx,Machine Learning,Machine Learning
freehire:lead-business-analyst-4d-genpact-k75z3chs,SAP,Enterprise Tool
freehire:senior-business-analyst-procurement-nextracker-grzzi4bu,DAX,BI / Visualization
freehire:senior-business-analyst-procurement-nextracker-grzzi4bu,Data Modeling,Data Engineering
freehire:senior-business-analyst-procurement-nextracker-grzzi4bu,Power BI,BI / Visualization
freehire:senior-business-analyst-procurement-nextracker-grzzi4bu,Power Query,BI / Visualization
freehire:digital-marketing-analyst-adani-group-vmkppnwx,A/B Testing,Statistics / Analytics
freehire:in-senior-associate-internal-audit-risk-analytics-grc-advisory-gurgaon-pwc-zxlz3zmm,Data Modeling,Data Engineering
freehire:in-senior-associate-internal-audit-risk-analytics-grc-advisory-gurgaon-pwc-zxlz3zmm,Python,Programming
freehire:sales-operations-analyst-fixed-term-contract-lseg-5sxjxsyb,Excel,Spreadsheet
freehire:isv-global-oracle-sales-and-pricing-business-analyst-emerson-electric-s2zhjnnc,Regression,Statistics / Analytics
freehire:isv-global-oracle-sales-and-pricing-business-analyst-emerson-electric-s2zhjnnc,SQL,Database / Query
freehire:isv-global-oracle-sales-and-pricing-business-analyst-emerson-72azat4l,Regression,Statistics / Analytics
freehire:isv-global-oracle-sales-and-pricing-business-analyst-emerson-72azat4l,SQL,Database / Query
freehire:senior-manager-collections-strategy-analyst-sbi-card-daeshkuf,Data Modeling,Data Engineering
freehire:senior-manager-collections-strategy-analyst-sbi-card-daeshkuf,Python,Programming
freehire:senior-manager-collections-strategy-analyst-sbi-card-daeshkuf,SAS,Statistics / Analytics
freehire:senior-manager-collections-strategy-analyst-sbi-card-daeshkuf,SQL,Database / Query
freehire:senior-manager-collections-strategy-analyst-sbi-card-daeshkuf,Tableau,BI / Visualization
freehire:sales-operations-analyst-accenture-jfglsti2,Excel,Spreadsheet
freehire:delivery-operations-analyst-accenture-ocsaiqwz,SAP,Enterprise Tool
freehire:procurement-operations-analyst-accenture-xwbhaaax,Excel,Spreadsheet
freehire:procurement-operations-analyst-accenture-xwbhaaax,SAP,Enterprise Tool
freehire:junior-digital-marketing-analyst-pattern-iarfv3mi,Looker,BI / Visualization
freehire:junior-digital-marketing-analyst-pattern-iarfv3mi,Tableau,BI / Visualization
freehire:strategy-operations-analyst-td-synnex-mkd5ymoo,Excel,Spreadsheet
